emotion,image_path
anger,all_test\anger\test_test_0017_aligned.jpg
anger,all_test\anger\test_test_0027_aligned.jpg
anger,all_test\anger\test_test_0037_aligned.jpg
anger,all_test\anger\test_test_0042_aligned.jpg
anger,all_test\anger\test_test_0057_aligned.jpg
anger,all_test\anger\test_test_0091_aligned.jpg
anger,all_test\anger\test_test_0136_aligned.jpg
anger,all_test\anger\test_test_0185_aligned.jpg
anger,all_test\anger\test_test_0186_aligned.jpg
anger,all_test\anger\test_test_0190_aligned.jpg
anger,all_test\anger\test_test_0201_aligned.jpg
anger,all_test\anger\test_test_0215_aligned.jpg
anger,all_test\anger\test_test_0216_aligned.jpg
anger,all_test\anger\test_test_0225_aligned.jpg
anger,all_test\anger\test_test_0228_aligned.jpg
anger,all_test\anger\test_test_0244_aligned.jpg
anger,all_test\anger\test_test_0286_aligned.jpg
anger,all_test\anger\test_test_0295_aligned.jpg
anger,all_test\anger\test_test_0296_aligned.jpg
anger,all_test\anger\test_test_0301_aligned.jpg
anger,all_test\anger\test_test_0321_aligned.jpg
anger,all_test\anger\test_test_0327_aligned.jpg
anger,all_test\anger\test_test_0347_aligned.jpg
anger,all_test\anger\test_test_0349_aligned.jpg
anger,all_test\anger\test_test_0358_aligned.jpg
anger,all_test\anger\test_test_0395_aligned.jpg
anger,all_test\anger\test_test_0424_aligned.jpg
anger,all_test\anger\test_test_0452_aligned.jpg
anger,all_test\anger\test_test_0551_aligned.jpg
anger,all_test\anger\test_test_0585_aligned.jpg
anger,all_test\anger\test_test_0603_aligned.jpg
anger,all_test\anger\test_test_0656_aligned.jpg
anger,all_test\anger\test_test_0678_aligned.jpg
anger,all_test\anger\test_test_0748_aligned.jpg
anger,all_test\anger\test_test_0779_aligned.jpg
anger,all_test\anger\test_test_0793_aligned.jpg
anger,all_test\anger\test_test_0820_aligned.jpg
anger,all_test\anger\test_test_0853_aligned.jpg
anger,all_test\anger\test_test_0870_aligned.jpg
anger,all_test\anger\test_test_0902_aligned.jpg
anger,all_test\anger\test_test_0909_aligned.jpg
anger,all_test\anger\test_test_0953_aligned.jpg
anger,all_test\anger\test_test_0983_aligned.jpg
anger,all_test\anger\test_test_0986_aligned.jpg
anger,all_test\anger\test_test_1007_aligned.jpg
anger,all_test\anger\test_test_1013_aligned.jpg
anger,all_test\anger\test_test_1040_aligned.jpg
anger,all_test\anger\test_test_1050_aligned.jpg
anger,all_test\anger\test_test_1058_aligned.jpg
anger,all_test\anger\test_test_1059_aligned.jpg
anger,all_test\anger\test_test_1061_aligned.jpg
anger,all_test\anger\test_test_1109_aligned.jpg
anger,all_test\anger\test_test_1115_aligned.jpg
anger,all_test\anger\test_test_1127_aligned.jpg
anger,all_test\anger\test_test_1132_aligned.jpg
anger,all_test\anger\test_test_1178_aligned.jpg
anger,all_test\anger\test_test_1190_aligned.jpg
anger,all_test\anger\test_test_1192_aligned.jpg
anger,all_test\anger\test_test_1200_aligned.jpg
anger,all_test\anger\test_test_1217_aligned.jpg
anger,all_test\anger\test_test_1234_aligned.jpg
anger,all_test\anger\test_test_1263_aligned.jpg
anger,all_test\anger\test_test_1281_aligned.jpg
anger,all_test\anger\test_test_1289_aligned.jpg
anger,all_test\anger\test_test_1294_aligned.jpg
anger,all_test\anger\test_test_1301_aligned.jpg
anger,all_test\anger\test_test_1305_aligned.jpg
anger,all_test\anger\test_test_1309_aligned.jpg
anger,all_test\anger\test_test_1314_aligned.jpg
anger,all_test\anger\test_test_1330_aligned.jpg
anger,all_test\anger\test_test_1336_aligned.jpg
anger,all_test\anger\test_test_1371_aligned.jpg
anger,all_test\anger\test_test_1373_aligned.jpg
anger,all_test\anger\test_test_1385_aligned.jpg
anger,all_test\anger\test_test_1391_aligned.jpg
anger,all_test\anger\test_test_1404_aligned.jpg
anger,all_test\anger\test_test_1413_aligned.jpg
anger,all_test\anger\test_test_1420_aligned.jpg
anger,all_test\anger\test_test_1427_aligned.jpg
anger,all_test\anger\test_test_1437_aligned.jpg
anger,all_test\anger\test_test_1445_aligned.jpg
anger,all_test\anger\test_test_1462_aligned.jpg
anger,all_test\anger\test_test_1471_aligned.jpg
anger,all_test\anger\test_test_1487_aligned.jpg
anger,all_test\anger\test_test_1496_aligned.jpg
anger,all_test\anger\test_test_1513_aligned.jpg
anger,all_test\anger\test_test_1534_aligned.jpg
anger,all_test\anger\test_test_1539_aligned.jpg
anger,all_test\anger\test_test_1553_aligned.jpg
anger,all_test\anger\test_test_1568_aligned.jpg
anger,all_test\anger\test_test_1572_aligned.jpg
anger,all_test\anger\test_test_1585_aligned.jpg
anger,all_test\anger\test_test_1601_aligned.jpg
anger,all_test\anger\test_test_1602_aligned.jpg
anger,all_test\anger\test_test_1620_aligned.jpg
anger,all_test\anger\test_test_1623_aligned.jpg
anger,all_test\anger\test_test_1625_aligned.jpg
anger,all_test\anger\test_test_1626_aligned.jpg
anger,all_test\anger\test_test_1643_aligned.jpg
anger,all_test\anger\test_test_1649_aligned.jpg
anger,all_test\anger\test_test_1650_aligned.jpg
anger,all_test\anger\test_test_1669_aligned.jpg
anger,all_test\anger\test_test_1681_aligned.jpg
anger,all_test\anger\test_test_1683_aligned.jpg
anger,all_test\anger\test_test_1684_aligned.jpg
anger,all_test\anger\test_test_1685_aligned.jpg
anger,all_test\anger\test_test_1689_aligned.jpg
anger,all_test\anger\test_test_1691_aligned.jpg
anger,all_test\anger\test_test_1739_aligned.jpg
anger,all_test\anger\test_test_1741_aligned.jpg
anger,all_test\anger\test_test_1746_aligned.jpg
anger,all_test\anger\test_test_1751_aligned.jpg
anger,all_test\anger\test_test_1756_aligned.jpg
anger,all_test\anger\test_test_1760_aligned.jpg
anger,all_test\anger\test_test_1768_aligned.jpg
anger,all_test\anger\test_test_1782_aligned.jpg
anger,all_test\anger\test_test_1783_aligned.jpg
anger,all_test\anger\test_test_1785_aligned.jpg
anger,all_test\anger\test_test_1791_aligned.jpg
anger,all_test\anger\test_test_1801_aligned.jpg
anger,all_test\anger\test_test_1803_aligned.jpg
anger,all_test\anger\test_test_1805_aligned.jpg
anger,all_test\anger\test_test_1815_aligned.jpg
anger,all_test\anger\test_test_1828_aligned.jpg
anger,all_test\anger\test_test_1830_aligned.jpg
anger,all_test\anger\test_test_1836_aligned.jpg
anger,all_test\anger\test_test_1838_aligned.jpg
anger,all_test\anger\test_test_1839_aligned.jpg
anger,all_test\anger\test_test_1858_aligned.jpg
anger,all_test\anger\test_test_1863_aligned.jpg
anger,all_test\anger\test_test_1867_aligned.jpg
anger,all_test\anger\test_test_1868_aligned.jpg
anger,all_test\anger\test_test_1879_aligned.jpg
anger,all_test\anger\test_test_1880_aligned.jpg
anger,all_test\anger\test_test_1886_aligned.jpg
anger,all_test\anger\test_test_1901_aligned.jpg
anger,all_test\anger\test_test_1911_aligned.jpg
anger,all_test\anger\test_test_1914_aligned.jpg
anger,all_test\anger\test_test_1939_aligned.jpg
anger,all_test\anger\test_test_1944_aligned.jpg
anger,all_test\anger\test_test_1946_aligned.jpg
anger,all_test\anger\test_test_1948_aligned.jpg
anger,all_test\anger\test_test_1957_aligned.jpg
anger,all_test\anger\test_test_1964_aligned.jpg
anger,all_test\anger\test_test_1976_aligned.jpg
anger,all_test\anger\test_test_1997_aligned.jpg
anger,all_test\anger\test_test_2000_aligned.jpg
anger,all_test\anger\test_test_2016_aligned.jpg
anger,all_test\anger\test_test_2024_aligned.jpg
anger,all_test\anger\test_test_2056_aligned.jpg
anger,all_test\anger\test_test_2057_aligned.jpg
anger,all_test\anger\test_test_2058_aligned.jpg
anger,all_test\anger\test_test_2062_aligned.jpg
anger,all_test\anger\test_test_2073_aligned.jpg
anger,all_test\anger\test_test_2075_aligned.jpg
anger,all_test\anger\test_test_2099_aligned.jpg
anger,all_test\anger\test_test_2101_aligned.jpg
anger,all_test\anger\test_test_2109_aligned.jpg
anger,all_test\anger\test_test_2170_aligned.jpg
anger,all_test\anger\test_test_2172_aligned.jpg
anger,all_test\anger\test_test_2174_aligned.jpg
anger,all_test\anger\test_test_2228_aligned.jpg
anger,all_test\anger\train_train_00023_aligned.jpg
anger,all_test\anger\train_train_00047_aligned.jpg
anger,all_test\anger\train_train_00049_aligned.jpg
anger,all_test\anger\train_train_00064_aligned.jpg
anger,all_test\anger\train_train_00070_aligned.jpg
anger,all_test\anger\train_train_00095_aligned.jpg
anger,all_test\anger\train_train_00105_aligned.jpg
anger,all_test\anger\train_train_00118_aligned.jpg
anger,all_test\anger\train_train_00131_aligned.jpg
anger,all_test\anger\train_train_00134_aligned.jpg
anger,all_test\anger\train_train_00140_aligned.jpg
anger,all_test\anger\train_train_00143_aligned.jpg
anger,all_test\anger\train_train_00145_aligned.jpg
anger,all_test\anger\train_train_00150_aligned.jpg
anger,all_test\anger\train_train_00157_aligned.jpg
anger,all_test\anger\train_train_00164_aligned.jpg
anger,all_test\anger\train_train_00206_aligned.jpg
anger,all_test\anger\train_train_00208_aligned.jpg
anger,all_test\anger\train_train_00237_aligned.jpg
anger,all_test\anger\train_train_00295_aligned.jpg
anger,all_test\anger\train_train_00321_aligned.jpg
anger,all_test\anger\train_train_00339_aligned.jpg
anger,all_test\anger\train_train_00340_aligned.jpg
anger,all_test\anger\train_train_00361_aligned.jpg
anger,all_test\anger\train_train_00362_aligned.jpg
anger,all_test\anger\train_train_00376_aligned.jpg
anger,all_test\anger\train_train_00384_aligned.jpg
anger,all_test\anger\train_train_00418_aligned.jpg
anger,all_test\anger\train_train_00419_aligned.jpg
anger,all_test\anger\train_train_00421_aligned.jpg
anger,all_test\anger\train_train_00422_aligned.jpg
anger,all_test\anger\train_train_00427_aligned.jpg
anger,all_test\anger\train_train_00428_aligned.jpg
anger,all_test\anger\train_train_00437_aligned.jpg
anger,all_test\anger\train_train_00458_aligned.jpg
anger,all_test\anger\train_train_00461_aligned.jpg
anger,all_test\anger\train_train_00471_aligned.jpg
anger,all_test\anger\train_train_00475_aligned.jpg
anger,all_test\anger\train_train_00492_aligned.jpg
anger,all_test\anger\train_train_00501_aligned.jpg
anger,all_test\anger\train_train_00510_aligned.jpg
anger,all_test\anger\train_train_00564_aligned.jpg
anger,all_test\anger\train_train_00578_aligned.jpg
anger,all_test\anger\train_train_00579_aligned.jpg
anger,all_test\anger\train_train_00591_aligned.jpg
anger,all_test\anger\train_train_00596_aligned.jpg
anger,all_test\anger\train_train_00629_aligned.jpg
anger,all_test\anger\train_train_00641_aligned.jpg
anger,all_test\anger\train_train_00642_aligned.jpg
anger,all_test\anger\train_train_00644_aligned.jpg
anger,all_test\anger\train_train_00645_aligned.jpg
anger,all_test\anger\train_train_00646_aligned.jpg
anger,all_test\anger\train_train_00647_aligned.jpg
anger,all_test\anger\train_train_00662_aligned.jpg
anger,all_test\anger\train_train_00665_aligned.jpg
anger,all_test\anger\train_train_00676_aligned.jpg
anger,all_test\anger\train_train_00677_aligned.jpg
anger,all_test\anger\train_train_00678_aligned.jpg
anger,all_test\anger\train_train_00681_aligned.jpg
anger,all_test\anger\train_train_00693_aligned.jpg
anger,all_test\anger\train_train_00714_aligned.jpg
anger,all_test\anger\train_train_00736_aligned.jpg
anger,all_test\anger\train_train_00746_aligned.jpg
anger,all_test\anger\train_train_00749_aligned.jpg
anger,all_test\anger\train_train_00763_aligned.jpg
anger,all_test\anger\train_train_00766_aligned.jpg
anger,all_test\anger\train_train_00768_aligned.jpg
anger,all_test\anger\train_train_00772_aligned.jpg
anger,all_test\anger\train_train_00776_aligned.jpg
anger,all_test\anger\train_train_00790_aligned.jpg
anger,all_test\anger\train_train_00820_aligned.jpg
anger,all_test\anger\train_train_00827_aligned.jpg
anger,all_test\anger\train_train_00836_aligned.jpg
anger,all_test\anger\train_train_00846_aligned.jpg
anger,all_test\anger\train_train_00860_aligned.jpg
anger,all_test\anger\train_train_00863_aligned.jpg
anger,all_test\anger\train_train_00866_aligned.jpg
anger,all_test\anger\train_train_00885_aligned.jpg
anger,all_test\anger\train_train_00886_aligned.jpg
anger,all_test\anger\train_train_00900_aligned.jpg
anger,all_test\anger\train_train_00909_aligned.jpg
anger,all_test\anger\train_train_00915_aligned.jpg
anger,all_test\anger\train_train_00929_aligned.jpg
anger,all_test\anger\train_train_00952_aligned.jpg
anger,all_test\anger\train_train_00960_aligned.jpg
anger,all_test\anger\train_train_00962_aligned.jpg
anger,all_test\anger\train_train_00963_aligned.jpg
anger,all_test\anger\train_train_01001_aligned.jpg
anger,all_test\anger\train_train_01012_aligned.jpg
anger,all_test\anger\train_train_01030_aligned.jpg
anger,all_test\anger\train_train_01031_aligned.jpg
anger,all_test\anger\train_train_01040_aligned.jpg
anger,all_test\anger\train_train_01042_aligned.jpg
anger,all_test\anger\train_train_01045_aligned.jpg
anger,all_test\anger\train_train_01051_aligned.jpg
anger,all_test\anger\train_train_01052_aligned.jpg
anger,all_test\anger\train_train_01054_aligned.jpg
anger,all_test\anger\train_train_01059_aligned.jpg
anger,all_test\anger\train_train_01064_aligned.jpg
anger,all_test\anger\train_train_01067_aligned.jpg
anger,all_test\anger\train_train_01068_aligned.jpg
anger,all_test\anger\train_train_01089_aligned.jpg
anger,all_test\anger\train_train_01096_aligned.jpg
anger,all_test\anger\train_train_01104_aligned.jpg
anger,all_test\anger\train_train_01108_aligned.jpg
anger,all_test\anger\train_train_01128_aligned.jpg
anger,all_test\anger\train_train_01132_aligned.jpg
anger,all_test\anger\train_train_01139_aligned.jpg
anger,all_test\anger\train_train_01164_aligned.jpg
anger,all_test\anger\train_train_01168_aligned.jpg
anger,all_test\anger\train_train_01170_aligned.jpg
anger,all_test\anger\train_train_01172_aligned.jpg
anger,all_test\anger\train_train_01177_aligned.jpg
anger,all_test\anger\train_train_01182_aligned.jpg
anger,all_test\anger\train_train_01191_aligned.jpg
anger,all_test\anger\train_train_01203_aligned.jpg
anger,all_test\anger\train_train_01211_aligned.jpg
anger,all_test\anger\train_train_01214_aligned.jpg
anger,all_test\anger\train_train_01230_aligned.jpg
anger,all_test\anger\train_train_01235_aligned.jpg
anger,all_test\anger\train_train_01241_aligned.jpg
anger,all_test\anger\train_train_01242_aligned.jpg
anger,all_test\anger\train_train_01243_aligned.jpg
anger,all_test\anger\train_train_01247_aligned.jpg
anger,all_test\anger\train_train_01255_aligned.jpg
anger,all_test\anger\train_train_01267_aligned.jpg
anger,all_test\anger\train_train_01269_aligned.jpg
anger,all_test\anger\train_train_01270_aligned.jpg
anger,all_test\anger\train_train_01272_aligned.jpg
anger,all_test\anger\train_train_01282_aligned.jpg
anger,all_test\anger\train_train_01284_aligned.jpg
anger,all_test\anger\train_train_01286_aligned.jpg
anger,all_test\anger\train_train_01292_aligned.jpg
anger,all_test\anger\train_train_01298_aligned.jpg
anger,all_test\anger\train_train_01300_aligned.jpg
anger,all_test\anger\train_train_01308_aligned.jpg
anger,all_test\anger\train_train_01312_aligned.jpg
anger,all_test\anger\train_train_01314_aligned.jpg
anger,all_test\anger\train_train_01317_aligned.jpg
anger,all_test\anger\train_train_01318_aligned.jpg
anger,all_test\anger\train_train_01325_aligned.jpg
anger,all_test\anger\train_train_01346_aligned.jpg
anger,all_test\anger\train_train_01352_aligned.jpg
anger,all_test\anger\train_train_01361_aligned.jpg
anger,all_test\anger\train_train_01365_aligned.jpg
anger,all_test\anger\train_train_01371_aligned.jpg
anger,all_test\anger\train_train_01384_aligned.jpg
anger,all_test\anger\train_train_01397_aligned.jpg
anger,all_test\anger\train_train_01415_aligned.jpg
anger,all_test\anger\train_train_01454_aligned.jpg
anger,all_test\anger\train_train_01455_aligned.jpg
anger,all_test\anger\train_train_01474_aligned.jpg
anger,all_test\anger\train_train_01477_aligned.jpg
anger,all_test\anger\train_train_01505_aligned.jpg
anger,all_test\anger\train_train_01553_aligned.jpg
anger,all_test\anger\train_train_01580_aligned.jpg
anger,all_test\anger\train_train_01697_aligned.jpg
anger,all_test\anger\train_train_01760_aligned.jpg
anger,all_test\anger\train_train_01833_aligned.jpg
anger,all_test\anger\train_train_01946_aligned.jpg
anger,all_test\anger\train_train_01969_aligned.jpg
anger,all_test\anger\train_train_02043_aligned.jpg
anger,all_test\anger\train_train_02079_aligned.jpg
anger,all_test\anger\train_train_02096_aligned.jpg
anger,all_test\anger\train_train_02134_aligned.jpg
anger,all_test\anger\train_train_02228_aligned.jpg
anger,all_test\anger\train_train_02266_aligned.jpg
anger,all_test\anger\train_train_02272_aligned.jpg
anger,all_test\anger\train_train_02279_aligned.jpg
anger,all_test\anger\train_train_02377_aligned.jpg
anger,all_test\anger\train_train_02397_aligned.jpg
anger,all_test\anger\train_train_02439_aligned.jpg
anger,all_test\anger\train_train_02445_aligned.jpg
anger,all_test\anger\train_train_02458_aligned.jpg
anger,all_test\anger\train_train_02459_aligned.jpg
anger,all_test\anger\train_train_02580_aligned.jpg
anger,all_test\anger\train_train_02592_aligned.jpg
anger,all_test\anger\train_train_02597_aligned.jpg
anger,all_test\anger\train_train_02621_aligned.jpg
anger,all_test\anger\train_train_02623_aligned.jpg
anger,all_test\anger\train_train_02681_aligned.jpg
anger,all_test\anger\train_train_02693_aligned.jpg
anger,all_test\anger\train_train_02724_aligned.jpg
anger,all_test\anger\train_train_02755_aligned.jpg
anger,all_test\anger\train_train_02758_aligned.jpg
anger,all_test\anger\train_train_02764_aligned.jpg
anger,all_test\anger\train_train_02803_aligned.jpg
anger,all_test\anger\train_train_02804_aligned.jpg
anger,all_test\anger\train_train_02849_aligned.jpg
anger,all_test\anger\train_train_02854_aligned.jpg
anger,all_test\anger\train_train_02911_aligned.jpg
anger,all_test\anger\train_train_02951_aligned.jpg
anger,all_test\anger\train_train_03038_aligned.jpg
anger,all_test\anger\train_train_03045_aligned.jpg
anger,all_test\anger\train_train_03152_aligned.jpg
anger,all_test\anger\train_train_03246_aligned.jpg
anger,all_test\anger\train_train_03298_aligned.jpg
anger,all_test\anger\train_train_03301_aligned.jpg
anger,all_test\anger\train_train_03411_aligned.jpg
anger,all_test\anger\train_train_03421_aligned.jpg
anger,all_test\anger\train_train_03439_aligned.jpg
anger,all_test\anger\train_train_03469_aligned.jpg
anger,all_test\anger\train_train_03484_aligned.jpg
anger,all_test\anger\train_train_03496_aligned.jpg
anger,all_test\anger\train_train_03519_aligned.jpg
anger,all_test\anger\train_train_03551_aligned.jpg
anger,all_test\anger\train_train_03607_aligned.jpg
anger,all_test\anger\train_train_03608_aligned.jpg
anger,all_test\anger\train_train_03618_aligned.jpg
anger,all_test\anger\train_train_03619_aligned.jpg
anger,all_test\anger\train_train_03621_aligned.jpg
anger,all_test\anger\train_train_03630_aligned.jpg
anger,all_test\anger\train_train_03633_aligned.jpg
anger,all_test\anger\train_train_03660_aligned.jpg
anger,all_test\anger\train_train_03697_aligned.jpg
anger,all_test\anger\train_train_03705_aligned.jpg
anger,all_test\anger\train_train_03722_aligned.jpg
anger,all_test\anger\train_train_03724_aligned.jpg
anger,all_test\anger\train_train_03737_aligned.jpg
anger,all_test\anger\train_train_03762_aligned.jpg
anger,all_test\anger\train_train_03764_aligned.jpg
anger,all_test\anger\train_train_03771_aligned.jpg
anger,all_test\anger\train_train_03775_aligned.jpg
anger,all_test\anger\train_train_03783_aligned.jpg
anger,all_test\anger\train_train_03787_aligned.jpg
anger,all_test\anger\train_train_03791_aligned.jpg
anger,all_test\anger\train_train_03834_aligned.jpg
anger,all_test\anger\train_train_03850_aligned.jpg
anger,all_test\anger\train_train_03859_aligned.jpg
anger,all_test\anger\train_train_03865_aligned.jpg
anger,all_test\anger\train_train_03874_aligned.jpg
anger,all_test\anger\train_train_03878_aligned.jpg
anger,all_test\anger\train_train_03885_aligned.jpg
anger,all_test\anger\train_train_03900_aligned.jpg
anger,all_test\anger\train_train_03901_aligned.jpg
anger,all_test\anger\train_train_03910_aligned.jpg
anger,all_test\anger\train_train_03941_aligned.jpg
anger,all_test\anger\train_train_03964_aligned.jpg
anger,all_test\anger\train_train_03972_aligned.jpg
anger,all_test\anger\train_train_03985_aligned.jpg
anger,all_test\anger\train_train_04015_aligned.jpg
anger,all_test\anger\train_train_04020_aligned.jpg
anger,all_test\anger\train_train_04021_aligned.jpg
anger,all_test\anger\train_train_04022_aligned.jpg
anger,all_test\anger\train_train_04027_aligned.jpg
anger,all_test\anger\train_train_04031_aligned.jpg
anger,all_test\anger\train_train_04036_aligned.jpg
anger,all_test\anger\train_train_04079_aligned.jpg
anger,all_test\anger\train_train_04081_aligned.jpg
anger,all_test\anger\train_train_04086_aligned.jpg
anger,all_test\anger\train_train_04100_aligned.jpg
anger,all_test\anger\train_train_04110_aligned.jpg
anger,all_test\anger\train_train_04113_aligned.jpg
anger,all_test\anger\train_train_04130_aligned.jpg
anger,all_test\anger\train_train_04132_aligned.jpg
anger,all_test\anger\train_train_04149_aligned.jpg
anger,all_test\anger\train_train_04150_aligned.jpg
anger,all_test\anger\train_train_04159_aligned.jpg
anger,all_test\anger\train_train_04191_aligned.jpg
anger,all_test\anger\train_train_04192_aligned.jpg
anger,all_test\anger\train_train_04216_aligned.jpg
anger,all_test\anger\train_train_04226_aligned.jpg
anger,all_test\anger\train_train_04232_aligned.jpg
anger,all_test\anger\train_train_04233_aligned.jpg
anger,all_test\anger\train_train_04234_aligned.jpg
anger,all_test\anger\train_train_04271_aligned.jpg
anger,all_test\anger\train_train_04286_aligned.jpg
anger,all_test\anger\train_train_04290_aligned.jpg
anger,all_test\anger\train_train_04306_aligned.jpg
anger,all_test\anger\train_train_04308_aligned.jpg
anger,all_test\anger\train_train_04310_aligned.jpg
anger,all_test\anger\train_train_04317_aligned.jpg
anger,all_test\anger\train_train_04334_aligned.jpg
anger,all_test\anger\train_train_04341_aligned.jpg
anger,all_test\anger\train_train_04348_aligned.jpg
anger,all_test\anger\train_train_04354_aligned.jpg
anger,all_test\anger\train_train_04386_aligned.jpg
anger,all_test\anger\train_train_04389_aligned.jpg
anger,all_test\anger\train_train_04390_aligned.jpg
anger,all_test\anger\train_train_04402_aligned.jpg
anger,all_test\anger\train_train_04431_aligned.jpg
anger,all_test\anger\train_train_04432_aligned.jpg
anger,all_test\anger\train_train_04433_aligned.jpg
anger,all_test\anger\train_train_04440_aligned.jpg
anger,all_test\anger\train_train_04441_aligned.jpg
anger,all_test\anger\train_train_04442_aligned.jpg
anger,all_test\anger\train_train_04445_aligned.jpg
anger,all_test\anger\train_train_04451_aligned.jpg
anger,all_test\anger\train_train_04460_aligned.jpg
anger,all_test\anger\train_train_04490_aligned.jpg
anger,all_test\anger\train_train_04496_aligned.jpg
anger,all_test\anger\train_train_04497_aligned.jpg
anger,all_test\anger\train_train_04501_aligned.jpg
anger,all_test\anger\train_train_04502_aligned.jpg
anger,all_test\anger\train_train_04504_aligned.jpg
anger,all_test\anger\train_train_04529_aligned.jpg
anger,all_test\anger\train_train_04540_aligned.jpg
anger,all_test\anger\train_train_04544_aligned.jpg
anger,all_test\anger\train_train_04545_aligned.jpg
anger,all_test\anger\train_train_04546_aligned.jpg
anger,all_test\anger\train_train_04558_aligned.jpg
anger,all_test\anger\train_train_04577_aligned.jpg
anger,all_test\anger\train_train_04579_aligned.jpg
anger,all_test\anger\train_train_04590_aligned.jpg
anger,all_test\anger\train_train_04598_aligned.jpg
anger,all_test\anger\train_train_04608_aligned.jpg
anger,all_test\anger\train_train_04617_aligned.jpg
anger,all_test\anger\train_train_04629_aligned.jpg
anger,all_test\anger\train_train_04640_aligned.jpg
anger,all_test\anger\train_train_04653_aligned.jpg
anger,all_test\anger\train_train_04654_aligned.jpg
anger,all_test\anger\train_train_04655_aligned.jpg
anger,all_test\anger\train_train_04656_aligned.jpg
anger,all_test\anger\train_train_04658_aligned.jpg
anger,all_test\anger\train_train_04693_aligned.jpg
anger,all_test\anger\train_train_04718_aligned.jpg
anger,all_test\anger\train_train_04721_aligned.jpg
anger,all_test\anger\train_train_04753_aligned.jpg
anger,all_test\anger\train_train_04780_aligned.jpg
anger,all_test\anger\train_train_04781_aligned.jpg
anger,all_test\anger\train_train_04790_aligned.jpg
anger,all_test\anger\train_train_04791_aligned.jpg
anger,all_test\anger\train_train_04810_aligned.jpg
anger,all_test\anger\train_train_04844_aligned.jpg
anger,all_test\anger\train_train_04854_aligned.jpg
anger,all_test\anger\train_train_04859_aligned.jpg
anger,all_test\anger\train_train_04910_aligned.jpg
anger,all_test\anger\train_train_04911_aligned.jpg
anger,all_test\anger\train_train_04916_aligned.jpg
anger,all_test\anger\train_train_04921_aligned.jpg
anger,all_test\anger\train_train_04923_aligned.jpg
anger,all_test\anger\train_train_04926_aligned.jpg
anger,all_test\anger\train_train_04932_aligned.jpg
anger,all_test\anger\train_train_04973_aligned.jpg
anger,all_test\anger\train_train_04974_aligned.jpg
anger,all_test\anger\train_train_04991_aligned.jpg
anger,all_test\anger\train_train_04993_aligned.jpg
anger,all_test\anger\train_train_05000_aligned.jpg
anger,all_test\anger\train_train_05006_aligned.jpg
anger,all_test\anger\train_train_05016_aligned.jpg
anger,all_test\anger\train_train_05018_aligned.jpg
anger,all_test\anger\train_train_05048_aligned.jpg
anger,all_test\anger\train_train_05098_aligned.jpg
anger,all_test\anger\train_train_05099_aligned.jpg
anger,all_test\anger\train_train_05151_aligned.jpg
anger,all_test\anger\train_train_05159_aligned.jpg
anger,all_test\anger\train_train_05162_aligned.jpg
anger,all_test\anger\train_train_05175_aligned.jpg
anger,all_test\anger\train_train_05176_aligned.jpg
anger,all_test\anger\train_train_05206_aligned.jpg
anger,all_test\anger\train_train_05238_aligned.jpg
anger,all_test\anger\train_train_05246_aligned.jpg
anger,all_test\anger\train_train_05247_aligned.jpg
anger,all_test\anger\train_train_05248_aligned.jpg
anger,all_test\anger\train_train_05260_aligned.jpg
anger,all_test\anger\train_train_05262_aligned.jpg
anger,all_test\anger\train_train_05298_aligned.jpg
anger,all_test\anger\train_train_05304_aligned.jpg
anger,all_test\anger\train_train_05306_aligned.jpg
anger,all_test\anger\train_train_05307_aligned.jpg
anger,all_test\anger\train_train_05314_aligned.jpg
anger,all_test\anger\train_train_05318_aligned.jpg
anger,all_test\anger\train_train_05336_aligned.jpg
anger,all_test\anger\train_train_05359_aligned.jpg
anger,all_test\anger\train_train_05362_aligned.jpg
anger,all_test\anger\train_train_05384_aligned.jpg
anger,all_test\anger\train_train_05388_aligned.jpg
anger,all_test\anger\train_train_05407_aligned.jpg
anger,all_test\anger\train_train_05418_aligned.jpg
anger,all_test\anger\train_train_05433_aligned.jpg
anger,all_test\anger\train_train_05455_aligned.jpg
anger,all_test\anger\train_train_05467_aligned.jpg
anger,all_test\anger\train_train_05493_aligned.jpg
anger,all_test\anger\train_train_05509_aligned.jpg
anger,all_test\anger\train_train_05528_aligned.jpg
anger,all_test\anger\train_train_05532_aligned.jpg
anger,all_test\anger\train_train_05572_aligned.jpg
anger,all_test\anger\train_train_05581_aligned.jpg
anger,all_test\anger\train_train_05602_aligned.jpg
anger,all_test\anger\train_train_05626_aligned.jpg
anger,all_test\anger\train_train_05658_aligned.jpg
anger,all_test\anger\train_train_05664_aligned.jpg
anger,all_test\anger\train_train_05698_aligned.jpg
anger,all_test\anger\train_train_05732_aligned.jpg
anger,all_test\anger\train_train_05744_aligned.jpg
anger,all_test\anger\train_train_05758_aligned.jpg
anger,all_test\anger\train_train_05777_aligned.jpg
anger,all_test\anger\train_train_05783_aligned.jpg
anger,all_test\anger\train_train_05793_aligned.jpg
anger,all_test\anger\train_train_05798_aligned.jpg
anger,all_test\anger\train_train_05808_aligned.jpg
anger,all_test\anger\train_train_05814_aligned.jpg
anger,all_test\anger\train_train_05834_aligned.jpg
anger,all_test\anger\train_train_05860_aligned.jpg
anger,all_test\anger\train_train_05863_aligned.jpg
anger,all_test\anger\train_train_05887_aligned.jpg
anger,all_test\anger\train_train_05918_aligned.jpg
anger,all_test\anger\train_train_05947_aligned.jpg
anger,all_test\anger\train_train_05949_aligned.jpg
anger,all_test\anger\train_train_05962_aligned.jpg
anger,all_test\anger\train_train_05973_aligned.jpg
anger,all_test\anger\train_train_05974_aligned.jpg
anger,all_test\anger\train_train_05993_aligned.jpg
anger,all_test\anger\train_train_06009_aligned.jpg
anger,all_test\anger\train_train_06020_aligned.jpg
anger,all_test\anger\train_train_06031_aligned.jpg
anger,all_test\anger\train_train_06058_aligned.jpg
anger,all_test\anger\train_train_06061_aligned.jpg
anger,all_test\anger\train_train_06063_aligned.jpg
anger,all_test\anger\train_train_06069_aligned.jpg
anger,all_test\anger\train_train_06079_aligned.jpg
anger,all_test\anger\train_train_06130_aligned.jpg
anger,all_test\anger\train_train_06165_aligned.jpg
anger,all_test\anger\train_train_06178_aligned.jpg
anger,all_test\anger\train_train_06179_aligned.jpg
anger,all_test\anger\train_train_06183_aligned.jpg
anger,all_test\anger\train_train_06191_aligned.jpg
anger,all_test\anger\train_train_06196_aligned.jpg
anger,all_test\anger\train_train_06280_aligned.jpg
anger,all_test\anger\train_train_06286_aligned.jpg
anger,all_test\anger\train_train_06291_aligned.jpg
anger,all_test\anger\train_train_06307_aligned.jpg
anger,all_test\anger\train_train_06317_aligned.jpg
anger,all_test\anger\train_train_06321_aligned.jpg
anger,all_test\anger\train_train_06336_aligned.jpg
anger,all_test\anger\train_train_06341_aligned.jpg
anger,all_test\anger\train_train_06366_aligned.jpg
anger,all_test\anger\train_train_06368_aligned.jpg
anger,all_test\anger\train_train_06379_aligned.jpg
anger,all_test\anger\train_train_06387_aligned.jpg
anger,all_test\anger\train_train_06400_aligned.jpg
anger,all_test\anger\train_train_06401_aligned.jpg
anger,all_test\anger\train_train_06402_aligned.jpg
anger,all_test\anger\train_train_06404_aligned.jpg
anger,all_test\anger\train_train_06405_aligned.jpg
anger,all_test\anger\train_train_06406_aligned.jpg
anger,all_test\anger\train_train_06407_aligned.jpg
anger,all_test\anger\train_train_06408_aligned.jpg
anger,all_test\anger\train_train_06409_aligned.jpg
anger,all_test\anger\train_train_06410_aligned.jpg
anger,all_test\anger\train_train_06412_aligned.jpg
anger,all_test\anger\train_train_06413_aligned.jpg
anger,all_test\anger\train_train_06414_aligned.jpg
anger,all_test\anger\train_train_06426_aligned.jpg
anger,all_test\anger\train_train_06436_aligned.jpg
anger,all_test\anger\train_train_06437_aligned.jpg
anger,all_test\anger\train_train_06445_aligned.jpg
anger,all_test\anger\train_train_06460_aligned.jpg
anger,all_test\anger\train_train_06513_aligned.jpg
anger,all_test\anger\train_train_06517_aligned.jpg
anger,all_test\anger\train_train_06520_aligned.jpg
anger,all_test\anger\train_train_06522_aligned.jpg
anger,all_test\anger\train_train_06523_aligned.jpg
anger,all_test\anger\train_train_06534_aligned.jpg
anger,all_test\anger\train_train_06592_aligned.jpg
anger,all_test\anger\train_train_06598_aligned.jpg
anger,all_test\anger\train_train_06606_aligned.jpg
anger,all_test\anger\train_train_06611_aligned.jpg
anger,all_test\anger\train_train_06615_aligned.jpg
anger,all_test\anger\train_train_06631_aligned.jpg
anger,all_test\anger\train_train_06644_aligned.jpg
anger,all_test\anger\train_train_06645_aligned.jpg
anger,all_test\anger\train_train_06680_aligned.jpg
anger,all_test\anger\train_train_06701_aligned.jpg
anger,all_test\anger\train_train_06717_aligned.jpg
anger,all_test\anger\train_train_06727_aligned.jpg
anger,all_test\anger\train_train_06728_aligned.jpg
anger,all_test\anger\train_train_06731_aligned.jpg
anger,all_test\anger\train_train_06735_aligned.jpg
anger,all_test\anger\train_train_06754_aligned.jpg
anger,all_test\anger\train_train_06755_aligned.jpg
anger,all_test\anger\train_train_06759_aligned.jpg
anger,all_test\anger\train_train_06776_aligned.jpg
anger,all_test\anger\train_train_06777_aligned.jpg
anger,all_test\anger\train_train_06782_aligned.jpg
anger,all_test\anger\train_train_06791_aligned.jpg
anger,all_test\anger\train_train_06793_aligned.jpg
anger,all_test\anger\train_train_06794_aligned.jpg
anger,all_test\anger\train_train_06795_aligned.jpg
anger,all_test\anger\train_train_06798_aligned.jpg
anger,all_test\anger\train_train_06809_aligned.jpg
anger,all_test\anger\train_train_06830_aligned.jpg
anger,all_test\anger\train_train_06835_aligned.jpg
anger,all_test\anger\train_train_06836_aligned.jpg
anger,all_test\anger\train_train_06838_aligned.jpg
anger,all_test\anger\train_train_06868_aligned.jpg
anger,all_test\anger\train_train_06873_aligned.jpg
anger,all_test\anger\train_train_06908_aligned.jpg
anger,all_test\anger\train_train_06909_aligned.jpg
anger,all_test\anger\train_train_06910_aligned.jpg
anger,all_test\anger\train_train_06919_aligned.jpg
anger,all_test\anger\train_train_06920_aligned.jpg
anger,all_test\anger\train_train_06921_aligned.jpg
anger,all_test\anger\train_train_06924_aligned.jpg
anger,all_test\anger\train_train_06930_aligned.jpg
anger,all_test\anger\train_train_06937_aligned.jpg
anger,all_test\anger\train_train_06939_aligned.jpg
anger,all_test\anger\train_train_06941_aligned.jpg
anger,all_test\anger\train_train_06958_aligned.jpg
anger,all_test\anger\train_train_06967_aligned.jpg
anger,all_test\anger\train_train_06972_aligned.jpg
anger,all_test\anger\train_train_06974_aligned.jpg
anger,all_test\anger\train_train_06984_aligned.jpg
anger,all_test\anger\train_train_07002_aligned.jpg
anger,all_test\anger\train_train_07003_aligned.jpg
anger,all_test\anger\train_train_07034_aligned.jpg
anger,all_test\anger\train_train_07039_aligned.jpg
anger,all_test\anger\train_train_07041_aligned.jpg
anger,all_test\anger\train_train_07058_aligned.jpg
anger,all_test\anger\train_train_07074_aligned.jpg
anger,all_test\anger\train_train_07076_aligned.jpg
anger,all_test\anger\train_train_07088_aligned.jpg
anger,all_test\anger\train_train_07114_aligned.jpg
anger,all_test\anger\train_train_07118_aligned.jpg
anger,all_test\anger\train_train_07137_aligned.jpg
anger,all_test\anger\train_train_07142_aligned.jpg
anger,all_test\anger\train_train_07145_aligned.jpg
anger,all_test\anger\train_train_07165_aligned.jpg
anger,all_test\anger\train_train_07178_aligned.jpg
anger,all_test\anger\train_train_07181_aligned.jpg
anger,all_test\anger\train_train_07195_aligned.jpg
anger,all_test\anger\train_train_07199_aligned.jpg
anger,all_test\anger\train_train_07208_aligned.jpg
anger,all_test\anger\train_train_07219_aligned.jpg
anger,all_test\anger\train_train_07224_aligned.jpg
anger,all_test\anger\train_train_07236_aligned.jpg
anger,all_test\anger\train_train_07249_aligned.jpg
anger,all_test\anger\train_train_07250_aligned.jpg
anger,all_test\anger\train_train_07252_aligned.jpg
anger,all_test\anger\train_train_07265_aligned.jpg
anger,all_test\anger\train_train_07266_aligned.jpg
anger,all_test\anger\train_train_07274_aligned.jpg
anger,all_test\anger\train_train_07277_aligned.jpg
anger,all_test\anger\train_train_07285_aligned.jpg
anger,all_test\anger\train_train_07286_aligned.jpg
anger,all_test\anger\train_train_07291_aligned.jpg
anger,all_test\anger\train_train_07292_aligned.jpg
anger,all_test\anger\train_train_07293_aligned.jpg
anger,all_test\anger\train_train_07294_aligned.jpg
anger,all_test\anger\train_train_07295_aligned.jpg
anger,all_test\anger\train_train_07296_aligned.jpg
anger,all_test\anger\train_train_07297_aligned.jpg
anger,all_test\anger\train_train_07298_aligned.jpg
anger,all_test\anger\train_train_07299_aligned.jpg
anger,all_test\anger\train_train_07309_aligned.jpg
anger,all_test\anger\train_train_07310_aligned.jpg
anger,all_test\anger\train_train_07317_aligned.jpg
anger,all_test\anger\train_train_07332_aligned.jpg
anger,all_test\anger\train_train_07333_aligned.jpg
anger,all_test\anger\train_train_07339_aligned.jpg
anger,all_test\anger\train_train_07340_aligned.jpg
anger,all_test\anger\train_train_07341_aligned.jpg
anger,all_test\anger\train_train_07350_aligned.jpg
anger,all_test\anger\train_train_07357_aligned.jpg
anger,all_test\anger\train_train_07361_aligned.jpg
anger,all_test\anger\train_train_07363_aligned.jpg
anger,all_test\anger\train_train_07364_aligned.jpg
anger,all_test\anger\train_train_07379_aligned.jpg
anger,all_test\anger\train_train_07389_aligned.jpg
anger,all_test\anger\train_train_07401_aligned.jpg
anger,all_test\anger\train_train_07404_aligned.jpg
anger,all_test\anger\train_train_07417_aligned.jpg
anger,all_test\anger\train_train_07421_aligned.jpg
anger,all_test\anger\train_train_07438_aligned.jpg
anger,all_test\anger\train_train_07439_aligned.jpg
anger,all_test\anger\train_train_07473_aligned.jpg
anger,all_test\anger\train_train_07475_aligned.jpg
anger,all_test\anger\train_train_07477_aligned.jpg
anger,all_test\anger\train_train_07495_aligned.jpg
anger,all_test\anger\train_train_07506_aligned.jpg
anger,all_test\anger\train_train_07507_aligned.jpg
anger,all_test\anger\train_train_07514_aligned.jpg
anger,all_test\anger\train_train_07523_aligned.jpg
anger,all_test\anger\train_train_07526_aligned.jpg
anger,all_test\anger\train_train_07554_aligned.jpg
anger,all_test\anger\train_train_07555_aligned.jpg
anger,all_test\anger\train_train_07558_aligned.jpg
anger,all_test\anger\train_train_07571_aligned.jpg
anger,all_test\anger\train_train_07576_aligned.jpg
anger,all_test\anger\train_train_07583_aligned.jpg
anger,all_test\anger\train_train_07590_aligned.jpg
anger,all_test\anger\train_train_07620_aligned.jpg
anger,all_test\anger\train_train_07621_aligned.jpg
anger,all_test\anger\train_train_07627_aligned.jpg
anger,all_test\anger\train_train_07631_aligned.jpg
anger,all_test\anger\train_train_07632_aligned.jpg
anger,all_test\anger\train_train_07633_aligned.jpg
anger,all_test\anger\train_train_07654_aligned.jpg
anger,all_test\anger\train_train_07667_aligned.jpg
anger,all_test\anger\train_train_07669_aligned.jpg
anger,all_test\anger\train_train_07673_aligned.jpg
anger,all_test\anger\train_train_07694_aligned.jpg
anger,all_test\anger\train_train_07713_aligned.jpg
anger,all_test\anger\train_train_07744_aligned.jpg
anger,all_test\anger\train_train_07746_aligned.jpg
anger,all_test\anger\train_train_07765_aligned.jpg
anger,all_test\anger\train_train_07769_aligned.jpg
anger,all_test\anger\train_train_07770_aligned.jpg
anger,all_test\anger\train_train_07777_aligned.jpg
anger,all_test\anger\train_train_07787_aligned.jpg
anger,all_test\anger\train_train_07793_aligned.jpg
anger,all_test\anger\train_train_07813_aligned.jpg
anger,all_test\anger\train_train_07835_aligned.jpg
anger,all_test\anger\train_train_07839_aligned.jpg
anger,all_test\anger\train_train_07842_aligned.jpg
anger,all_test\anger\train_train_07853_aligned.jpg
anger,all_test\anger\train_train_07935_aligned.jpg
anger,all_test\anger\train_train_07936_aligned.jpg
anger,all_test\anger\train_train_07958_aligned.jpg
anger,all_test\anger\train_train_07974_aligned.jpg
anger,all_test\anger\train_train_07975_aligned.jpg
anger,all_test\anger\train_train_07978_aligned.jpg
anger,all_test\anger\train_train_07983_aligned.jpg
anger,all_test\anger\train_train_07988_aligned.jpg
anger,all_test\anger\train_train_07995_aligned.jpg
anger,all_test\anger\train_train_07996_aligned.jpg
anger,all_test\anger\train_train_07997_aligned.jpg
anger,all_test\anger\train_train_08035_aligned.jpg
anger,all_test\anger\train_train_08037_aligned.jpg
anger,all_test\anger\train_train_08047_aligned.jpg
anger,all_test\anger\train_train_08054_aligned.jpg
anger,all_test\anger\train_train_08062_aligned.jpg
anger,all_test\anger\train_train_08087_aligned.jpg
anger,all_test\anger\train_train_08090_aligned.jpg
anger,all_test\anger\train_train_08104_aligned.jpg
anger,all_test\anger\train_train_08114_aligned.jpg
anger,all_test\anger\train_train_08116_aligned.jpg
anger,all_test\anger\train_train_08117_aligned.jpg
anger,all_test\anger\train_train_08125_aligned.jpg
anger,all_test\anger\train_train_08143_aligned.jpg
anger,all_test\anger\train_train_08168_aligned.jpg
anger,all_test\anger\train_train_08176_aligned.jpg
anger,all_test\anger\train_train_08183_aligned.jpg
anger,all_test\anger\train_train_08189_aligned.jpg
anger,all_test\anger\train_train_08212_aligned.jpg
anger,all_test\anger\train_train_08218_aligned.jpg
anger,all_test\anger\train_train_08259_aligned.jpg
anger,all_test\anger\train_train_08271_aligned.jpg
anger,all_test\anger\train_train_08304_aligned.jpg
anger,all_test\anger\train_train_08306_aligned.jpg
anger,all_test\anger\train_train_08317_aligned.jpg
anger,all_test\anger\train_train_08358_aligned.jpg
anger,all_test\anger\train_train_08359_aligned.jpg
anger,all_test\anger\train_train_08417_aligned.jpg
anger,all_test\anger\train_train_08422_aligned.jpg
anger,all_test\anger\train_train_08429_aligned.jpg
anger,all_test\anger\train_train_08434_aligned.jpg
anger,all_test\anger\train_train_08444_aligned.jpg
anger,all_test\anger\train_train_08478_aligned.jpg
anger,all_test\anger\train_train_08485_aligned.jpg
anger,all_test\anger\train_train_08487_aligned.jpg
anger,all_test\anger\train_train_08489_aligned.jpg
anger,all_test\anger\train_train_08498_aligned.jpg
anger,all_test\anger\train_train_08499_aligned.jpg
anger,all_test\anger\train_train_08501_aligned.jpg
anger,all_test\anger\train_train_08504_aligned.jpg
anger,all_test\anger\train_train_08509_aligned.jpg
anger,all_test\anger\train_train_08512_aligned.jpg
anger,all_test\anger\train_train_08514_aligned.jpg
anger,all_test\anger\train_train_08532_aligned.jpg
anger,all_test\anger\train_train_08539_aligned.jpg
anger,all_test\anger\train_train_08540_aligned.jpg
anger,all_test\anger\train_train_08548_aligned.jpg
anger,all_test\anger\train_train_08550_aligned.jpg
anger,all_test\anger\train_train_08556_aligned.jpg
anger,all_test\anger\train_train_08557_aligned.jpg
anger,all_test\anger\train_train_08560_aligned.jpg
anger,all_test\anger\train_train_08603_aligned.jpg
anger,all_test\anger\train_train_08616_aligned.jpg
anger,all_test\anger\train_train_08642_aligned.jpg
anger,all_test\anger\train_train_08645_aligned.jpg
anger,all_test\anger\train_train_08646_aligned.jpg
anger,all_test\anger\train_train_08654_aligned.jpg
anger,all_test\anger\train_train_08660_aligned.jpg
anger,all_test\anger\train_train_08675_aligned.jpg
anger,all_test\anger\train_train_08694_aligned.jpg
anger,all_test\anger\train_train_08724_aligned.jpg
anger,all_test\anger\train_train_08737_aligned.jpg
anger,all_test\anger\train_train_08750_aligned.jpg
anger,all_test\anger\train_train_08760_aligned.jpg
anger,all_test\anger\train_train_08767_aligned.jpg
anger,all_test\anger\train_train_08771_aligned.jpg
anger,all_test\anger\train_train_08780_aligned.jpg
anger,all_test\anger\train_train_08803_aligned.jpg
anger,all_test\anger\train_train_08830_aligned.jpg
anger,all_test\anger\train_train_08835_aligned.jpg
anger,all_test\anger\train_train_08845_aligned.jpg
anger,all_test\anger\train_train_08846_aligned.jpg
anger,all_test\anger\train_train_08847_aligned.jpg
anger,all_test\anger\train_train_08853_aligned.jpg
anger,all_test\anger\train_train_08859_aligned.jpg
anger,all_test\anger\train_train_08861_aligned.jpg
anger,all_test\anger\train_train_08870_aligned.jpg
anger,all_test\anger\train_train_08877_aligned.jpg
anger,all_test\anger\train_train_08910_aligned.jpg
anger,all_test\anger\train_train_08911_aligned.jpg
anger,all_test\anger\train_train_08912_aligned.jpg
anger,all_test\anger\train_train_08986_aligned.jpg
anger,all_test\anger\train_train_09003_aligned.jpg
anger,all_test\anger\train_train_09007_aligned.jpg
anger,all_test\anger\train_train_09078_aligned.jpg
anger,all_test\anger\train_train_09085_aligned.jpg
anger,all_test\anger\train_train_09098_aligned.jpg
anger,all_test\anger\train_train_09105_aligned.jpg
anger,all_test\anger\train_train_09115_aligned.jpg
disgust,all_test\disgust\test_test_0007_aligned.jpg
disgust,all_test\disgust\test_test_0011_aligned.jpg
disgust,all_test\disgust\test_test_0018_aligned.jpg
disgust,all_test\disgust\test_test_0081_aligned.jpg
disgust,all_test\disgust\test_test_0146_aligned.jpg
disgust,all_test\disgust\test_test_0148_aligned.jpg
disgust,all_test\disgust\test_test_0149_aligned.jpg
disgust,all_test\disgust\test_test_0172_aligned.jpg
disgust,all_test\disgust\test_test_0263_aligned.jpg
disgust,all_test\disgust\test_test_0280_aligned.jpg
disgust,all_test\disgust\test_test_0281_aligned.jpg
disgust,all_test\disgust\test_test_0283_aligned.jpg
disgust,all_test\disgust\test_test_0343_aligned.jpg
disgust,all_test\disgust\test_test_0357_aligned.jpg
disgust,all_test\disgust\test_test_0420_aligned.jpg
disgust,all_test\disgust\test_test_0432_aligned.jpg
disgust,all_test\disgust\test_test_0639_aligned.jpg
disgust,all_test\disgust\test_test_0640_aligned.jpg
disgust,all_test\disgust\test_test_0734_aligned.jpg
disgust,all_test\disgust\test_test_0774_aligned.jpg
disgust,all_test\disgust\test_test_0804_aligned.jpg
disgust,all_test\disgust\test_test_0900_aligned.jpg
disgust,all_test\disgust\test_test_0905_aligned.jpg
disgust,all_test\disgust\test_test_0914_aligned.jpg
disgust,all_test\disgust\test_test_0935_aligned.jpg
disgust,all_test\disgust\test_test_0940_aligned.jpg
disgust,all_test\disgust\test_test_0960_aligned.jpg
disgust,all_test\disgust\test_test_1003_aligned.jpg
disgust,all_test\disgust\test_test_1006_aligned.jpg
disgust,all_test\disgust\test_test_1018_aligned.jpg
disgust,all_test\disgust\test_test_1027_aligned.jpg
disgust,all_test\disgust\test_test_1035_aligned.jpg
disgust,all_test\disgust\test_test_1039_aligned.jpg
disgust,all_test\disgust\test_test_1041_aligned.jpg
disgust,all_test\disgust\test_test_1048_aligned.jpg
disgust,all_test\disgust\test_test_1092_aligned.jpg
disgust,all_test\disgust\test_test_1099_aligned.jpg
disgust,all_test\disgust\test_test_1110_aligned.jpg
disgust,all_test\disgust\test_test_1168_aligned.jpg
disgust,all_test\disgust\test_test_1237_aligned.jpg
disgust,all_test\disgust\test_test_1238_aligned.jpg
disgust,all_test\disgust\test_test_1270_aligned.jpg
disgust,all_test\disgust\test_test_1304_aligned.jpg
disgust,all_test\disgust\test_test_1389_aligned.jpg
disgust,all_test\disgust\test_test_1390_aligned.jpg
disgust,all_test\disgust\test_test_1511_aligned.jpg
disgust,all_test\disgust\test_test_1533_aligned.jpg
disgust,all_test\disgust\test_test_1555_aligned.jpg
disgust,all_test\disgust\test_test_1599_aligned.jpg
disgust,all_test\disgust\test_test_1624_aligned.jpg
disgust,all_test\disgust\test_test_1627_aligned.jpg
disgust,all_test\disgust\test_test_1653_aligned.jpg
disgust,all_test\disgust\test_test_1671_aligned.jpg
disgust,all_test\disgust\test_test_1680_aligned.jpg
disgust,all_test\disgust\test_test_1779_aligned.jpg
disgust,all_test\disgust\test_test_1813_aligned.jpg
disgust,all_test\disgust\test_test_1852_aligned.jpg
disgust,all_test\disgust\test_test_1866_aligned.jpg
disgust,all_test\disgust\test_test_1884_aligned.jpg
disgust,all_test\disgust\test_test_1891_aligned.jpg
disgust,all_test\disgust\test_test_1912_aligned.jpg
disgust,all_test\disgust\test_test_1935_aligned.jpg
disgust,all_test\disgust\test_test_1954_aligned.jpg
disgust,all_test\disgust\test_test_1955_aligned.jpg
disgust,all_test\disgust\test_test_1958_aligned.jpg
disgust,all_test\disgust\test_test_1963_aligned.jpg
disgust,all_test\disgust\test_test_1988_aligned.jpg
disgust,all_test\disgust\test_test_1990_aligned.jpg
disgust,all_test\disgust\test_test_1993_aligned.jpg
disgust,all_test\disgust\test_test_2034_aligned.jpg
disgust,all_test\disgust\test_test_2037_aligned.jpg
disgust,all_test\disgust\test_test_2154_aligned.jpg
disgust,all_test\disgust\test_test_2159_aligned.jpg
disgust,all_test\disgust\test_test_2213_aligned.jpg
disgust,all_test\disgust\test_test_2214_aligned.jpg
disgust,all_test\disgust\test_test_2304_aligned.jpg
disgust,all_test\disgust\test_test_2305_aligned.jpg
disgust,all_test\disgust\test_test_2306_aligned.jpg
disgust,all_test\disgust\test_test_2307_aligned.jpg
disgust,all_test\disgust\test_test_2308_aligned.jpg
disgust,all_test\disgust\test_test_2309_aligned.jpg
disgust,all_test\disgust\test_test_2310_aligned.jpg
disgust,all_test\disgust\test_test_2311_aligned.jpg
disgust,all_test\disgust\test_test_2312_aligned.jpg
disgust,all_test\disgust\test_test_2313_aligned.jpg
disgust,all_test\disgust\test_test_2314_aligned.jpg
disgust,all_test\disgust\test_test_2315_aligned.jpg
disgust,all_test\disgust\test_test_2316_aligned.jpg
disgust,all_test\disgust\test_test_2317_aligned.jpg
disgust,all_test\disgust\test_test_2318_aligned.jpg
disgust,all_test\disgust\test_test_2319_aligned.jpg
disgust,all_test\disgust\test_test_2320_aligned.jpg
disgust,all_test\disgust\test_test_2321_aligned.jpg
disgust,all_test\disgust\test_test_2322_aligned.jpg
disgust,all_test\disgust\test_test_2323_aligned.jpg
disgust,all_test\disgust\test_test_2324_aligned.jpg
disgust,all_test\disgust\test_test_2325_aligned.jpg
disgust,all_test\disgust\test_test_2326_aligned.jpg
disgust,all_test\disgust\test_test_2327_aligned.jpg
disgust,all_test\disgust\test_test_2328_aligned.jpg
disgust,all_test\disgust\test_test_2329_aligned.jpg
disgust,all_test\disgust\test_test_2330_aligned.jpg
disgust,all_test\disgust\test_test_2331_aligned.jpg
disgust,all_test\disgust\test_test_2332_aligned.jpg
disgust,all_test\disgust\test_test_2333_aligned.jpg
disgust,all_test\disgust\test_test_2334_aligned.jpg
disgust,all_test\disgust\test_test_2335_aligned.jpg
disgust,all_test\disgust\test_test_2336_aligned.jpg
disgust,all_test\disgust\test_test_2337_aligned.jpg
disgust,all_test\disgust\test_test_2338_aligned.jpg
disgust,all_test\disgust\test_test_2339_aligned.jpg
disgust,all_test\disgust\test_test_2340_aligned.jpg
disgust,all_test\disgust\test_test_2341_aligned.jpg
disgust,all_test\disgust\test_test_2342_aligned.jpg
disgust,all_test\disgust\test_test_2343_aligned.jpg
disgust,all_test\disgust\test_test_2344_aligned.jpg
disgust,all_test\disgust\test_test_2345_aligned.jpg
disgust,all_test\disgust\test_test_2346_aligned.jpg
disgust,all_test\disgust\test_test_2347_aligned.jpg
disgust,all_test\disgust\test_test_2348_aligned.jpg
disgust,all_test\disgust\test_test_2349_aligned.jpg
disgust,all_test\disgust\test_test_2350_aligned.jpg
disgust,all_test\disgust\test_test_2351_aligned.jpg
disgust,all_test\disgust\test_test_2352_aligned.jpg
disgust,all_test\disgust\test_test_2353_aligned.jpg
disgust,all_test\disgust\test_test_2354_aligned.jpg
disgust,all_test\disgust\test_test_2355_aligned.jpg
disgust,all_test\disgust\test_test_2356_aligned.jpg
disgust,all_test\disgust\test_test_2357_aligned.jpg
disgust,all_test\disgust\test_test_2358_aligned.jpg
disgust,all_test\disgust\test_test_2359_aligned.jpg
disgust,all_test\disgust\test_test_2360_aligned.jpg
disgust,all_test\disgust\test_test_2361_aligned.jpg
disgust,all_test\disgust\test_test_2362_aligned.jpg
disgust,all_test\disgust\test_test_2363_aligned.jpg
disgust,all_test\disgust\test_test_2364_aligned.jpg
disgust,all_test\disgust\test_test_2365_aligned.jpg
disgust,all_test\disgust\test_test_2366_aligned.jpg
disgust,all_test\disgust\test_test_2367_aligned.jpg
disgust,all_test\disgust\test_test_2368_aligned.jpg
disgust,all_test\disgust\test_test_2369_aligned.jpg
disgust,all_test\disgust\test_test_2370_aligned.jpg
disgust,all_test\disgust\test_test_2371_aligned.jpg
disgust,all_test\disgust\test_test_2372_aligned.jpg
disgust,all_test\disgust\test_test_2373_aligned.jpg
disgust,all_test\disgust\test_test_2374_aligned.jpg
disgust,all_test\disgust\test_test_2375_aligned.jpg
disgust,all_test\disgust\test_test_2376_aligned.jpg
disgust,all_test\disgust\test_test_2377_aligned.jpg
disgust,all_test\disgust\test_test_2378_aligned.jpg
disgust,all_test\disgust\test_test_2379_aligned.jpg
disgust,all_test\disgust\test_test_2380_aligned.jpg
disgust,all_test\disgust\test_test_2381_aligned.jpg
disgust,all_test\disgust\test_test_2382_aligned.jpg
disgust,all_test\disgust\test_test_2383_aligned.jpg
disgust,all_test\disgust\test_test_2384_aligned.jpg
disgust,all_test\disgust\test_test_2385_aligned.jpg
disgust,all_test\disgust\test_test_2386_aligned.jpg
disgust,all_test\disgust\test_test_2387_aligned.jpg
disgust,all_test\disgust\test_test_2388_aligned.jpg
disgust,all_test\disgust\train_train_00031_aligned.jpg
disgust,all_test\disgust\train_train_00063_aligned.jpg
disgust,all_test\disgust\train_train_00071_aligned.jpg
disgust,all_test\disgust\train_train_00081_aligned.jpg
disgust,all_test\disgust\train_train_00103_aligned.jpg
disgust,all_test\disgust\train_train_00120_aligned.jpg
disgust,all_test\disgust\train_train_00186_aligned.jpg
disgust,all_test\disgust\train_train_00207_aligned.jpg
disgust,all_test\disgust\train_train_00217_aligned.jpg
disgust,all_test\disgust\train_train_00218_aligned.jpg
disgust,all_test\disgust\train_train_00294_aligned.jpg
disgust,all_test\disgust\train_train_00296_aligned.jpg
disgust,all_test\disgust\train_train_00417_aligned.jpg
disgust,all_test\disgust\train_train_00444_aligned.jpg
disgust,all_test\disgust\train_train_00447_aligned.jpg
disgust,all_test\disgust\train_train_00489_aligned.jpg
disgust,all_test\disgust\train_train_00517_aligned.jpg
disgust,all_test\disgust\train_train_00533_aligned.jpg
disgust,all_test\disgust\train_train_00551_aligned.jpg
disgust,all_test\disgust\train_train_00552_aligned.jpg
disgust,all_test\disgust\train_train_00553_aligned.jpg
disgust,all_test\disgust\train_train_00554_aligned.jpg
disgust,all_test\disgust\train_train_00556_aligned.jpg
disgust,all_test\disgust\train_train_00604_aligned.jpg
disgust,all_test\disgust\train_train_00607_aligned.jpg
disgust,all_test\disgust\train_train_00627_aligned.jpg
disgust,all_test\disgust\train_train_00683_aligned.jpg
disgust,all_test\disgust\train_train_00698_aligned.jpg
disgust,all_test\disgust\train_train_00739_aligned.jpg
disgust,all_test\disgust\train_train_00765_aligned.jpg
disgust,all_test\disgust\train_train_00826_aligned.jpg
disgust,all_test\disgust\train_train_00893_aligned.jpg
disgust,all_test\disgust\train_train_00907_aligned.jpg
disgust,all_test\disgust\train_train_00967_aligned.jpg
disgust,all_test\disgust\train_train_00975_aligned.jpg
disgust,all_test\disgust\train_train_00989_aligned.jpg
disgust,all_test\disgust\train_train_01007_aligned.jpg
disgust,all_test\disgust\train_train_01050_aligned.jpg
disgust,all_test\disgust\train_train_01055_aligned.jpg
disgust,all_test\disgust\train_train_01069_aligned.jpg
disgust,all_test\disgust\train_train_01097_aligned.jpg
disgust,all_test\disgust\train_train_01147_aligned.jpg
disgust,all_test\disgust\train_train_01156_aligned.jpg
disgust,all_test\disgust\train_train_01249_aligned.jpg
disgust,all_test\disgust\train_train_01310_aligned.jpg
disgust,all_test\disgust\train_train_01313_aligned.jpg
disgust,all_test\disgust\train_train_01321_aligned.jpg
disgust,all_test\disgust\train_train_01327_aligned.jpg
disgust,all_test\disgust\train_train_01343_aligned.jpg
disgust,all_test\disgust\train_train_01347_aligned.jpg
disgust,all_test\disgust\train_train_01353_aligned.jpg
disgust,all_test\disgust\train_train_01355_aligned.jpg
disgust,all_test\disgust\train_train_01367_aligned.jpg
disgust,all_test\disgust\train_train_01410_aligned.jpg
disgust,all_test\disgust\train_train_01432_aligned.jpg
disgust,all_test\disgust\train_train_01442_aligned.jpg
disgust,all_test\disgust\train_train_01445_aligned.jpg
disgust,all_test\disgust\train_train_01482_aligned.jpg
disgust,all_test\disgust\train_train_01489_aligned.jpg
disgust,all_test\disgust\train_train_01490_aligned.jpg
disgust,all_test\disgust\train_train_01570_aligned.jpg
disgust,all_test\disgust\train_train_01576_aligned.jpg
disgust,all_test\disgust\train_train_01598_aligned.jpg
disgust,all_test\disgust\train_train_01640_aligned.jpg
disgust,all_test\disgust\train_train_01644_aligned.jpg
disgust,all_test\disgust\train_train_01718_aligned.jpg
disgust,all_test\disgust\train_train_01729_aligned.jpg
disgust,all_test\disgust\train_train_01776_aligned.jpg
disgust,all_test\disgust\train_train_01777_aligned.jpg
disgust,all_test\disgust\train_train_01792_aligned.jpg
disgust,all_test\disgust\train_train_01823_aligned.jpg
disgust,all_test\disgust\train_train_01863_aligned.jpg
disgust,all_test\disgust\train_train_01874_aligned.jpg
disgust,all_test\disgust\train_train_01889_aligned.jpg
disgust,all_test\disgust\train_train_01893_aligned.jpg
disgust,all_test\disgust\train_train_01961_aligned.jpg
disgust,all_test\disgust\train_train_01968_aligned.jpg
disgust,all_test\disgust\train_train_02062_aligned.jpg
disgust,all_test\disgust\train_train_02073_aligned.jpg
disgust,all_test\disgust\train_train_02111_aligned.jpg
disgust,all_test\disgust\train_train_02129_aligned.jpg
disgust,all_test\disgust\train_train_02251_aligned.jpg
disgust,all_test\disgust\train_train_02385_aligned.jpg
disgust,all_test\disgust\train_train_02386_aligned.jpg
disgust,all_test\disgust\train_train_02470_aligned.jpg
disgust,all_test\disgust\train_train_02523_aligned.jpg
disgust,all_test\disgust\train_train_02540_aligned.jpg
disgust,all_test\disgust\train_train_02620_aligned.jpg
disgust,all_test\disgust\train_train_02626_aligned.jpg
disgust,all_test\disgust\train_train_02678_aligned.jpg
disgust,all_test\disgust\train_train_02695_aligned.jpg
disgust,all_test\disgust\train_train_02739_aligned.jpg
disgust,all_test\disgust\train_train_02775_aligned.jpg
disgust,all_test\disgust\train_train_02806_aligned.jpg
disgust,all_test\disgust\train_train_02885_aligned.jpg
disgust,all_test\disgust\train_train_02901_aligned.jpg
disgust,all_test\disgust\train_train_03004_aligned.jpg
disgust,all_test\disgust\train_train_03016_aligned.jpg
disgust,all_test\disgust\train_train_03017_aligned.jpg
disgust,all_test\disgust\train_train_03110_aligned.jpg
disgust,all_test\disgust\train_train_03142_aligned.jpg
disgust,all_test\disgust\train_train_03178_aligned.jpg
disgust,all_test\disgust\train_train_03185_aligned.jpg
disgust,all_test\disgust\train_train_03187_aligned.jpg
disgust,all_test\disgust\train_train_03227_aligned.jpg
disgust,all_test\disgust\train_train_03249_aligned.jpg
disgust,all_test\disgust\train_train_03258_aligned.jpg
disgust,all_test\disgust\train_train_03331_aligned.jpg
disgust,all_test\disgust\train_train_03347_aligned.jpg
disgust,all_test\disgust\train_train_03390_aligned.jpg
disgust,all_test\disgust\train_train_03428_aligned.jpg
disgust,all_test\disgust\train_train_03432_aligned.jpg
disgust,all_test\disgust\train_train_03502_aligned.jpg
disgust,all_test\disgust\train_train_03510_aligned.jpg
disgust,all_test\disgust\train_train_03577_aligned.jpg
disgust,all_test\disgust\train_train_03582_aligned.jpg
disgust,all_test\disgust\train_train_03605_aligned.jpg
disgust,all_test\disgust\train_train_03650_aligned.jpg
disgust,all_test\disgust\train_train_03659_aligned.jpg
disgust,all_test\disgust\train_train_03672_aligned.jpg
disgust,all_test\disgust\train_train_03692_aligned.jpg
disgust,all_test\disgust\train_train_03721_aligned.jpg
disgust,all_test\disgust\train_train_03738_aligned.jpg
disgust,all_test\disgust\train_train_03742_aligned.jpg
disgust,all_test\disgust\train_train_03749_aligned.jpg
disgust,all_test\disgust\train_train_03770_aligned.jpg
disgust,all_test\disgust\train_train_03773_aligned.jpg
disgust,all_test\disgust\train_train_03782_aligned.jpg
disgust,all_test\disgust\train_train_03788_aligned.jpg
disgust,all_test\disgust\train_train_03797_aligned.jpg
disgust,all_test\disgust\train_train_03802_aligned.jpg
disgust,all_test\disgust\train_train_03812_aligned.jpg
disgust,all_test\disgust\train_train_03815_aligned.jpg
disgust,all_test\disgust\train_train_03827_aligned.jpg
disgust,all_test\disgust\train_train_03835_aligned.jpg
disgust,all_test\disgust\train_train_03839_aligned.jpg
disgust,all_test\disgust\train_train_03840_aligned.jpg
disgust,all_test\disgust\train_train_03845_aligned.jpg
disgust,all_test\disgust\train_train_03847_aligned.jpg
disgust,all_test\disgust\train_train_03848_aligned.jpg
disgust,all_test\disgust\train_train_03854_aligned.jpg
disgust,all_test\disgust\train_train_03867_aligned.jpg
disgust,all_test\disgust\train_train_03871_aligned.jpg
disgust,all_test\disgust\train_train_03886_aligned.jpg
disgust,all_test\disgust\train_train_03898_aligned.jpg
disgust,all_test\disgust\train_train_03904_aligned.jpg
disgust,all_test\disgust\train_train_03920_aligned.jpg
disgust,all_test\disgust\train_train_03943_aligned.jpg
disgust,all_test\disgust\train_train_03965_aligned.jpg
disgust,all_test\disgust\train_train_03974_aligned.jpg
disgust,all_test\disgust\train_train_03976_aligned.jpg
disgust,all_test\disgust\train_train_03983_aligned.jpg
disgust,all_test\disgust\train_train_03989_aligned.jpg
disgust,all_test\disgust\train_train_03993_aligned.jpg
disgust,all_test\disgust\train_train_04004_aligned.jpg
disgust,all_test\disgust\train_train_04019_aligned.jpg
disgust,all_test\disgust\train_train_04066_aligned.jpg
disgust,all_test\disgust\train_train_04069_aligned.jpg
disgust,all_test\disgust\train_train_04078_aligned.jpg
disgust,all_test\disgust\train_train_04102_aligned.jpg
disgust,all_test\disgust\train_train_04143_aligned.jpg
disgust,all_test\disgust\train_train_04166_aligned.jpg
disgust,all_test\disgust\train_train_04190_aligned.jpg
disgust,all_test\disgust\train_train_04196_aligned.jpg
disgust,all_test\disgust\train_train_04207_aligned.jpg
disgust,all_test\disgust\train_train_04223_aligned.jpg
disgust,all_test\disgust\train_train_04230_aligned.jpg
disgust,all_test\disgust\train_train_04263_aligned.jpg
disgust,all_test\disgust\train_train_04265_aligned.jpg
disgust,all_test\disgust\train_train_04269_aligned.jpg
disgust,all_test\disgust\train_train_04292_aligned.jpg
disgust,all_test\disgust\train_train_04305_aligned.jpg
disgust,all_test\disgust\train_train_04311_aligned.jpg
disgust,all_test\disgust\train_train_04318_aligned.jpg
disgust,all_test\disgust\train_train_04320_aligned.jpg
disgust,all_test\disgust\train_train_04321_aligned.jpg
disgust,all_test\disgust\train_train_04337_aligned.jpg
disgust,all_test\disgust\train_train_04339_aligned.jpg
disgust,all_test\disgust\train_train_04347_aligned.jpg
disgust,all_test\disgust\train_train_04351_aligned.jpg
disgust,all_test\disgust\train_train_04353_aligned.jpg
disgust,all_test\disgust\train_train_04365_aligned.jpg
disgust,all_test\disgust\train_train_04393_aligned.jpg
disgust,all_test\disgust\train_train_04425_aligned.jpg
disgust,all_test\disgust\train_train_04427_aligned.jpg
disgust,all_test\disgust\train_train_04428_aligned.jpg
disgust,all_test\disgust\train_train_04429_aligned.jpg
disgust,all_test\disgust\train_train_04437_aligned.jpg
disgust,all_test\disgust\train_train_04453_aligned.jpg
disgust,all_test\disgust\train_train_04466_aligned.jpg
disgust,all_test\disgust\train_train_04499_aligned.jpg
disgust,all_test\disgust\train_train_04516_aligned.jpg
disgust,all_test\disgust\train_train_04523_aligned.jpg
disgust,all_test\disgust\train_train_04565_aligned.jpg
disgust,all_test\disgust\train_train_04566_aligned.jpg
disgust,all_test\disgust\train_train_04568_aligned.jpg
disgust,all_test\disgust\train_train_04609_aligned.jpg
disgust,all_test\disgust\train_train_04618_aligned.jpg
disgust,all_test\disgust\train_train_04620_aligned.jpg
disgust,all_test\disgust\train_train_04632_aligned.jpg
disgust,all_test\disgust\train_train_04652_aligned.jpg
disgust,all_test\disgust\train_train_04664_aligned.jpg
disgust,all_test\disgust\train_train_04683_aligned.jpg
disgust,all_test\disgust\train_train_04731_aligned.jpg
disgust,all_test\disgust\train_train_04776_aligned.jpg
disgust,all_test\disgust\train_train_04825_aligned.jpg
disgust,all_test\disgust\train_train_04838_aligned.jpg
disgust,all_test\disgust\train_train_04866_aligned.jpg
disgust,all_test\disgust\train_train_04901_aligned.jpg
disgust,all_test\disgust\train_train_04937_aligned.jpg
disgust,all_test\disgust\train_train_04997_aligned.jpg
disgust,all_test\disgust\train_train_05026_aligned.jpg
disgust,all_test\disgust\train_train_05030_aligned.jpg
disgust,all_test\disgust\train_train_05031_aligned.jpg
disgust,all_test\disgust\train_train_05052_aligned.jpg
disgust,all_test\disgust\train_train_05111_aligned.jpg
disgust,all_test\disgust\train_train_05124_aligned.jpg
disgust,all_test\disgust\train_train_05139_aligned.jpg
disgust,all_test\disgust\train_train_05149_aligned.jpg
disgust,all_test\disgust\train_train_05158_aligned.jpg
disgust,all_test\disgust\train_train_05168_aligned.jpg
disgust,all_test\disgust\train_train_05170_aligned.jpg
disgust,all_test\disgust\train_train_05174_aligned.jpg
disgust,all_test\disgust\train_train_05219_aligned.jpg
disgust,all_test\disgust\train_train_05299_aligned.jpg
disgust,all_test\disgust\train_train_05312_aligned.jpg
disgust,all_test\disgust\train_train_05334_aligned.jpg
disgust,all_test\disgust\train_train_05363_aligned.jpg
disgust,all_test\disgust\train_train_05399_aligned.jpg
disgust,all_test\disgust\train_train_05404_aligned.jpg
disgust,all_test\disgust\train_train_05420_aligned.jpg
disgust,all_test\disgust\train_train_05425_aligned.jpg
disgust,all_test\disgust\train_train_05431_aligned.jpg
disgust,all_test\disgust\train_train_05437_aligned.jpg
disgust,all_test\disgust\train_train_05549_aligned.jpg
disgust,all_test\disgust\train_train_05575_aligned.jpg
disgust,all_test\disgust\train_train_05603_aligned.jpg
disgust,all_test\disgust\train_train_05616_aligned.jpg
disgust,all_test\disgust\train_train_05631_aligned.jpg
disgust,all_test\disgust\train_train_05651_aligned.jpg
disgust,all_test\disgust\train_train_05673_aligned.jpg
disgust,all_test\disgust\train_train_05743_aligned.jpg
disgust,all_test\disgust\train_train_05749_aligned.jpg
disgust,all_test\disgust\train_train_05750_aligned.jpg
disgust,all_test\disgust\train_train_05765_aligned.jpg
disgust,all_test\disgust\train_train_05815_aligned.jpg
disgust,all_test\disgust\train_train_05830_aligned.jpg
disgust,all_test\disgust\train_train_05844_aligned.jpg
disgust,all_test\disgust\train_train_05850_aligned.jpg
disgust,all_test\disgust\train_train_05851_aligned.jpg
disgust,all_test\disgust\train_train_05859_aligned.jpg
disgust,all_test\disgust\train_train_05864_aligned.jpg
disgust,all_test\disgust\train_train_05928_aligned.jpg
disgust,all_test\disgust\train_train_05964_aligned.jpg
disgust,all_test\disgust\train_train_05998_aligned.jpg
disgust,all_test\disgust\train_train_06062_aligned.jpg
disgust,all_test\disgust\train_train_06109_aligned.jpg
disgust,all_test\disgust\train_train_06171_aligned.jpg
disgust,all_test\disgust\train_train_06185_aligned.jpg
disgust,all_test\disgust\train_train_06219_aligned.jpg
disgust,all_test\disgust\train_train_06276_aligned.jpg
disgust,all_test\disgust\train_train_06278_aligned.jpg
disgust,all_test\disgust\train_train_06365_aligned.jpg
disgust,all_test\disgust\train_train_06370_aligned.jpg
disgust,all_test\disgust\train_train_06563_aligned.jpg
disgust,all_test\disgust\train_train_06564_aligned.jpg
disgust,all_test\disgust\train_train_06581_aligned.jpg
disgust,all_test\disgust\train_train_06600_aligned.jpg
disgust,all_test\disgust\train_train_06604_aligned.jpg
disgust,all_test\disgust\train_train_06641_aligned.jpg
disgust,all_test\disgust\train_train_06660_aligned.jpg
disgust,all_test\disgust\train_train_06685_aligned.jpg
disgust,all_test\disgust\train_train_06743_aligned.jpg
disgust,all_test\disgust\train_train_06746_aligned.jpg
disgust,all_test\disgust\train_train_06787_aligned.jpg
disgust,all_test\disgust\train_train_06803_aligned.jpg
disgust,all_test\disgust\train_train_06810_aligned.jpg
disgust,all_test\disgust\train_train_06814_aligned.jpg
disgust,all_test\disgust\train_train_06832_aligned.jpg
disgust,all_test\disgust\train_train_06854_aligned.jpg
disgust,all_test\disgust\train_train_06876_aligned.jpg
disgust,all_test\disgust\train_train_06993_aligned.jpg
disgust,all_test\disgust\train_train_07000_aligned.jpg
disgust,all_test\disgust\train_train_07015_aligned.jpg
disgust,all_test\disgust\train_train_07020_aligned.jpg
disgust,all_test\disgust\train_train_07066_aligned.jpg
disgust,all_test\disgust\train_train_07077_aligned.jpg
disgust,all_test\disgust\train_train_07100_aligned.jpg
disgust,all_test\disgust\train_train_07105_aligned.jpg
disgust,all_test\disgust\train_train_07188_aligned.jpg
disgust,all_test\disgust\train_train_07233_aligned.jpg
disgust,all_test\disgust\train_train_07268_aligned.jpg
disgust,all_test\disgust\train_train_07275_aligned.jpg
disgust,all_test\disgust\train_train_07283_aligned.jpg
disgust,all_test\disgust\train_train_07307_aligned.jpg
disgust,all_test\disgust\train_train_07365_aligned.jpg
disgust,all_test\disgust\train_train_07403_aligned.jpg
disgust,all_test\disgust\train_train_07470_aligned.jpg
disgust,all_test\disgust\train_train_07500_aligned.jpg
disgust,all_test\disgust\train_train_07517_aligned.jpg
disgust,all_test\disgust\train_train_07534_aligned.jpg
disgust,all_test\disgust\train_train_07549_aligned.jpg
disgust,all_test\disgust\train_train_07587_aligned.jpg
disgust,all_test\disgust\train_train_07597_aligned.jpg
disgust,all_test\disgust\train_train_07629_aligned.jpg
disgust,all_test\disgust\train_train_07659_aligned.jpg
disgust,all_test\disgust\train_train_07661_aligned.jpg
disgust,all_test\disgust\train_train_07726_aligned.jpg
disgust,all_test\disgust\train_train_07745_aligned.jpg
disgust,all_test\disgust\train_train_07816_aligned.jpg
disgust,all_test\disgust\train_train_07880_aligned.jpg
disgust,all_test\disgust\train_train_07893_aligned.jpg
disgust,all_test\disgust\train_train_07907_aligned.jpg
disgust,all_test\disgust\train_train_07916_aligned.jpg
disgust,all_test\disgust\train_train_07933_aligned.jpg
disgust,all_test\disgust\train_train_07941_aligned.jpg
disgust,all_test\disgust\train_train_07969_aligned.jpg
disgust,all_test\disgust\train_train_07970_aligned.jpg
disgust,all_test\disgust\train_train_08003_aligned.jpg
disgust,all_test\disgust\train_train_08014_aligned.jpg
disgust,all_test\disgust\train_train_08049_aligned.jpg
disgust,all_test\disgust\train_train_08088_aligned.jpg
disgust,all_test\disgust\train_train_08093_aligned.jpg
disgust,all_test\disgust\train_train_08094_aligned.jpg
disgust,all_test\disgust\train_train_08124_aligned.jpg
disgust,all_test\disgust\train_train_08234_aligned.jpg
disgust,all_test\disgust\train_train_08268_aligned.jpg
disgust,all_test\disgust\train_train_08269_aligned.jpg
disgust,all_test\disgust\train_train_08319_aligned.jpg
disgust,all_test\disgust\train_train_08375_aligned.jpg
disgust,all_test\disgust\train_train_08414_aligned.jpg
disgust,all_test\disgust\train_train_08454_aligned.jpg
disgust,all_test\disgust\train_train_08456_aligned.jpg
disgust,all_test\disgust\train_train_08458_aligned.jpg
disgust,all_test\disgust\train_train_08463_aligned.jpg
disgust,all_test\disgust\train_train_08472_aligned.jpg
disgust,all_test\disgust\train_train_08482_aligned.jpg
disgust,all_test\disgust\train_train_08500_aligned.jpg
disgust,all_test\disgust\train_train_08502_aligned.jpg
disgust,all_test\disgust\train_train_08527_aligned.jpg
disgust,all_test\disgust\train_train_08594_aligned.jpg
disgust,all_test\disgust\train_train_08604_aligned.jpg
disgust,all_test\disgust\train_train_08605_aligned.jpg
disgust,all_test\disgust\train_train_08620_aligned.jpg
disgust,all_test\disgust\train_train_08664_aligned.jpg
disgust,all_test\disgust\train_train_08666_aligned.jpg
disgust,all_test\disgust\train_train_08687_aligned.jpg
disgust,all_test\disgust\train_train_08736_aligned.jpg
disgust,all_test\disgust\train_train_08766_aligned.jpg
disgust,all_test\disgust\train_train_08775_aligned.jpg
disgust,all_test\disgust\train_train_08783_aligned.jpg
disgust,all_test\disgust\train_train_08795_aligned.jpg
disgust,all_test\disgust\train_train_08816_aligned.jpg
disgust,all_test\disgust\train_train_08856_aligned.jpg
disgust,all_test\disgust\train_train_08867_aligned.jpg
disgust,all_test\disgust\train_train_08876_aligned.jpg
disgust,all_test\disgust\train_train_08907_aligned.jpg
disgust,all_test\disgust\train_train_08917_aligned.jpg
disgust,all_test\disgust\train_train_08923_aligned.jpg
disgust,all_test\disgust\train_train_08955_aligned.jpg
disgust,all_test\disgust\train_train_08979_aligned.jpg
disgust,all_test\disgust\train_train_08981_aligned.jpg
disgust,all_test\disgust\train_train_09047_aligned.jpg
disgust,all_test\disgust\train_train_09074_aligned.jpg
disgust,all_test\disgust\train_train_09124_aligned.jpg
disgust,all_test\disgust\train_train_09136_aligned.jpg
disgust,all_test\disgust\train_train_09137_aligned.jpg
disgust,all_test\disgust\train_train_09398_aligned.jpg
disgust,all_test\disgust\train_train_09399_aligned.jpg
disgust,all_test\disgust\train_train_09400_aligned.jpg
disgust,all_test\disgust\train_train_09401_aligned.jpg
disgust,all_test\disgust\train_train_09402_aligned.jpg
disgust,all_test\disgust\train_train_09403_aligned.jpg
disgust,all_test\disgust\train_train_09404_aligned.jpg
disgust,all_test\disgust\train_train_09405_aligned.jpg
disgust,all_test\disgust\train_train_09406_aligned.jpg
disgust,all_test\disgust\train_train_09407_aligned.jpg
disgust,all_test\disgust\train_train_09408_aligned.jpg
disgust,all_test\disgust\train_train_09409_aligned.jpg
disgust,all_test\disgust\train_train_09410_aligned.jpg
disgust,all_test\disgust\train_train_09411_aligned.jpg
disgust,all_test\disgust\train_train_09412_aligned.jpg
disgust,all_test\disgust\train_train_09413_aligned.jpg
disgust,all_test\disgust\train_train_09414_aligned.jpg
disgust,all_test\disgust\train_train_09415_aligned.jpg
disgust,all_test\disgust\train_train_09416_aligned.jpg
disgust,all_test\disgust\train_train_09417_aligned.jpg
disgust,all_test\disgust\train_train_09418_aligned.jpg
disgust,all_test\disgust\train_train_09419_aligned.jpg
disgust,all_test\disgust\train_train_09420_aligned.jpg
disgust,all_test\disgust\train_train_09421_aligned.jpg
disgust,all_test\disgust\train_train_09422_aligned.jpg
disgust,all_test\disgust\train_train_09423_aligned.jpg
disgust,all_test\disgust\train_train_09424_aligned.jpg
disgust,all_test\disgust\train_train_09425_aligned.jpg
disgust,all_test\disgust\train_train_09426_aligned.jpg
disgust,all_test\disgust\train_train_09427_aligned.jpg
disgust,all_test\disgust\train_train_09428_aligned.jpg
disgust,all_test\disgust\train_train_09429_aligned.jpg
disgust,all_test\disgust\train_train_09430_aligned.jpg
disgust,all_test\disgust\train_train_09431_aligned.jpg
disgust,all_test\disgust\train_train_09432_aligned.jpg
disgust,all_test\disgust\train_train_09433_aligned.jpg
disgust,all_test\disgust\train_train_09434_aligned.jpg
disgust,all_test\disgust\train_train_09435_aligned.jpg
disgust,all_test\disgust\train_train_09436_aligned.jpg
disgust,all_test\disgust\train_train_09437_aligned.jpg
disgust,all_test\disgust\train_train_09438_aligned.jpg
disgust,all_test\disgust\train_train_09439_aligned.jpg
disgust,all_test\disgust\train_train_09440_aligned.jpg
disgust,all_test\disgust\train_train_09441_aligned.jpg
disgust,all_test\disgust\train_train_09442_aligned.jpg
disgust,all_test\disgust\train_train_09443_aligned.jpg
disgust,all_test\disgust\train_train_09444_aligned.jpg
disgust,all_test\disgust\train_train_09445_aligned.jpg
disgust,all_test\disgust\train_train_09446_aligned.jpg
disgust,all_test\disgust\train_train_09447_aligned.jpg
disgust,all_test\disgust\train_train_09448_aligned.jpg
disgust,all_test\disgust\train_train_09449_aligned.jpg
disgust,all_test\disgust\train_train_09450_aligned.jpg
disgust,all_test\disgust\train_train_09451_aligned.jpg
disgust,all_test\disgust\train_train_09452_aligned.jpg
disgust,all_test\disgust\train_train_09453_aligned.jpg
disgust,all_test\disgust\train_train_09454_aligned.jpg
disgust,all_test\disgust\train_train_09455_aligned.jpg
disgust,all_test\disgust\train_train_09456_aligned.jpg
disgust,all_test\disgust\train_train_09457_aligned.jpg
disgust,all_test\disgust\train_train_09458_aligned.jpg
disgust,all_test\disgust\train_train_09459_aligned.jpg
disgust,all_test\disgust\train_train_09460_aligned.jpg
disgust,all_test\disgust\train_train_09461_aligned.jpg
disgust,all_test\disgust\train_train_09462_aligned.jpg
disgust,all_test\disgust\train_train_09463_aligned.jpg
disgust,all_test\disgust\train_train_09464_aligned.jpg
disgust,all_test\disgust\train_train_09465_aligned.jpg
disgust,all_test\disgust\train_train_09466_aligned.jpg
disgust,all_test\disgust\train_train_09467_aligned.jpg
disgust,all_test\disgust\train_train_09468_aligned.jpg
disgust,all_test\disgust\train_train_09469_aligned.jpg
disgust,all_test\disgust\train_train_09470_aligned.jpg
disgust,all_test\disgust\train_train_09471_aligned.jpg
disgust,all_test\disgust\train_train_09472_aligned.jpg
disgust,all_test\disgust\train_train_09473_aligned.jpg
disgust,all_test\disgust\train_train_09474_aligned.jpg
disgust,all_test\disgust\train_train_09475_aligned.jpg
disgust,all_test\disgust\train_train_09476_aligned.jpg
disgust,all_test\disgust\train_train_09477_aligned.jpg
disgust,all_test\disgust\train_train_09478_aligned.jpg
disgust,all_test\disgust\train_train_09479_aligned.jpg
disgust,all_test\disgust\train_train_09480_aligned.jpg
disgust,all_test\disgust\train_train_09481_aligned.jpg
disgust,all_test\disgust\train_train_09482_aligned.jpg
disgust,all_test\disgust\train_train_09483_aligned.jpg
disgust,all_test\disgust\train_train_09484_aligned.jpg
disgust,all_test\disgust\train_train_09485_aligned.jpg
disgust,all_test\disgust\train_train_09486_aligned.jpg
disgust,all_test\disgust\train_train_09487_aligned.jpg
disgust,all_test\disgust\train_train_09488_aligned.jpg
disgust,all_test\disgust\train_train_09489_aligned.jpg
disgust,all_test\disgust\train_train_09490_aligned.jpg
disgust,all_test\disgust\train_train_09491_aligned.jpg
disgust,all_test\disgust\train_train_09492_aligned.jpg
disgust,all_test\disgust\train_train_09493_aligned.jpg
disgust,all_test\disgust\train_train_09494_aligned.jpg
disgust,all_test\disgust\train_train_09495_aligned.jpg
disgust,all_test\disgust\train_train_09496_aligned.jpg
disgust,all_test\disgust\train_train_09497_aligned.jpg
disgust,all_test\disgust\train_train_09498_aligned.jpg
disgust,all_test\disgust\train_train_09499_aligned.jpg
disgust,all_test\disgust\train_train_09500_aligned.jpg
disgust,all_test\disgust\train_train_09501_aligned.jpg
disgust,all_test\disgust\train_train_09502_aligned.jpg
disgust,all_test\disgust\train_train_09503_aligned.jpg
disgust,all_test\disgust\train_train_09504_aligned.jpg
disgust,all_test\disgust\train_train_09505_aligned.jpg
disgust,all_test\disgust\train_train_09506_aligned.jpg
disgust,all_test\disgust\train_train_09507_aligned.jpg
disgust,all_test\disgust\train_train_09508_aligned.jpg
disgust,all_test\disgust\train_train_09509_aligned.jpg
disgust,all_test\disgust\train_train_09510_aligned.jpg
disgust,all_test\disgust\train_train_09511_aligned.jpg
disgust,all_test\disgust\train_train_09512_aligned.jpg
disgust,all_test\disgust\train_train_09513_aligned.jpg
disgust,all_test\disgust\train_train_09514_aligned.jpg
disgust,all_test\disgust\train_train_09515_aligned.jpg
disgust,all_test\disgust\train_train_09516_aligned.jpg
disgust,all_test\disgust\train_train_09517_aligned.jpg
disgust,all_test\disgust\train_train_09518_aligned.jpg
disgust,all_test\disgust\train_train_09519_aligned.jpg
disgust,all_test\disgust\train_train_09520_aligned.jpg
disgust,all_test\disgust\train_train_09521_aligned.jpg
disgust,all_test\disgust\train_train_09522_aligned.jpg
disgust,all_test\disgust\train_train_09523_aligned.jpg
disgust,all_test\disgust\train_train_09524_aligned.jpg
disgust,all_test\disgust\train_train_09525_aligned.jpg
disgust,all_test\disgust\train_train_09526_aligned.jpg
disgust,all_test\disgust\train_train_09527_aligned.jpg
disgust,all_test\disgust\train_train_09528_aligned.jpg
disgust,all_test\disgust\train_train_09529_aligned.jpg
disgust,all_test\disgust\train_train_09530_aligned.jpg
disgust,all_test\disgust\train_train_09531_aligned.jpg
disgust,all_test\disgust\train_train_09532_aligned.jpg
disgust,all_test\disgust\train_train_09533_aligned.jpg
disgust,all_test\disgust\train_train_09534_aligned.jpg
disgust,all_test\disgust\train_train_09535_aligned.jpg
disgust,all_test\disgust\train_train_09536_aligned.jpg
disgust,all_test\disgust\train_train_09537_aligned.jpg
disgust,all_test\disgust\train_train_09538_aligned.jpg
disgust,all_test\disgust\train_train_09539_aligned.jpg
disgust,all_test\disgust\train_train_09540_aligned.jpg
disgust,all_test\disgust\train_train_09541_aligned.jpg
disgust,all_test\disgust\train_train_09542_aligned.jpg
disgust,all_test\disgust\train_train_09543_aligned.jpg
disgust,all_test\disgust\train_train_09544_aligned.jpg
disgust,all_test\disgust\train_train_09545_aligned.jpg
disgust,all_test\disgust\train_train_09546_aligned.jpg
disgust,all_test\disgust\train_train_09547_aligned.jpg
disgust,all_test\disgust\train_train_09548_aligned.jpg
disgust,all_test\disgust\train_train_09549_aligned.jpg
disgust,all_test\disgust\train_train_09550_aligned.jpg
disgust,all_test\disgust\train_train_09551_aligned.jpg
disgust,all_test\disgust\train_train_09552_aligned.jpg
disgust,all_test\disgust\train_train_09553_aligned.jpg
disgust,all_test\disgust\train_train_09554_aligned.jpg
disgust,all_test\disgust\train_train_09555_aligned.jpg
disgust,all_test\disgust\train_train_09556_aligned.jpg
disgust,all_test\disgust\train_train_09557_aligned.jpg
disgust,all_test\disgust\train_train_09558_aligned.jpg
disgust,all_test\disgust\train_train_09559_aligned.jpg
disgust,all_test\disgust\train_train_09560_aligned.jpg
disgust,all_test\disgust\train_train_09561_aligned.jpg
disgust,all_test\disgust\train_train_09562_aligned.jpg
disgust,all_test\disgust\train_train_09563_aligned.jpg
disgust,all_test\disgust\train_train_09564_aligned.jpg
disgust,all_test\disgust\train_train_09565_aligned.jpg
disgust,all_test\disgust\train_train_09566_aligned.jpg
disgust,all_test\disgust\train_train_09567_aligned.jpg
disgust,all_test\disgust\train_train_09568_aligned.jpg
disgust,all_test\disgust\train_train_09569_aligned.jpg
disgust,all_test\disgust\train_train_09570_aligned.jpg
disgust,all_test\disgust\train_train_09571_aligned.jpg
disgust,all_test\disgust\train_train_09572_aligned.jpg
disgust,all_test\disgust\train_train_09573_aligned.jpg
disgust,all_test\disgust\train_train_09574_aligned.jpg
disgust,all_test\disgust\train_train_09575_aligned.jpg
disgust,all_test\disgust\train_train_09576_aligned.jpg
disgust,all_test\disgust\train_train_09577_aligned.jpg
disgust,all_test\disgust\train_train_09578_aligned.jpg
disgust,all_test\disgust\train_train_09579_aligned.jpg
disgust,all_test\disgust\train_train_09580_aligned.jpg
disgust,all_test\disgust\train_train_09581_aligned.jpg
disgust,all_test\disgust\train_train_09582_aligned.jpg
disgust,all_test\disgust\train_train_09583_aligned.jpg
disgust,all_test\disgust\train_train_09584_aligned.jpg
disgust,all_test\disgust\train_train_09585_aligned.jpg
disgust,all_test\disgust\train_train_09586_aligned.jpg
disgust,all_test\disgust\train_train_09587_aligned.jpg
disgust,all_test\disgust\train_train_09588_aligned.jpg
disgust,all_test\disgust\train_train_09589_aligned.jpg
disgust,all_test\disgust\train_train_09590_aligned.jpg
disgust,all_test\disgust\train_train_09591_aligned.jpg
disgust,all_test\disgust\train_train_09592_aligned.jpg
disgust,all_test\disgust\train_train_09593_aligned.jpg
disgust,all_test\disgust\train_train_09594_aligned.jpg
disgust,all_test\disgust\train_train_09595_aligned.jpg
disgust,all_test\disgust\train_train_09596_aligned.jpg
disgust,all_test\disgust\train_train_09597_aligned.jpg
disgust,all_test\disgust\train_train_09598_aligned.jpg
disgust,all_test\disgust\train_train_09599_aligned.jpg
disgust,all_test\disgust\train_train_09600_aligned.jpg
disgust,all_test\disgust\train_train_09601_aligned.jpg
disgust,all_test\disgust\train_train_09602_aligned.jpg
disgust,all_test\disgust\train_train_09603_aligned.jpg
disgust,all_test\disgust\train_train_09604_aligned.jpg
disgust,all_test\disgust\train_train_09605_aligned.jpg
disgust,all_test\disgust\train_train_09606_aligned.jpg
disgust,all_test\disgust\train_train_09607_aligned.jpg
disgust,all_test\disgust\train_train_09608_aligned.jpg
disgust,all_test\disgust\train_train_09609_aligned.jpg
disgust,all_test\disgust\train_train_09610_aligned.jpg
disgust,all_test\disgust\train_train_09611_aligned.jpg
disgust,all_test\disgust\train_train_09612_aligned.jpg
disgust,all_test\disgust\train_train_09613_aligned.jpg
disgust,all_test\disgust\train_train_09614_aligned.jpg
disgust,all_test\disgust\train_train_09615_aligned.jpg
disgust,all_test\disgust\train_train_09616_aligned.jpg
disgust,all_test\disgust\train_train_09617_aligned.jpg
disgust,all_test\disgust\train_train_09618_aligned.jpg
disgust,all_test\disgust\train_train_09619_aligned.jpg
disgust,all_test\disgust\train_train_09620_aligned.jpg
disgust,all_test\disgust\train_train_09621_aligned.jpg
disgust,all_test\disgust\train_train_09622_aligned.jpg
disgust,all_test\disgust\train_train_09623_aligned.jpg
disgust,all_test\disgust\train_train_09624_aligned.jpg
disgust,all_test\disgust\train_train_09625_aligned.jpg
disgust,all_test\disgust\train_train_09626_aligned.jpg
disgust,all_test\disgust\train_train_09627_aligned.jpg
disgust,all_test\disgust\train_train_09628_aligned.jpg
disgust,all_test\disgust\train_train_09629_aligned.jpg
disgust,all_test\disgust\train_train_09630_aligned.jpg
disgust,all_test\disgust\train_train_09631_aligned.jpg
disgust,all_test\disgust\train_train_09632_aligned.jpg
disgust,all_test\disgust\train_train_09633_aligned.jpg
disgust,all_test\disgust\train_train_09634_aligned.jpg
disgust,all_test\disgust\train_train_09635_aligned.jpg
disgust,all_test\disgust\train_train_09636_aligned.jpg
disgust,all_test\disgust\train_train_09637_aligned.jpg
disgust,all_test\disgust\train_train_09638_aligned.jpg
disgust,all_test\disgust\train_train_09639_aligned.jpg
disgust,all_test\disgust\train_train_09640_aligned.jpg
disgust,all_test\disgust\train_train_09641_aligned.jpg
disgust,all_test\disgust\train_train_09642_aligned.jpg
disgust,all_test\disgust\train_train_09643_aligned.jpg
disgust,all_test\disgust\train_train_09644_aligned.jpg
disgust,all_test\disgust\train_train_09645_aligned.jpg
disgust,all_test\disgust\train_train_09646_aligned.jpg
disgust,all_test\disgust\train_train_09647_aligned.jpg
disgust,all_test\disgust\train_train_09648_aligned.jpg
disgust,all_test\disgust\train_train_09649_aligned.jpg
disgust,all_test\disgust\train_train_09650_aligned.jpg
disgust,all_test\disgust\train_train_09651_aligned.jpg
disgust,all_test\disgust\train_train_09652_aligned.jpg
disgust,all_test\disgust\train_train_09653_aligned.jpg
disgust,all_test\disgust\train_train_09654_aligned.jpg
disgust,all_test\disgust\train_train_09655_aligned.jpg
disgust,all_test\disgust\train_train_09656_aligned.jpg
disgust,all_test\disgust\train_train_09657_aligned.jpg
disgust,all_test\disgust\train_train_09658_aligned.jpg
disgust,all_test\disgust\train_train_09659_aligned.jpg
disgust,all_test\disgust\train_train_09660_aligned.jpg
disgust,all_test\disgust\train_train_09661_aligned.jpg
disgust,all_test\disgust\train_train_09662_aligned.jpg
disgust,all_test\disgust\train_train_09663_aligned.jpg
disgust,all_test\disgust\train_train_09664_aligned.jpg
disgust,all_test\disgust\train_train_09665_aligned.jpg
disgust,all_test\disgust\train_train_09666_aligned.jpg
disgust,all_test\disgust\train_train_09667_aligned.jpg
disgust,all_test\disgust\train_train_09668_aligned.jpg
disgust,all_test\disgust\train_train_09669_aligned.jpg
disgust,all_test\disgust\train_train_09670_aligned.jpg
disgust,all_test\disgust\train_train_09671_aligned.jpg
disgust,all_test\disgust\train_train_09672_aligned.jpg
disgust,all_test\disgust\train_train_09673_aligned.jpg
disgust,all_test\disgust\train_train_09674_aligned.jpg
disgust,all_test\disgust\train_train_09675_aligned.jpg
disgust,all_test\disgust\train_train_09676_aligned.jpg
disgust,all_test\disgust\train_train_09677_aligned.jpg
disgust,all_test\disgust\train_train_09678_aligned.jpg
disgust,all_test\disgust\train_train_09679_aligned.jpg
disgust,all_test\disgust\train_train_09680_aligned.jpg
disgust,all_test\disgust\train_train_09681_aligned.jpg
disgust,all_test\disgust\train_train_09682_aligned.jpg
disgust,all_test\disgust\train_train_09683_aligned.jpg
disgust,all_test\disgust\train_train_09684_aligned.jpg
disgust,all_test\disgust\train_train_09685_aligned.jpg
disgust,all_test\disgust\train_train_09686_aligned.jpg
disgust,all_test\disgust\train_train_09687_aligned.jpg
disgust,all_test\disgust\train_train_09688_aligned.jpg
disgust,all_test\disgust\train_train_09689_aligned.jpg
disgust,all_test\disgust\train_train_09690_aligned.jpg
disgust,all_test\disgust\train_train_09691_aligned.jpg
disgust,all_test\disgust\train_train_09692_aligned.jpg
disgust,all_test\disgust\train_train_09693_aligned.jpg
disgust,all_test\disgust\train_train_09694_aligned.jpg
disgust,all_test\disgust\train_train_09695_aligned.jpg
disgust,all_test\disgust\train_train_09696_aligned.jpg
disgust,all_test\disgust\train_train_09697_aligned.jpg
disgust,all_test\disgust\train_train_09698_aligned.jpg
disgust,all_test\disgust\train_train_09699_aligned.jpg
disgust,all_test\disgust\train_train_09700_aligned.jpg
disgust,all_test\disgust\train_train_09701_aligned.jpg
disgust,all_test\disgust\train_train_09702_aligned.jpg
disgust,all_test\disgust\train_train_09703_aligned.jpg
disgust,all_test\disgust\train_train_09704_aligned.jpg
disgust,all_test\disgust\train_train_09705_aligned.jpg
disgust,all_test\disgust\train_train_09706_aligned.jpg
disgust,all_test\disgust\train_train_09707_aligned.jpg
disgust,all_test\disgust\train_train_09708_aligned.jpg
disgust,all_test\disgust\train_train_09709_aligned.jpg
disgust,all_test\disgust\train_train_09710_aligned.jpg
disgust,all_test\disgust\train_train_09711_aligned.jpg
disgust,all_test\disgust\train_train_09712_aligned.jpg
disgust,all_test\disgust\train_train_09713_aligned.jpg
disgust,all_test\disgust\train_train_09714_aligned.jpg
disgust,all_test\disgust\train_train_09715_aligned.jpg
disgust,all_test\disgust\train_train_09716_aligned.jpg
disgust,all_test\disgust\train_train_09717_aligned.jpg
disgust,all_test\disgust\train_train_09718_aligned.jpg
disgust,all_test\disgust\train_train_09719_aligned.jpg
disgust,all_test\disgust\train_train_09720_aligned.jpg
disgust,all_test\disgust\train_train_09721_aligned.jpg
disgust,all_test\disgust\train_train_09722_aligned.jpg
disgust,all_test\disgust\train_train_09723_aligned.jpg
disgust,all_test\disgust\train_train_09724_aligned.jpg
disgust,all_test\disgust\train_train_09725_aligned.jpg
disgust,all_test\disgust\train_train_09726_aligned.jpg
disgust,all_test\disgust\train_train_09727_aligned.jpg
disgust,all_test\disgust\train_train_09728_aligned.jpg
disgust,all_test\disgust\train_train_09729_aligned.jpg
disgust,all_test\disgust\train_train_09730_aligned.jpg
disgust,all_test\disgust\train_train_09731_aligned.jpg
disgust,all_test\disgust\train_train_09732_aligned.jpg
disgust,all_test\disgust\train_train_09733_aligned.jpg
disgust,all_test\disgust\train_train_09734_aligned.jpg
disgust,all_test\disgust\train_train_09735_aligned.jpg
disgust,all_test\disgust\train_train_09736_aligned.jpg
disgust,all_test\disgust\train_train_09737_aligned.jpg
disgust,all_test\disgust\train_train_09738_aligned.jpg
disgust,all_test\disgust\train_train_09739_aligned.jpg
disgust,all_test\disgust\train_train_09740_aligned.jpg
disgust,all_test\disgust\train_train_09741_aligned.jpg
disgust,all_test\disgust\train_train_09742_aligned.jpg
disgust,all_test\disgust\train_train_09743_aligned.jpg
disgust,all_test\disgust\train_train_09744_aligned.jpg
disgust,all_test\disgust\train_train_09745_aligned.jpg
disgust,all_test\disgust\train_train_09746_aligned.jpg
disgust,all_test\disgust\train_train_09747_aligned.jpg
fear,all_test\fear\test_test_0274_aligned.jpg
fear,all_test\fear\test_test_0377_aligned.jpg
fear,all_test\fear\test_test_0623_aligned.jpg
fear,all_test\fear\test_test_0859_aligned.jpg
fear,all_test\fear\test_test_1477_aligned.jpg
fear,all_test\fear\test_test_1569_aligned.jpg
fear,all_test\fear\test_test_1788_aligned.jpg
fear,all_test\fear\test_test_1792_aligned.jpg
fear,all_test\fear\test_test_2238_aligned.jpg
fear,all_test\fear\test_test_2239_aligned.jpg
fear,all_test\fear\test_test_2240_aligned.jpg
fear,all_test\fear\test_test_2241_aligned.jpg
fear,all_test\fear\test_test_2242_aligned.jpg
fear,all_test\fear\test_test_2243_aligned.jpg
fear,all_test\fear\test_test_2244_aligned.jpg
fear,all_test\fear\test_test_2245_aligned.jpg
fear,all_test\fear\test_test_2246_aligned.jpg
fear,all_test\fear\test_test_2247_aligned.jpg
fear,all_test\fear\test_test_2248_aligned.jpg
fear,all_test\fear\test_test_2249_aligned.jpg
fear,all_test\fear\test_test_2250_aligned.jpg
fear,all_test\fear\test_test_2251_aligned.jpg
fear,all_test\fear\test_test_2252_aligned.jpg
fear,all_test\fear\test_test_2253_aligned.jpg
fear,all_test\fear\test_test_2254_aligned.jpg
fear,all_test\fear\test_test_2255_aligned.jpg
fear,all_test\fear\test_test_2256_aligned.jpg
fear,all_test\fear\test_test_2257_aligned.jpg
fear,all_test\fear\test_test_2258_aligned.jpg
fear,all_test\fear\test_test_2259_aligned.jpg
fear,all_test\fear\test_test_2260_aligned.jpg
fear,all_test\fear\test_test_2261_aligned.jpg
fear,all_test\fear\test_test_2262_aligned.jpg
fear,all_test\fear\test_test_2263_aligned.jpg
fear,all_test\fear\test_test_2264_aligned.jpg
fear,all_test\fear\test_test_2265_aligned.jpg
fear,all_test\fear\test_test_2266_aligned.jpg
fear,all_test\fear\test_test_2267_aligned.jpg
fear,all_test\fear\test_test_2268_aligned.jpg
fear,all_test\fear\test_test_2269_aligned.jpg
fear,all_test\fear\test_test_2270_aligned.jpg
fear,all_test\fear\test_test_2271_aligned.jpg
fear,all_test\fear\test_test_2272_aligned.jpg
fear,all_test\fear\test_test_2273_aligned.jpg
fear,all_test\fear\test_test_2274_aligned.jpg
fear,all_test\fear\test_test_2275_aligned.jpg
fear,all_test\fear\test_test_2276_aligned.jpg
fear,all_test\fear\test_test_2277_aligned.jpg
fear,all_test\fear\test_test_2278_aligned.jpg
fear,all_test\fear\test_test_2279_aligned.jpg
fear,all_test\fear\test_test_2280_aligned.jpg
fear,all_test\fear\test_test_2281_aligned.jpg
fear,all_test\fear\test_test_2282_aligned.jpg
fear,all_test\fear\test_test_2283_aligned.jpg
fear,all_test\fear\test_test_2284_aligned.jpg
fear,all_test\fear\test_test_2285_aligned.jpg
fear,all_test\fear\test_test_2286_aligned.jpg
fear,all_test\fear\test_test_2287_aligned.jpg
fear,all_test\fear\test_test_2288_aligned.jpg
fear,all_test\fear\test_test_2289_aligned.jpg
fear,all_test\fear\test_test_2290_aligned.jpg
fear,all_test\fear\test_test_2291_aligned.jpg
fear,all_test\fear\test_test_2292_aligned.jpg
fear,all_test\fear\test_test_2293_aligned.jpg
fear,all_test\fear\test_test_2294_aligned.jpg
fear,all_test\fear\test_test_2295_aligned.jpg
fear,all_test\fear\test_test_2296_aligned.jpg
fear,all_test\fear\test_test_2297_aligned.jpg
fear,all_test\fear\test_test_2298_aligned.jpg
fear,all_test\fear\test_test_2299_aligned.jpg
fear,all_test\fear\test_test_2300_aligned.jpg
fear,all_test\fear\test_test_2301_aligned.jpg
fear,all_test\fear\test_test_2302_aligned.jpg
fear,all_test\fear\test_test_2303_aligned.jpg
fear,all_test\fear\train_train_00027_aligned.jpg
fear,all_test\fear\train_train_00614_aligned.jpg
fear,all_test\fear\train_train_00779_aligned.jpg
fear,all_test\fear\train_train_01157_aligned.jpg
fear,all_test\fear\train_train_01178_aligned.jpg
fear,all_test\fear\train_train_02040_aligned.jpg
fear,all_test\fear\train_train_02837_aligned.jpg
fear,all_test\fear\train_train_03352_aligned.jpg
fear,all_test\fear\train_train_04561_aligned.jpg
fear,all_test\fear\train_train_05172_aligned.jpg
fear,all_test\fear\train_train_05563_aligned.jpg
fear,all_test\fear\train_train_05570_aligned.jpg
fear,all_test\fear\train_train_05574_aligned.jpg
fear,all_test\fear\train_train_05788_aligned.jpg
fear,all_test\fear\train_train_06110_aligned.jpg
fear,all_test\fear\train_train_06487_aligned.jpg
fear,all_test\fear\train_train_07173_aligned.jpg
fear,all_test\fear\train_train_07258_aligned.jpg
fear,all_test\fear\train_train_07281_aligned.jpg
fear,all_test\fear\train_train_07289_aligned.jpg
fear,all_test\fear\train_train_07301_aligned.jpg
fear,all_test\fear\train_train_07302_aligned.jpg
fear,all_test\fear\train_train_07303_aligned.jpg
fear,all_test\fear\train_train_07304_aligned.jpg
fear,all_test\fear\train_train_07308_aligned.jpg
fear,all_test\fear\train_train_07324_aligned.jpg
fear,all_test\fear\train_train_07334_aligned.jpg
fear,all_test\fear\train_train_07342_aligned.jpg
fear,all_test\fear\train_train_07370_aligned.jpg
fear,all_test\fear\train_train_07372_aligned.jpg
fear,all_test\fear\train_train_07373_aligned.jpg
fear,all_test\fear\train_train_07376_aligned.jpg
fear,all_test\fear\train_train_07381_aligned.jpg
fear,all_test\fear\train_train_07382_aligned.jpg
fear,all_test\fear\train_train_07385_aligned.jpg
fear,all_test\fear\train_train_07386_aligned.jpg
fear,all_test\fear\train_train_07392_aligned.jpg
fear,all_test\fear\train_train_07393_aligned.jpg
fear,all_test\fear\train_train_08260_aligned.jpg
fear,all_test\fear\train_train_08261_aligned.jpg
fear,all_test\fear\train_train_08262_aligned.jpg
fear,all_test\fear\train_train_08621_aligned.jpg
fear,all_test\fear\train_train_09159_aligned.jpg
fear,all_test\fear\train_train_09160_aligned.jpg
fear,all_test\fear\train_train_09161_aligned.jpg
fear,all_test\fear\train_train_09162_aligned.jpg
fear,all_test\fear\train_train_09163_aligned.jpg
fear,all_test\fear\train_train_09164_aligned.jpg
fear,all_test\fear\train_train_09165_aligned.jpg
fear,all_test\fear\train_train_09166_aligned.jpg
fear,all_test\fear\train_train_09167_aligned.jpg
fear,all_test\fear\train_train_09168_aligned.jpg
fear,all_test\fear\train_train_09169_aligned.jpg
fear,all_test\fear\train_train_09170_aligned.jpg
fear,all_test\fear\train_train_09171_aligned.jpg
fear,all_test\fear\train_train_09172_aligned.jpg
fear,all_test\fear\train_train_09173_aligned.jpg
fear,all_test\fear\train_train_09174_aligned.jpg
fear,all_test\fear\train_train_09175_aligned.jpg
fear,all_test\fear\train_train_09176_aligned.jpg
fear,all_test\fear\train_train_09177_aligned.jpg
fear,all_test\fear\train_train_09178_aligned.jpg
fear,all_test\fear\train_train_09179_aligned.jpg
fear,all_test\fear\train_train_09180_aligned.jpg
fear,all_test\fear\train_train_09181_aligned.jpg
fear,all_test\fear\train_train_09182_aligned.jpg
fear,all_test\fear\train_train_09183_aligned.jpg
fear,all_test\fear\train_train_09184_aligned.jpg
fear,all_test\fear\train_train_09185_aligned.jpg
fear,all_test\fear\train_train_09186_aligned.jpg
fear,all_test\fear\train_train_09187_aligned.jpg
fear,all_test\fear\train_train_09188_aligned.jpg
fear,all_test\fear\train_train_09189_aligned.jpg
fear,all_test\fear\train_train_09190_aligned.jpg
fear,all_test\fear\train_train_09191_aligned.jpg
fear,all_test\fear\train_train_09192_aligned.jpg
fear,all_test\fear\train_train_09193_aligned.jpg
fear,all_test\fear\train_train_09194_aligned.jpg
fear,all_test\fear\train_train_09195_aligned.jpg
fear,all_test\fear\train_train_09196_aligned.jpg
fear,all_test\fear\train_train_09197_aligned.jpg
fear,all_test\fear\train_train_09198_aligned.jpg
fear,all_test\fear\train_train_09199_aligned.jpg
fear,all_test\fear\train_train_09200_aligned.jpg
fear,all_test\fear\train_train_09201_aligned.jpg
fear,all_test\fear\train_train_09202_aligned.jpg
fear,all_test\fear\train_train_09203_aligned.jpg
fear,all_test\fear\train_train_09204_aligned.jpg
fear,all_test\fear\train_train_09205_aligned.jpg
fear,all_test\fear\train_train_09206_aligned.jpg
fear,all_test\fear\train_train_09207_aligned.jpg
fear,all_test\fear\train_train_09208_aligned.jpg
fear,all_test\fear\train_train_09209_aligned.jpg
fear,all_test\fear\train_train_09210_aligned.jpg
fear,all_test\fear\train_train_09211_aligned.jpg
fear,all_test\fear\train_train_09212_aligned.jpg
fear,all_test\fear\train_train_09213_aligned.jpg
fear,all_test\fear\train_train_09214_aligned.jpg
fear,all_test\fear\train_train_09215_aligned.jpg
fear,all_test\fear\train_train_09216_aligned.jpg
fear,all_test\fear\train_train_09217_aligned.jpg
fear,all_test\fear\train_train_09218_aligned.jpg
fear,all_test\fear\train_train_09219_aligned.jpg
fear,all_test\fear\train_train_09220_aligned.jpg
fear,all_test\fear\train_train_09221_aligned.jpg
fear,all_test\fear\train_train_09222_aligned.jpg
fear,all_test\fear\train_train_09223_aligned.jpg
fear,all_test\fear\train_train_09224_aligned.jpg
fear,all_test\fear\train_train_09225_aligned.jpg
fear,all_test\fear\train_train_09226_aligned.jpg
fear,all_test\fear\train_train_09227_aligned.jpg
fear,all_test\fear\train_train_09228_aligned.jpg
fear,all_test\fear\train_train_09229_aligned.jpg
fear,all_test\fear\train_train_09230_aligned.jpg
fear,all_test\fear\train_train_09231_aligned.jpg
fear,all_test\fear\train_train_09232_aligned.jpg
fear,all_test\fear\train_train_09233_aligned.jpg
fear,all_test\fear\train_train_09234_aligned.jpg
fear,all_test\fear\train_train_09235_aligned.jpg
fear,all_test\fear\train_train_09236_aligned.jpg
fear,all_test\fear\train_train_09237_aligned.jpg
fear,all_test\fear\train_train_09238_aligned.jpg
fear,all_test\fear\train_train_09239_aligned.jpg
fear,all_test\fear\train_train_09240_aligned.jpg
fear,all_test\fear\train_train_09241_aligned.jpg
fear,all_test\fear\train_train_09242_aligned.jpg
fear,all_test\fear\train_train_09243_aligned.jpg
fear,all_test\fear\train_train_09244_aligned.jpg
fear,all_test\fear\train_train_09245_aligned.jpg
fear,all_test\fear\train_train_09246_aligned.jpg
fear,all_test\fear\train_train_09247_aligned.jpg
fear,all_test\fear\train_train_09248_aligned.jpg
fear,all_test\fear\train_train_09249_aligned.jpg
fear,all_test\fear\train_train_09250_aligned.jpg
fear,all_test\fear\train_train_09251_aligned.jpg
fear,all_test\fear\train_train_09252_aligned.jpg
fear,all_test\fear\train_train_09253_aligned.jpg
fear,all_test\fear\train_train_09254_aligned.jpg
fear,all_test\fear\train_train_09255_aligned.jpg
fear,all_test\fear\train_train_09256_aligned.jpg
fear,all_test\fear\train_train_09257_aligned.jpg
fear,all_test\fear\train_train_09258_aligned.jpg
fear,all_test\fear\train_train_09259_aligned.jpg
fear,all_test\fear\train_train_09260_aligned.jpg
fear,all_test\fear\train_train_09261_aligned.jpg
fear,all_test\fear\train_train_09262_aligned.jpg
fear,all_test\fear\train_train_09263_aligned.jpg
fear,all_test\fear\train_train_09264_aligned.jpg
fear,all_test\fear\train_train_09265_aligned.jpg
fear,all_test\fear\train_train_09266_aligned.jpg
fear,all_test\fear\train_train_09267_aligned.jpg
fear,all_test\fear\train_train_09268_aligned.jpg
fear,all_test\fear\train_train_09269_aligned.jpg
fear,all_test\fear\train_train_09270_aligned.jpg
fear,all_test\fear\train_train_09271_aligned.jpg
fear,all_test\fear\train_train_09272_aligned.jpg
fear,all_test\fear\train_train_09273_aligned.jpg
fear,all_test\fear\train_train_09274_aligned.jpg
fear,all_test\fear\train_train_09275_aligned.jpg
fear,all_test\fear\train_train_09276_aligned.jpg
fear,all_test\fear\train_train_09277_aligned.jpg
fear,all_test\fear\train_train_09278_aligned.jpg
fear,all_test\fear\train_train_09279_aligned.jpg
fear,all_test\fear\train_train_09280_aligned.jpg
fear,all_test\fear\train_train_09281_aligned.jpg
fear,all_test\fear\train_train_09282_aligned.jpg
fear,all_test\fear\train_train_09283_aligned.jpg
fear,all_test\fear\train_train_09284_aligned.jpg
fear,all_test\fear\train_train_09285_aligned.jpg
fear,all_test\fear\train_train_09286_aligned.jpg
fear,all_test\fear\train_train_09287_aligned.jpg
fear,all_test\fear\train_train_09288_aligned.jpg
fear,all_test\fear\train_train_09289_aligned.jpg
fear,all_test\fear\train_train_09290_aligned.jpg
fear,all_test\fear\train_train_09291_aligned.jpg
fear,all_test\fear\train_train_09292_aligned.jpg
fear,all_test\fear\train_train_09293_aligned.jpg
fear,all_test\fear\train_train_09294_aligned.jpg
fear,all_test\fear\train_train_09295_aligned.jpg
fear,all_test\fear\train_train_09296_aligned.jpg
fear,all_test\fear\train_train_09297_aligned.jpg
fear,all_test\fear\train_train_09298_aligned.jpg
fear,all_test\fear\train_train_09299_aligned.jpg
fear,all_test\fear\train_train_09300_aligned.jpg
fear,all_test\fear\train_train_09301_aligned.jpg
fear,all_test\fear\train_train_09302_aligned.jpg
fear,all_test\fear\train_train_09303_aligned.jpg
fear,all_test\fear\train_train_09304_aligned.jpg
fear,all_test\fear\train_train_09305_aligned.jpg
fear,all_test\fear\train_train_09306_aligned.jpg
fear,all_test\fear\train_train_09307_aligned.jpg
fear,all_test\fear\train_train_09308_aligned.jpg
fear,all_test\fear\train_train_09309_aligned.jpg
fear,all_test\fear\train_train_09310_aligned.jpg
fear,all_test\fear\train_train_09311_aligned.jpg
fear,all_test\fear\train_train_09312_aligned.jpg
fear,all_test\fear\train_train_09313_aligned.jpg
fear,all_test\fear\train_train_09314_aligned.jpg
fear,all_test\fear\train_train_09315_aligned.jpg
fear,all_test\fear\train_train_09316_aligned.jpg
fear,all_test\fear\train_train_09317_aligned.jpg
fear,all_test\fear\train_train_09318_aligned.jpg
fear,all_test\fear\train_train_09319_aligned.jpg
fear,all_test\fear\train_train_09320_aligned.jpg
fear,all_test\fear\train_train_09321_aligned.jpg
fear,all_test\fear\train_train_09322_aligned.jpg
fear,all_test\fear\train_train_09323_aligned.jpg
fear,all_test\fear\train_train_09324_aligned.jpg
fear,all_test\fear\train_train_09325_aligned.jpg
fear,all_test\fear\train_train_09326_aligned.jpg
fear,all_test\fear\train_train_09327_aligned.jpg
fear,all_test\fear\train_train_09328_aligned.jpg
fear,all_test\fear\train_train_09329_aligned.jpg
fear,all_test\fear\train_train_09330_aligned.jpg
fear,all_test\fear\train_train_09331_aligned.jpg
fear,all_test\fear\train_train_09332_aligned.jpg
fear,all_test\fear\train_train_09333_aligned.jpg
fear,all_test\fear\train_train_09334_aligned.jpg
fear,all_test\fear\train_train_09335_aligned.jpg
fear,all_test\fear\train_train_09336_aligned.jpg
fear,all_test\fear\train_train_09337_aligned.jpg
fear,all_test\fear\train_train_09338_aligned.jpg
fear,all_test\fear\train_train_09339_aligned.jpg
fear,all_test\fear\train_train_09340_aligned.jpg
fear,all_test\fear\train_train_09341_aligned.jpg
fear,all_test\fear\train_train_09342_aligned.jpg
fear,all_test\fear\train_train_09343_aligned.jpg
fear,all_test\fear\train_train_09344_aligned.jpg
fear,all_test\fear\train_train_09345_aligned.jpg
fear,all_test\fear\train_train_09346_aligned.jpg
fear,all_test\fear\train_train_09347_aligned.jpg
fear,all_test\fear\train_train_09348_aligned.jpg
fear,all_test\fear\train_train_09349_aligned.jpg
fear,all_test\fear\train_train_09350_aligned.jpg
fear,all_test\fear\train_train_09351_aligned.jpg
fear,all_test\fear\train_train_09352_aligned.jpg
fear,all_test\fear\train_train_09353_aligned.jpg
fear,all_test\fear\train_train_09354_aligned.jpg
fear,all_test\fear\train_train_09355_aligned.jpg
fear,all_test\fear\train_train_09356_aligned.jpg
fear,all_test\fear\train_train_09357_aligned.jpg
fear,all_test\fear\train_train_09358_aligned.jpg
fear,all_test\fear\train_train_09359_aligned.jpg
fear,all_test\fear\train_train_09360_aligned.jpg
fear,all_test\fear\train_train_09361_aligned.jpg
fear,all_test\fear\train_train_09362_aligned.jpg
fear,all_test\fear\train_train_09363_aligned.jpg
fear,all_test\fear\train_train_09364_aligned.jpg
fear,all_test\fear\train_train_09365_aligned.jpg
fear,all_test\fear\train_train_09366_aligned.jpg
fear,all_test\fear\train_train_09367_aligned.jpg
fear,all_test\fear\train_train_09368_aligned.jpg
fear,all_test\fear\train_train_09369_aligned.jpg
fear,all_test\fear\train_train_09370_aligned.jpg
fear,all_test\fear\train_train_09371_aligned.jpg
fear,all_test\fear\train_train_09372_aligned.jpg
fear,all_test\fear\train_train_09373_aligned.jpg
fear,all_test\fear\train_train_09374_aligned.jpg
fear,all_test\fear\train_train_09375_aligned.jpg
fear,all_test\fear\train_train_09376_aligned.jpg
fear,all_test\fear\train_train_09377_aligned.jpg
fear,all_test\fear\train_train_09378_aligned.jpg
fear,all_test\fear\train_train_09379_aligned.jpg
fear,all_test\fear\train_train_09380_aligned.jpg
fear,all_test\fear\train_train_09381_aligned.jpg
fear,all_test\fear\train_train_09382_aligned.jpg
fear,all_test\fear\train_train_09383_aligned.jpg
fear,all_test\fear\train_train_09384_aligned.jpg
fear,all_test\fear\train_train_09385_aligned.jpg
fear,all_test\fear\train_train_09386_aligned.jpg
fear,all_test\fear\train_train_09387_aligned.jpg
fear,all_test\fear\train_train_09388_aligned.jpg
fear,all_test\fear\train_train_09389_aligned.jpg
fear,all_test\fear\train_train_09390_aligned.jpg
fear,all_test\fear\train_train_09391_aligned.jpg
fear,all_test\fear\train_train_09392_aligned.jpg
fear,all_test\fear\train_train_09393_aligned.jpg
fear,all_test\fear\train_train_09394_aligned.jpg
fear,all_test\fear\train_train_09395_aligned.jpg
fear,all_test\fear\train_train_09396_aligned.jpg
fear,all_test\fear\train_train_09397_aligned.jpg
happiness,all_test\happiness\test_test_0003_aligned.jpg
happiness,all_test\happiness\test_test_0009_aligned.jpg
happiness,all_test\happiness\test_test_0010_aligned.jpg
happiness,all_test\happiness\test_test_0012_aligned.jpg
happiness,all_test\happiness\test_test_0013_aligned.jpg
happiness,all_test\happiness\test_test_0014_aligned.jpg
happiness,all_test\happiness\test_test_0016_aligned.jpg
happiness,all_test\happiness\test_test_0019_aligned.jpg
happiness,all_test\happiness\test_test_0020_aligned.jpg
happiness,all_test\happiness\test_test_0021_aligned.jpg
happiness,all_test\happiness\test_test_0025_aligned.jpg
happiness,all_test\happiness\test_test_0026_aligned.jpg
happiness,all_test\happiness\test_test_0028_aligned.jpg
happiness,all_test\happiness\test_test_0029_aligned.jpg
happiness,all_test\happiness\test_test_0032_aligned.jpg
happiness,all_test\happiness\test_test_0033_aligned.jpg
happiness,all_test\happiness\test_test_0038_aligned.jpg
happiness,all_test\happiness\test_test_0040_aligned.jpg
happiness,all_test\happiness\test_test_0041_aligned.jpg
happiness,all_test\happiness\test_test_0044_aligned.jpg
happiness,all_test\happiness\test_test_0046_aligned.jpg
happiness,all_test\happiness\test_test_0047_aligned.jpg
happiness,all_test\happiness\test_test_0048_aligned.jpg
happiness,all_test\happiness\test_test_0050_aligned.jpg
happiness,all_test\happiness\test_test_0051_aligned.jpg
happiness,all_test\happiness\test_test_0052_aligned.jpg
happiness,all_test\happiness\test_test_0053_aligned.jpg
happiness,all_test\happiness\test_test_0054_aligned.jpg
happiness,all_test\happiness\test_test_0055_aligned.jpg
happiness,all_test\happiness\test_test_0056_aligned.jpg
happiness,all_test\happiness\test_test_0058_aligned.jpg
happiness,all_test\happiness\test_test_0060_aligned.jpg
happiness,all_test\happiness\test_test_0061_aligned.jpg
happiness,all_test\happiness\test_test_0063_aligned.jpg
happiness,all_test\happiness\test_test_0064_aligned.jpg
happiness,all_test\happiness\test_test_0065_aligned.jpg
happiness,all_test\happiness\test_test_0066_aligned.jpg
happiness,all_test\happiness\test_test_0067_aligned.jpg
happiness,all_test\happiness\test_test_0068_aligned.jpg
happiness,all_test\happiness\test_test_0071_aligned.jpg
happiness,all_test\happiness\test_test_0072_aligned.jpg
happiness,all_test\happiness\test_test_0074_aligned.jpg
happiness,all_test\happiness\test_test_0075_aligned.jpg
happiness,all_test\happiness\test_test_0077_aligned.jpg
happiness,all_test\happiness\test_test_0078_aligned.jpg
happiness,all_test\happiness\test_test_0079_aligned.jpg
happiness,all_test\happiness\test_test_0082_aligned.jpg
happiness,all_test\happiness\test_test_0083_aligned.jpg
happiness,all_test\happiness\test_test_0087_aligned.jpg
happiness,all_test\happiness\test_test_0092_aligned.jpg
happiness,all_test\happiness\test_test_0093_aligned.jpg
happiness,all_test\happiness\test_test_0097_aligned.jpg
happiness,all_test\happiness\test_test_0098_aligned.jpg
happiness,all_test\happiness\test_test_0101_aligned.jpg
happiness,all_test\happiness\test_test_0105_aligned.jpg
happiness,all_test\happiness\test_test_0106_aligned.jpg
happiness,all_test\happiness\test_test_0108_aligned.jpg
happiness,all_test\happiness\test_test_0109_aligned.jpg
happiness,all_test\happiness\test_test_0110_aligned.jpg
happiness,all_test\happiness\test_test_0111_aligned.jpg
happiness,all_test\happiness\test_test_0112_aligned.jpg
happiness,all_test\happiness\test_test_0113_aligned.jpg
happiness,all_test\happiness\test_test_0114_aligned.jpg
happiness,all_test\happiness\test_test_0115_aligned.jpg
happiness,all_test\happiness\test_test_0116_aligned.jpg
happiness,all_test\happiness\test_test_0117_aligned.jpg
happiness,all_test\happiness\test_test_0118_aligned.jpg
happiness,all_test\happiness\test_test_0120_aligned.jpg
happiness,all_test\happiness\test_test_0122_aligned.jpg
happiness,all_test\happiness\test_test_0124_aligned.jpg
happiness,all_test\happiness\test_test_0126_aligned.jpg
happiness,all_test\happiness\test_test_0128_aligned.jpg
happiness,all_test\happiness\test_test_0129_aligned.jpg
happiness,all_test\happiness\test_test_0130_aligned.jpg
happiness,all_test\happiness\test_test_0131_aligned.jpg
happiness,all_test\happiness\test_test_0132_aligned.jpg
happiness,all_test\happiness\test_test_0133_aligned.jpg
happiness,all_test\happiness\test_test_0137_aligned.jpg
happiness,all_test\happiness\test_test_0138_aligned.jpg
happiness,all_test\happiness\test_test_0139_aligned.jpg
happiness,all_test\happiness\test_test_0140_aligned.jpg
happiness,all_test\happiness\test_test_0141_aligned.jpg
happiness,all_test\happiness\test_test_0143_aligned.jpg
happiness,all_test\happiness\test_test_0144_aligned.jpg
happiness,all_test\happiness\test_test_0150_aligned.jpg
happiness,all_test\happiness\test_test_0154_aligned.jpg
happiness,all_test\happiness\test_test_0157_aligned.jpg
happiness,all_test\happiness\test_test_0158_aligned.jpg
happiness,all_test\happiness\test_test_0159_aligned.jpg
happiness,all_test\happiness\test_test_0161_aligned.jpg
happiness,all_test\happiness\test_test_0166_aligned.jpg
happiness,all_test\happiness\test_test_0167_aligned.jpg
happiness,all_test\happiness\test_test_0170_aligned.jpg
happiness,all_test\happiness\test_test_0173_aligned.jpg
happiness,all_test\happiness\test_test_0174_aligned.jpg
happiness,all_test\happiness\test_test_0175_aligned.jpg
happiness,all_test\happiness\test_test_0176_aligned.jpg
happiness,all_test\happiness\test_test_0177_aligned.jpg
happiness,all_test\happiness\test_test_0178_aligned.jpg
happiness,all_test\happiness\test_test_0179_aligned.jpg
happiness,all_test\happiness\test_test_0181_aligned.jpg
happiness,all_test\happiness\test_test_0182_aligned.jpg
happiness,all_test\happiness\test_test_0183_aligned.jpg
happiness,all_test\happiness\test_test_0184_aligned.jpg
happiness,all_test\happiness\test_test_0188_aligned.jpg
happiness,all_test\happiness\test_test_0191_aligned.jpg
happiness,all_test\happiness\test_test_0192_aligned.jpg
happiness,all_test\happiness\test_test_0193_aligned.jpg
happiness,all_test\happiness\test_test_0194_aligned.jpg
happiness,all_test\happiness\test_test_0199_aligned.jpg
happiness,all_test\happiness\test_test_0204_aligned.jpg
happiness,all_test\happiness\test_test_0206_aligned.jpg
happiness,all_test\happiness\test_test_0208_aligned.jpg
happiness,all_test\happiness\test_test_0209_aligned.jpg
happiness,all_test\happiness\test_test_0212_aligned.jpg
happiness,all_test\happiness\test_test_0213_aligned.jpg
happiness,all_test\happiness\test_test_0221_aligned.jpg
happiness,all_test\happiness\test_test_0222_aligned.jpg
happiness,all_test\happiness\test_test_0223_aligned.jpg
happiness,all_test\happiness\test_test_0224_aligned.jpg
happiness,all_test\happiness\test_test_0227_aligned.jpg
happiness,all_test\happiness\test_test_0230_aligned.jpg
happiness,all_test\happiness\test_test_0231_aligned.jpg
happiness,all_test\happiness\test_test_0232_aligned.jpg
happiness,all_test\happiness\test_test_0233_aligned.jpg
happiness,all_test\happiness\test_test_0234_aligned.jpg
happiness,all_test\happiness\test_test_0236_aligned.jpg
happiness,all_test\happiness\test_test_0237_aligned.jpg
happiness,all_test\happiness\test_test_0238_aligned.jpg
happiness,all_test\happiness\test_test_0239_aligned.jpg
happiness,all_test\happiness\test_test_0247_aligned.jpg
happiness,all_test\happiness\test_test_0248_aligned.jpg
happiness,all_test\happiness\test_test_0250_aligned.jpg
happiness,all_test\happiness\test_test_0251_aligned.jpg
happiness,all_test\happiness\test_test_0252_aligned.jpg
happiness,all_test\happiness\test_test_0253_aligned.jpg
happiness,all_test\happiness\test_test_0254_aligned.jpg
happiness,all_test\happiness\test_test_0255_aligned.jpg
happiness,all_test\happiness\test_test_0256_aligned.jpg
happiness,all_test\happiness\test_test_0257_aligned.jpg
happiness,all_test\happiness\test_test_0258_aligned.jpg
happiness,all_test\happiness\test_test_0260_aligned.jpg
happiness,all_test\happiness\test_test_0261_aligned.jpg
happiness,all_test\happiness\test_test_0262_aligned.jpg
happiness,all_test\happiness\test_test_0265_aligned.jpg
happiness,all_test\happiness\test_test_0266_aligned.jpg
happiness,all_test\happiness\test_test_0267_aligned.jpg
happiness,all_test\happiness\test_test_0268_aligned.jpg
happiness,all_test\happiness\test_test_0269_aligned.jpg
happiness,all_test\happiness\test_test_0270_aligned.jpg
happiness,all_test\happiness\test_test_0271_aligned.jpg
happiness,all_test\happiness\test_test_0272_aligned.jpg
happiness,all_test\happiness\test_test_0275_aligned.jpg
happiness,all_test\happiness\test_test_0277_aligned.jpg
happiness,all_test\happiness\test_test_0279_aligned.jpg
happiness,all_test\happiness\test_test_0282_aligned.jpg
happiness,all_test\happiness\test_test_0285_aligned.jpg
happiness,all_test\happiness\test_test_0287_aligned.jpg
happiness,all_test\happiness\test_test_0289_aligned.jpg
happiness,all_test\happiness\test_test_0291_aligned.jpg
happiness,all_test\happiness\test_test_0292_aligned.jpg
happiness,all_test\happiness\test_test_0302_aligned.jpg
happiness,all_test\happiness\test_test_0303_aligned.jpg
happiness,all_test\happiness\test_test_0304_aligned.jpg
happiness,all_test\happiness\test_test_0305_aligned.jpg
happiness,all_test\happiness\test_test_0306_aligned.jpg
happiness,all_test\happiness\test_test_0307_aligned.jpg
happiness,all_test\happiness\test_test_0308_aligned.jpg
happiness,all_test\happiness\test_test_0309_aligned.jpg
happiness,all_test\happiness\test_test_0310_aligned.jpg
happiness,all_test\happiness\test_test_0311_aligned.jpg
happiness,all_test\happiness\test_test_0312_aligned.jpg
happiness,all_test\happiness\test_test_0313_aligned.jpg
happiness,all_test\happiness\test_test_0317_aligned.jpg
happiness,all_test\happiness\test_test_0320_aligned.jpg
happiness,all_test\happiness\test_test_0322_aligned.jpg
happiness,all_test\happiness\test_test_0324_aligned.jpg
happiness,all_test\happiness\test_test_0329_aligned.jpg
happiness,all_test\happiness\test_test_0330_aligned.jpg
happiness,all_test\happiness\test_test_0331_aligned.jpg
happiness,all_test\happiness\test_test_0332_aligned.jpg
happiness,all_test\happiness\test_test_0333_aligned.jpg
happiness,all_test\happiness\test_test_0334_aligned.jpg
happiness,all_test\happiness\test_test_0335_aligned.jpg
happiness,all_test\happiness\test_test_0337_aligned.jpg
happiness,all_test\happiness\test_test_0338_aligned.jpg
happiness,all_test\happiness\test_test_0345_aligned.jpg
happiness,all_test\happiness\test_test_0350_aligned.jpg
happiness,all_test\happiness\test_test_0352_aligned.jpg
happiness,all_test\happiness\test_test_0353_aligned.jpg
happiness,all_test\happiness\test_test_0362_aligned.jpg
happiness,all_test\happiness\test_test_0364_aligned.jpg
happiness,all_test\happiness\test_test_0366_aligned.jpg
happiness,all_test\happiness\test_test_0367_aligned.jpg
happiness,all_test\happiness\test_test_0369_aligned.jpg
happiness,all_test\happiness\test_test_0370_aligned.jpg
happiness,all_test\happiness\test_test_0371_aligned.jpg
happiness,all_test\happiness\test_test_0372_aligned.jpg
happiness,all_test\happiness\test_test_0373_aligned.jpg
happiness,all_test\happiness\test_test_0374_aligned.jpg
happiness,all_test\happiness\test_test_0375_aligned.jpg
happiness,all_test\happiness\test_test_0376_aligned.jpg
happiness,all_test\happiness\test_test_0378_aligned.jpg
happiness,all_test\happiness\test_test_0379_aligned.jpg
happiness,all_test\happiness\test_test_0380_aligned.jpg
happiness,all_test\happiness\test_test_0383_aligned.jpg
happiness,all_test\happiness\test_test_0384_aligned.jpg
happiness,all_test\happiness\test_test_0386_aligned.jpg
happiness,all_test\happiness\test_test_0388_aligned.jpg
happiness,all_test\happiness\test_test_0390_aligned.jpg
happiness,all_test\happiness\test_test_0391_aligned.jpg
happiness,all_test\happiness\test_test_0392_aligned.jpg
happiness,all_test\happiness\test_test_0393_aligned.jpg
happiness,all_test\happiness\test_test_0394_aligned.jpg
happiness,all_test\happiness\test_test_0396_aligned.jpg
happiness,all_test\happiness\test_test_0397_aligned.jpg
happiness,all_test\happiness\test_test_0398_aligned.jpg
happiness,all_test\happiness\test_test_0399_aligned.jpg
happiness,all_test\happiness\test_test_0400_aligned.jpg
happiness,all_test\happiness\test_test_0402_aligned.jpg
happiness,all_test\happiness\test_test_0405_aligned.jpg
happiness,all_test\happiness\test_test_0406_aligned.jpg
happiness,all_test\happiness\test_test_0407_aligned.jpg
happiness,all_test\happiness\test_test_0408_aligned.jpg
happiness,all_test\happiness\test_test_0410_aligned.jpg
happiness,all_test\happiness\test_test_0411_aligned.jpg
happiness,all_test\happiness\test_test_0412_aligned.jpg
happiness,all_test\happiness\test_test_0414_aligned.jpg
happiness,all_test\happiness\test_test_0415_aligned.jpg
happiness,all_test\happiness\test_test_0417_aligned.jpg
happiness,all_test\happiness\test_test_0418_aligned.jpg
happiness,all_test\happiness\test_test_0419_aligned.jpg
happiness,all_test\happiness\test_test_0421_aligned.jpg
happiness,all_test\happiness\test_test_0422_aligned.jpg
happiness,all_test\happiness\test_test_0423_aligned.jpg
happiness,all_test\happiness\test_test_0425_aligned.jpg
happiness,all_test\happiness\test_test_0426_aligned.jpg
happiness,all_test\happiness\test_test_0427_aligned.jpg
happiness,all_test\happiness\test_test_0428_aligned.jpg
happiness,all_test\happiness\test_test_0433_aligned.jpg
happiness,all_test\happiness\test_test_0435_aligned.jpg
happiness,all_test\happiness\test_test_0436_aligned.jpg
happiness,all_test\happiness\test_test_0437_aligned.jpg
happiness,all_test\happiness\test_test_0439_aligned.jpg
happiness,all_test\happiness\test_test_0442_aligned.jpg
happiness,all_test\happiness\test_test_0443_aligned.jpg
happiness,all_test\happiness\test_test_0444_aligned.jpg
happiness,all_test\happiness\test_test_0445_aligned.jpg
happiness,all_test\happiness\test_test_0447_aligned.jpg
happiness,all_test\happiness\test_test_0448_aligned.jpg
happiness,all_test\happiness\test_test_0449_aligned.jpg
happiness,all_test\happiness\test_test_0450_aligned.jpg
happiness,all_test\happiness\test_test_0451_aligned.jpg
happiness,all_test\happiness\test_test_0453_aligned.jpg
happiness,all_test\happiness\test_test_0454_aligned.jpg
happiness,all_test\happiness\test_test_0455_aligned.jpg
happiness,all_test\happiness\test_test_0456_aligned.jpg
happiness,all_test\happiness\test_test_0457_aligned.jpg
happiness,all_test\happiness\test_test_0458_aligned.jpg
happiness,all_test\happiness\test_test_0459_aligned.jpg
happiness,all_test\happiness\test_test_0460_aligned.jpg
happiness,all_test\happiness\test_test_0461_aligned.jpg
happiness,all_test\happiness\test_test_0462_aligned.jpg
happiness,all_test\happiness\test_test_0463_aligned.jpg
happiness,all_test\happiness\test_test_0464_aligned.jpg
happiness,all_test\happiness\test_test_0465_aligned.jpg
happiness,all_test\happiness\test_test_0466_aligned.jpg
happiness,all_test\happiness\test_test_0467_aligned.jpg
happiness,all_test\happiness\test_test_0468_aligned.jpg
happiness,all_test\happiness\test_test_0469_aligned.jpg
happiness,all_test\happiness\test_test_0473_aligned.jpg
happiness,all_test\happiness\test_test_0474_aligned.jpg
happiness,all_test\happiness\test_test_0475_aligned.jpg
happiness,all_test\happiness\test_test_0477_aligned.jpg
happiness,all_test\happiness\test_test_0478_aligned.jpg
happiness,all_test\happiness\test_test_0479_aligned.jpg
happiness,all_test\happiness\test_test_0480_aligned.jpg
happiness,all_test\happiness\test_test_0481_aligned.jpg
happiness,all_test\happiness\test_test_0484_aligned.jpg
happiness,all_test\happiness\test_test_0485_aligned.jpg
happiness,all_test\happiness\test_test_0486_aligned.jpg
happiness,all_test\happiness\test_test_0487_aligned.jpg
happiness,all_test\happiness\test_test_0488_aligned.jpg
happiness,all_test\happiness\test_test_0489_aligned.jpg
happiness,all_test\happiness\test_test_0490_aligned.jpg
happiness,all_test\happiness\test_test_0492_aligned.jpg
happiness,all_test\happiness\test_test_0493_aligned.jpg
happiness,all_test\happiness\test_test_0494_aligned.jpg
happiness,all_test\happiness\test_test_0495_aligned.jpg
happiness,all_test\happiness\test_test_0496_aligned.jpg
happiness,all_test\happiness\test_test_0497_aligned.jpg
happiness,all_test\happiness\test_test_0498_aligned.jpg
happiness,all_test\happiness\test_test_0500_aligned.jpg
happiness,all_test\happiness\test_test_0501_aligned.jpg
happiness,all_test\happiness\test_test_0502_aligned.jpg
happiness,all_test\happiness\test_test_0503_aligned.jpg
happiness,all_test\happiness\test_test_0504_aligned.jpg
happiness,all_test\happiness\test_test_0505_aligned.jpg
happiness,all_test\happiness\test_test_0506_aligned.jpg
happiness,all_test\happiness\test_test_0508_aligned.jpg
happiness,all_test\happiness\test_test_0509_aligned.jpg
happiness,all_test\happiness\test_test_0510_aligned.jpg
happiness,all_test\happiness\test_test_0511_aligned.jpg
happiness,all_test\happiness\test_test_0512_aligned.jpg
happiness,all_test\happiness\test_test_0515_aligned.jpg
happiness,all_test\happiness\test_test_0516_aligned.jpg
happiness,all_test\happiness\test_test_0518_aligned.jpg
happiness,all_test\happiness\test_test_0519_aligned.jpg
happiness,all_test\happiness\test_test_0520_aligned.jpg
happiness,all_test\happiness\test_test_0521_aligned.jpg
happiness,all_test\happiness\test_test_0522_aligned.jpg
happiness,all_test\happiness\test_test_0523_aligned.jpg
happiness,all_test\happiness\test_test_0524_aligned.jpg
happiness,all_test\happiness\test_test_0525_aligned.jpg
happiness,all_test\happiness\test_test_0527_aligned.jpg
happiness,all_test\happiness\test_test_0528_aligned.jpg
happiness,all_test\happiness\test_test_0529_aligned.jpg
happiness,all_test\happiness\test_test_0530_aligned.jpg
happiness,all_test\happiness\test_test_0531_aligned.jpg
happiness,all_test\happiness\test_test_0532_aligned.jpg
happiness,all_test\happiness\test_test_0533_aligned.jpg
happiness,all_test\happiness\test_test_0534_aligned.jpg
happiness,all_test\happiness\test_test_0535_aligned.jpg
happiness,all_test\happiness\test_test_0536_aligned.jpg
happiness,all_test\happiness\test_test_0538_aligned.jpg
happiness,all_test\happiness\test_test_0539_aligned.jpg
happiness,all_test\happiness\test_test_0543_aligned.jpg
happiness,all_test\happiness\test_test_0544_aligned.jpg
happiness,all_test\happiness\test_test_0545_aligned.jpg
happiness,all_test\happiness\test_test_0546_aligned.jpg
happiness,all_test\happiness\test_test_0547_aligned.jpg
happiness,all_test\happiness\test_test_0548_aligned.jpg
happiness,all_test\happiness\test_test_0549_aligned.jpg
happiness,all_test\happiness\test_test_0552_aligned.jpg
happiness,all_test\happiness\test_test_0553_aligned.jpg
happiness,all_test\happiness\test_test_0554_aligned.jpg
happiness,all_test\happiness\test_test_0555_aligned.jpg
happiness,all_test\happiness\test_test_0556_aligned.jpg
happiness,all_test\happiness\test_test_0557_aligned.jpg
happiness,all_test\happiness\test_test_0558_aligned.jpg
happiness,all_test\happiness\test_test_0559_aligned.jpg
happiness,all_test\happiness\test_test_0561_aligned.jpg
happiness,all_test\happiness\test_test_0562_aligned.jpg
happiness,all_test\happiness\test_test_0563_aligned.jpg
happiness,all_test\happiness\test_test_0565_aligned.jpg
happiness,all_test\happiness\test_test_0567_aligned.jpg
happiness,all_test\happiness\test_test_0568_aligned.jpg
happiness,all_test\happiness\test_test_0569_aligned.jpg
happiness,all_test\happiness\test_test_0570_aligned.jpg
happiness,all_test\happiness\test_test_0571_aligned.jpg
happiness,all_test\happiness\test_test_0572_aligned.jpg
happiness,all_test\happiness\test_test_0573_aligned.jpg
happiness,all_test\happiness\test_test_0574_aligned.jpg
happiness,all_test\happiness\test_test_0575_aligned.jpg
happiness,all_test\happiness\test_test_0576_aligned.jpg
happiness,all_test\happiness\test_test_0578_aligned.jpg
happiness,all_test\happiness\test_test_0579_aligned.jpg
happiness,all_test\happiness\test_test_0580_aligned.jpg
happiness,all_test\happiness\test_test_0581_aligned.jpg
happiness,all_test\happiness\test_test_0582_aligned.jpg
happiness,all_test\happiness\test_test_0583_aligned.jpg
happiness,all_test\happiness\test_test_0584_aligned.jpg
happiness,all_test\happiness\test_test_0586_aligned.jpg
happiness,all_test\happiness\test_test_0587_aligned.jpg
happiness,all_test\happiness\test_test_0588_aligned.jpg
happiness,all_test\happiness\test_test_0589_aligned.jpg
happiness,all_test\happiness\test_test_0590_aligned.jpg
happiness,all_test\happiness\test_test_0591_aligned.jpg
happiness,all_test\happiness\test_test_0592_aligned.jpg
happiness,all_test\happiness\test_test_0594_aligned.jpg
happiness,all_test\happiness\test_test_0596_aligned.jpg
happiness,all_test\happiness\test_test_0597_aligned.jpg
happiness,all_test\happiness\test_test_0599_aligned.jpg
happiness,all_test\happiness\test_test_0600_aligned.jpg
happiness,all_test\happiness\test_test_0602_aligned.jpg
happiness,all_test\happiness\test_test_0604_aligned.jpg
happiness,all_test\happiness\test_test_0605_aligned.jpg
happiness,all_test\happiness\test_test_0607_aligned.jpg
happiness,all_test\happiness\test_test_0608_aligned.jpg
happiness,all_test\happiness\test_test_0609_aligned.jpg
happiness,all_test\happiness\test_test_0611_aligned.jpg
happiness,all_test\happiness\test_test_0612_aligned.jpg
happiness,all_test\happiness\test_test_0613_aligned.jpg
happiness,all_test\happiness\test_test_0614_aligned.jpg
happiness,all_test\happiness\test_test_0615_aligned.jpg
happiness,all_test\happiness\test_test_0617_aligned.jpg
happiness,all_test\happiness\test_test_0618_aligned.jpg
happiness,all_test\happiness\test_test_0619_aligned.jpg
happiness,all_test\happiness\test_test_0620_aligned.jpg
happiness,all_test\happiness\test_test_0621_aligned.jpg
happiness,all_test\happiness\test_test_0622_aligned.jpg
happiness,all_test\happiness\test_test_0625_aligned.jpg
happiness,all_test\happiness\test_test_0626_aligned.jpg
happiness,all_test\happiness\test_test_0627_aligned.jpg
happiness,all_test\happiness\test_test_0628_aligned.jpg
happiness,all_test\happiness\test_test_0630_aligned.jpg
happiness,all_test\happiness\test_test_0631_aligned.jpg
happiness,all_test\happiness\test_test_0632_aligned.jpg
happiness,all_test\happiness\test_test_0633_aligned.jpg
happiness,all_test\happiness\test_test_0634_aligned.jpg
happiness,all_test\happiness\test_test_0635_aligned.jpg
happiness,all_test\happiness\test_test_0636_aligned.jpg
happiness,all_test\happiness\test_test_0637_aligned.jpg
happiness,all_test\happiness\test_test_0638_aligned.jpg
happiness,all_test\happiness\test_test_0641_aligned.jpg
happiness,all_test\happiness\test_test_0642_aligned.jpg
happiness,all_test\happiness\test_test_0643_aligned.jpg
happiness,all_test\happiness\test_test_0645_aligned.jpg
happiness,all_test\happiness\test_test_0646_aligned.jpg
happiness,all_test\happiness\test_test_0647_aligned.jpg
happiness,all_test\happiness\test_test_0648_aligned.jpg
happiness,all_test\happiness\test_test_0649_aligned.jpg
happiness,all_test\happiness\test_test_0650_aligned.jpg
happiness,all_test\happiness\test_test_0651_aligned.jpg
happiness,all_test\happiness\test_test_0653_aligned.jpg
happiness,all_test\happiness\test_test_0654_aligned.jpg
happiness,all_test\happiness\test_test_0657_aligned.jpg
happiness,all_test\happiness\test_test_0658_aligned.jpg
happiness,all_test\happiness\test_test_0660_aligned.jpg
happiness,all_test\happiness\test_test_0661_aligned.jpg
happiness,all_test\happiness\test_test_0662_aligned.jpg
happiness,all_test\happiness\test_test_0663_aligned.jpg
happiness,all_test\happiness\test_test_0664_aligned.jpg
happiness,all_test\happiness\test_test_0665_aligned.jpg
happiness,all_test\happiness\test_test_0666_aligned.jpg
happiness,all_test\happiness\test_test_0667_aligned.jpg
happiness,all_test\happiness\test_test_0668_aligned.jpg
happiness,all_test\happiness\test_test_0669_aligned.jpg
happiness,all_test\happiness\test_test_0670_aligned.jpg
happiness,all_test\happiness\test_test_0672_aligned.jpg
happiness,all_test\happiness\test_test_0673_aligned.jpg
happiness,all_test\happiness\test_test_0676_aligned.jpg
happiness,all_test\happiness\test_test_0677_aligned.jpg
happiness,all_test\happiness\test_test_0680_aligned.jpg
happiness,all_test\happiness\test_test_0681_aligned.jpg
happiness,all_test\happiness\test_test_0682_aligned.jpg
happiness,all_test\happiness\test_test_0683_aligned.jpg
happiness,all_test\happiness\test_test_0685_aligned.jpg
happiness,all_test\happiness\test_test_0688_aligned.jpg
happiness,all_test\happiness\test_test_0690_aligned.jpg
happiness,all_test\happiness\test_test_0692_aligned.jpg
happiness,all_test\happiness\test_test_0693_aligned.jpg
happiness,all_test\happiness\test_test_0696_aligned.jpg
happiness,all_test\happiness\test_test_0697_aligned.jpg
happiness,all_test\happiness\test_test_0698_aligned.jpg
happiness,all_test\happiness\test_test_0699_aligned.jpg
happiness,all_test\happiness\test_test_0700_aligned.jpg
happiness,all_test\happiness\test_test_0701_aligned.jpg
happiness,all_test\happiness\test_test_0702_aligned.jpg
happiness,all_test\happiness\test_test_0703_aligned.jpg
happiness,all_test\happiness\test_test_0704_aligned.jpg
happiness,all_test\happiness\test_test_0705_aligned.jpg
happiness,all_test\happiness\test_test_0707_aligned.jpg
happiness,all_test\happiness\test_test_0708_aligned.jpg
happiness,all_test\happiness\test_test_0709_aligned.jpg
happiness,all_test\happiness\test_test_0710_aligned.jpg
happiness,all_test\happiness\test_test_0711_aligned.jpg
happiness,all_test\happiness\test_test_0712_aligned.jpg
happiness,all_test\happiness\test_test_0713_aligned.jpg
happiness,all_test\happiness\test_test_0714_aligned.jpg
happiness,all_test\happiness\test_test_0715_aligned.jpg
happiness,all_test\happiness\test_test_0717_aligned.jpg
happiness,all_test\happiness\test_test_0718_aligned.jpg
happiness,all_test\happiness\test_test_0720_aligned.jpg
happiness,all_test\happiness\test_test_0723_aligned.jpg
happiness,all_test\happiness\test_test_0724_aligned.jpg
happiness,all_test\happiness\test_test_0725_aligned.jpg
happiness,all_test\happiness\test_test_0726_aligned.jpg
happiness,all_test\happiness\test_test_0727_aligned.jpg
happiness,all_test\happiness\test_test_0728_aligned.jpg
happiness,all_test\happiness\test_test_0729_aligned.jpg
happiness,all_test\happiness\test_test_0730_aligned.jpg
happiness,all_test\happiness\test_test_0732_aligned.jpg
happiness,all_test\happiness\test_test_0733_aligned.jpg
happiness,all_test\happiness\test_test_0735_aligned.jpg
happiness,all_test\happiness\test_test_0737_aligned.jpg
happiness,all_test\happiness\test_test_0739_aligned.jpg
happiness,all_test\happiness\test_test_0740_aligned.jpg
happiness,all_test\happiness\test_test_0741_aligned.jpg
happiness,all_test\happiness\test_test_0742_aligned.jpg
happiness,all_test\happiness\test_test_0743_aligned.jpg
happiness,all_test\happiness\test_test_0744_aligned.jpg
happiness,all_test\happiness\test_test_0745_aligned.jpg
happiness,all_test\happiness\test_test_0746_aligned.jpg
happiness,all_test\happiness\test_test_0747_aligned.jpg
happiness,all_test\happiness\test_test_0749_aligned.jpg
happiness,all_test\happiness\test_test_0750_aligned.jpg
happiness,all_test\happiness\test_test_0751_aligned.jpg
happiness,all_test\happiness\test_test_0752_aligned.jpg
happiness,all_test\happiness\test_test_0753_aligned.jpg
happiness,all_test\happiness\test_test_0755_aligned.jpg
happiness,all_test\happiness\test_test_0756_aligned.jpg
happiness,all_test\happiness\test_test_0757_aligned.jpg
happiness,all_test\happiness\test_test_0758_aligned.jpg
happiness,all_test\happiness\test_test_0759_aligned.jpg
happiness,all_test\happiness\test_test_0760_aligned.jpg
happiness,all_test\happiness\test_test_0763_aligned.jpg
happiness,all_test\happiness\test_test_0767_aligned.jpg
happiness,all_test\happiness\test_test_0768_aligned.jpg
happiness,all_test\happiness\test_test_0769_aligned.jpg
happiness,all_test\happiness\test_test_0771_aligned.jpg
happiness,all_test\happiness\test_test_0773_aligned.jpg
happiness,all_test\happiness\test_test_0775_aligned.jpg
happiness,all_test\happiness\test_test_0776_aligned.jpg
happiness,all_test\happiness\test_test_0778_aligned.jpg
happiness,all_test\happiness\test_test_0780_aligned.jpg
happiness,all_test\happiness\test_test_0781_aligned.jpg
happiness,all_test\happiness\test_test_0782_aligned.jpg
happiness,all_test\happiness\test_test_0783_aligned.jpg
happiness,all_test\happiness\test_test_0784_aligned.jpg
happiness,all_test\happiness\test_test_0785_aligned.jpg
happiness,all_test\happiness\test_test_0786_aligned.jpg
happiness,all_test\happiness\test_test_0787_aligned.jpg
happiness,all_test\happiness\test_test_0788_aligned.jpg
happiness,all_test\happiness\test_test_0790_aligned.jpg
happiness,all_test\happiness\test_test_0791_aligned.jpg
happiness,all_test\happiness\test_test_0792_aligned.jpg
happiness,all_test\happiness\test_test_0794_aligned.jpg
happiness,all_test\happiness\test_test_0796_aligned.jpg
happiness,all_test\happiness\test_test_0797_aligned.jpg
happiness,all_test\happiness\test_test_0798_aligned.jpg
happiness,all_test\happiness\test_test_0799_aligned.jpg
happiness,all_test\happiness\test_test_0800_aligned.jpg
happiness,all_test\happiness\test_test_0801_aligned.jpg
happiness,all_test\happiness\test_test_0802_aligned.jpg
happiness,all_test\happiness\test_test_0803_aligned.jpg
happiness,all_test\happiness\test_test_0805_aligned.jpg
happiness,all_test\happiness\test_test_0806_aligned.jpg
happiness,all_test\happiness\test_test_0808_aligned.jpg
happiness,all_test\happiness\test_test_0809_aligned.jpg
happiness,all_test\happiness\test_test_0811_aligned.jpg
happiness,all_test\happiness\test_test_0813_aligned.jpg
happiness,all_test\happiness\test_test_0814_aligned.jpg
happiness,all_test\happiness\test_test_0815_aligned.jpg
happiness,all_test\happiness\test_test_0816_aligned.jpg
happiness,all_test\happiness\test_test_0817_aligned.jpg
happiness,all_test\happiness\test_test_0818_aligned.jpg
happiness,all_test\happiness\test_test_0821_aligned.jpg
happiness,all_test\happiness\test_test_0822_aligned.jpg
happiness,all_test\happiness\test_test_0823_aligned.jpg
happiness,all_test\happiness\test_test_0824_aligned.jpg
happiness,all_test\happiness\test_test_0826_aligned.jpg
happiness,all_test\happiness\test_test_0827_aligned.jpg
happiness,all_test\happiness\test_test_0828_aligned.jpg
happiness,all_test\happiness\test_test_0829_aligned.jpg
happiness,all_test\happiness\test_test_0830_aligned.jpg
happiness,all_test\happiness\test_test_0831_aligned.jpg
happiness,all_test\happiness\test_test_0832_aligned.jpg
happiness,all_test\happiness\test_test_0833_aligned.jpg
happiness,all_test\happiness\test_test_0835_aligned.jpg
happiness,all_test\happiness\test_test_0836_aligned.jpg
happiness,all_test\happiness\test_test_0838_aligned.jpg
happiness,all_test\happiness\test_test_0840_aligned.jpg
happiness,all_test\happiness\test_test_0841_aligned.jpg
happiness,all_test\happiness\test_test_0842_aligned.jpg
happiness,all_test\happiness\test_test_0843_aligned.jpg
happiness,all_test\happiness\test_test_0844_aligned.jpg
happiness,all_test\happiness\test_test_0846_aligned.jpg
happiness,all_test\happiness\test_test_0848_aligned.jpg
happiness,all_test\happiness\test_test_0849_aligned.jpg
happiness,all_test\happiness\test_test_0852_aligned.jpg
happiness,all_test\happiness\test_test_0854_aligned.jpg
happiness,all_test\happiness\test_test_0855_aligned.jpg
happiness,all_test\happiness\test_test_0856_aligned.jpg
happiness,all_test\happiness\test_test_0857_aligned.jpg
happiness,all_test\happiness\test_test_0858_aligned.jpg
happiness,all_test\happiness\test_test_0860_aligned.jpg
happiness,all_test\happiness\test_test_0861_aligned.jpg
happiness,all_test\happiness\test_test_0862_aligned.jpg
happiness,all_test\happiness\test_test_0864_aligned.jpg
happiness,all_test\happiness\test_test_0865_aligned.jpg
happiness,all_test\happiness\test_test_0866_aligned.jpg
happiness,all_test\happiness\test_test_0869_aligned.jpg
happiness,all_test\happiness\test_test_0871_aligned.jpg
happiness,all_test\happiness\test_test_0879_aligned.jpg
happiness,all_test\happiness\test_test_0880_aligned.jpg
happiness,all_test\happiness\test_test_0881_aligned.jpg
happiness,all_test\happiness\test_test_0882_aligned.jpg
happiness,all_test\happiness\test_test_0883_aligned.jpg
happiness,all_test\happiness\test_test_0884_aligned.jpg
happiness,all_test\happiness\test_test_0885_aligned.jpg
happiness,all_test\happiness\test_test_0886_aligned.jpg
happiness,all_test\happiness\test_test_0887_aligned.jpg
happiness,all_test\happiness\test_test_0890_aligned.jpg
happiness,all_test\happiness\test_test_0894_aligned.jpg
happiness,all_test\happiness\test_test_0896_aligned.jpg
happiness,all_test\happiness\test_test_0897_aligned.jpg
happiness,all_test\happiness\test_test_0898_aligned.jpg
happiness,all_test\happiness\test_test_0899_aligned.jpg
happiness,all_test\happiness\test_test_0901_aligned.jpg
happiness,all_test\happiness\test_test_0904_aligned.jpg
happiness,all_test\happiness\test_test_0906_aligned.jpg
happiness,all_test\happiness\test_test_0908_aligned.jpg
happiness,all_test\happiness\test_test_0911_aligned.jpg
happiness,all_test\happiness\test_test_0915_aligned.jpg
happiness,all_test\happiness\test_test_0921_aligned.jpg
happiness,all_test\happiness\test_test_0922_aligned.jpg
happiness,all_test\happiness\test_test_0923_aligned.jpg
happiness,all_test\happiness\test_test_0924_aligned.jpg
happiness,all_test\happiness\test_test_0928_aligned.jpg
happiness,all_test\happiness\test_test_0929_aligned.jpg
happiness,all_test\happiness\test_test_0930_aligned.jpg
happiness,all_test\happiness\test_test_0932_aligned.jpg
happiness,all_test\happiness\test_test_0933_aligned.jpg
happiness,all_test\happiness\test_test_0934_aligned.jpg
happiness,all_test\happiness\test_test_0938_aligned.jpg
happiness,all_test\happiness\test_test_0939_aligned.jpg
happiness,all_test\happiness\test_test_0941_aligned.jpg
happiness,all_test\happiness\test_test_0942_aligned.jpg
happiness,all_test\happiness\test_test_0943_aligned.jpg
happiness,all_test\happiness\test_test_0944_aligned.jpg
happiness,all_test\happiness\test_test_0945_aligned.jpg
happiness,all_test\happiness\test_test_0946_aligned.jpg
happiness,all_test\happiness\test_test_0954_aligned.jpg
happiness,all_test\happiness\test_test_0955_aligned.jpg
happiness,all_test\happiness\test_test_0958_aligned.jpg
happiness,all_test\happiness\test_test_0959_aligned.jpg
happiness,all_test\happiness\test_test_0961_aligned.jpg
happiness,all_test\happiness\test_test_0962_aligned.jpg
happiness,all_test\happiness\test_test_0963_aligned.jpg
happiness,all_test\happiness\test_test_0967_aligned.jpg
happiness,all_test\happiness\test_test_0971_aligned.jpg
happiness,all_test\happiness\test_test_0972_aligned.jpg
happiness,all_test\happiness\test_test_0973_aligned.jpg
happiness,all_test\happiness\test_test_0974_aligned.jpg
happiness,all_test\happiness\test_test_0975_aligned.jpg
happiness,all_test\happiness\test_test_0976_aligned.jpg
happiness,all_test\happiness\test_test_0977_aligned.jpg
happiness,all_test\happiness\test_test_0978_aligned.jpg
happiness,all_test\happiness\test_test_0980_aligned.jpg
happiness,all_test\happiness\test_test_0981_aligned.jpg
happiness,all_test\happiness\test_test_0984_aligned.jpg
happiness,all_test\happiness\test_test_0985_aligned.jpg
happiness,all_test\happiness\test_test_0989_aligned.jpg
happiness,all_test\happiness\test_test_0990_aligned.jpg
happiness,all_test\happiness\test_test_0992_aligned.jpg
happiness,all_test\happiness\test_test_0993_aligned.jpg
happiness,all_test\happiness\test_test_0995_aligned.jpg
happiness,all_test\happiness\test_test_0996_aligned.jpg
happiness,all_test\happiness\test_test_0999_aligned.jpg
happiness,all_test\happiness\test_test_1004_aligned.jpg
happiness,all_test\happiness\test_test_1005_aligned.jpg
happiness,all_test\happiness\test_test_1010_aligned.jpg
happiness,all_test\happiness\test_test_1011_aligned.jpg
happiness,all_test\happiness\test_test_1012_aligned.jpg
happiness,all_test\happiness\test_test_1016_aligned.jpg
happiness,all_test\happiness\test_test_1019_aligned.jpg
happiness,all_test\happiness\test_test_1020_aligned.jpg
happiness,all_test\happiness\test_test_1021_aligned.jpg
happiness,all_test\happiness\test_test_1022_aligned.jpg
happiness,all_test\happiness\test_test_1025_aligned.jpg
happiness,all_test\happiness\test_test_1026_aligned.jpg
happiness,all_test\happiness\test_test_1028_aligned.jpg
happiness,all_test\happiness\test_test_1030_aligned.jpg
happiness,all_test\happiness\test_test_1044_aligned.jpg
happiness,all_test\happiness\test_test_1045_aligned.jpg
happiness,all_test\happiness\test_test_1046_aligned.jpg
happiness,all_test\happiness\test_test_1047_aligned.jpg
happiness,all_test\happiness\test_test_1053_aligned.jpg
happiness,all_test\happiness\test_test_1056_aligned.jpg
happiness,all_test\happiness\test_test_1062_aligned.jpg
happiness,all_test\happiness\test_test_1063_aligned.jpg
happiness,all_test\happiness\test_test_1067_aligned.jpg
happiness,all_test\happiness\test_test_1068_aligned.jpg
happiness,all_test\happiness\test_test_1069_aligned.jpg
happiness,all_test\happiness\test_test_1070_aligned.jpg
happiness,all_test\happiness\test_test_1073_aligned.jpg
happiness,all_test\happiness\test_test_1075_aligned.jpg
happiness,all_test\happiness\test_test_1089_aligned.jpg
happiness,all_test\happiness\test_test_1093_aligned.jpg
happiness,all_test\happiness\test_test_1096_aligned.jpg
happiness,all_test\happiness\test_test_1097_aligned.jpg
happiness,all_test\happiness\test_test_1100_aligned.jpg
happiness,all_test\happiness\test_test_1101_aligned.jpg
happiness,all_test\happiness\test_test_1102_aligned.jpg
happiness,all_test\happiness\test_test_1107_aligned.jpg
happiness,all_test\happiness\test_test_1111_aligned.jpg
happiness,all_test\happiness\test_test_1113_aligned.jpg
happiness,all_test\happiness\test_test_1114_aligned.jpg
happiness,all_test\happiness\test_test_1117_aligned.jpg
happiness,all_test\happiness\test_test_1120_aligned.jpg
happiness,all_test\happiness\test_test_1122_aligned.jpg
happiness,all_test\happiness\test_test_1123_aligned.jpg
happiness,all_test\happiness\test_test_1125_aligned.jpg
happiness,all_test\happiness\test_test_1126_aligned.jpg
happiness,all_test\happiness\test_test_1128_aligned.jpg
happiness,all_test\happiness\test_test_1130_aligned.jpg
happiness,all_test\happiness\test_test_1135_aligned.jpg
happiness,all_test\happiness\test_test_1140_aligned.jpg
happiness,all_test\happiness\test_test_1143_aligned.jpg
happiness,all_test\happiness\test_test_1144_aligned.jpg
happiness,all_test\happiness\test_test_1147_aligned.jpg
happiness,all_test\happiness\test_test_1151_aligned.jpg
happiness,all_test\happiness\test_test_1152_aligned.jpg
happiness,all_test\happiness\test_test_1153_aligned.jpg
happiness,all_test\happiness\test_test_1155_aligned.jpg
happiness,all_test\happiness\test_test_1159_aligned.jpg
happiness,all_test\happiness\test_test_1163_aligned.jpg
happiness,all_test\happiness\test_test_1164_aligned.jpg
happiness,all_test\happiness\test_test_1167_aligned.jpg
happiness,all_test\happiness\test_test_1169_aligned.jpg
happiness,all_test\happiness\test_test_1170_aligned.jpg
happiness,all_test\happiness\test_test_1171_aligned.jpg
happiness,all_test\happiness\test_test_1172_aligned.jpg
happiness,all_test\happiness\test_test_1175_aligned.jpg
happiness,all_test\happiness\test_test_1176_aligned.jpg
happiness,all_test\happiness\test_test_1177_aligned.jpg
happiness,all_test\happiness\test_test_1179_aligned.jpg
happiness,all_test\happiness\test_test_1180_aligned.jpg
happiness,all_test\happiness\test_test_1181_aligned.jpg
happiness,all_test\happiness\test_test_1182_aligned.jpg
happiness,all_test\happiness\test_test_1184_aligned.jpg
happiness,all_test\happiness\test_test_1189_aligned.jpg
happiness,all_test\happiness\test_test_1191_aligned.jpg
happiness,all_test\happiness\test_test_1193_aligned.jpg
happiness,all_test\happiness\test_test_1196_aligned.jpg
happiness,all_test\happiness\test_test_1197_aligned.jpg
happiness,all_test\happiness\test_test_1201_aligned.jpg
happiness,all_test\happiness\test_test_1202_aligned.jpg
happiness,all_test\happiness\test_test_1205_aligned.jpg
happiness,all_test\happiness\test_test_1206_aligned.jpg
happiness,all_test\happiness\test_test_1208_aligned.jpg
happiness,all_test\happiness\test_test_1209_aligned.jpg
happiness,all_test\happiness\test_test_1213_aligned.jpg
happiness,all_test\happiness\test_test_1214_aligned.jpg
happiness,all_test\happiness\test_test_1215_aligned.jpg
happiness,all_test\happiness\test_test_1216_aligned.jpg
happiness,all_test\happiness\test_test_1218_aligned.jpg
happiness,all_test\happiness\test_test_1219_aligned.jpg
happiness,all_test\happiness\test_test_1220_aligned.jpg
happiness,all_test\happiness\test_test_1222_aligned.jpg
happiness,all_test\happiness\test_test_1225_aligned.jpg
happiness,all_test\happiness\test_test_1226_aligned.jpg
happiness,all_test\happiness\test_test_1229_aligned.jpg
happiness,all_test\happiness\test_test_1230_aligned.jpg
happiness,all_test\happiness\test_test_1231_aligned.jpg
happiness,all_test\happiness\test_test_1232_aligned.jpg
happiness,all_test\happiness\test_test_1235_aligned.jpg
happiness,all_test\happiness\test_test_1236_aligned.jpg
happiness,all_test\happiness\test_test_1239_aligned.jpg
happiness,all_test\happiness\test_test_1240_aligned.jpg
happiness,all_test\happiness\test_test_1242_aligned.jpg
happiness,all_test\happiness\test_test_1243_aligned.jpg
happiness,all_test\happiness\test_test_1247_aligned.jpg
happiness,all_test\happiness\test_test_1249_aligned.jpg
happiness,all_test\happiness\test_test_1252_aligned.jpg
happiness,all_test\happiness\test_test_1253_aligned.jpg
happiness,all_test\happiness\test_test_1255_aligned.jpg
happiness,all_test\happiness\test_test_1257_aligned.jpg
happiness,all_test\happiness\test_test_1260_aligned.jpg
happiness,all_test\happiness\test_test_1264_aligned.jpg
happiness,all_test\happiness\test_test_1265_aligned.jpg
happiness,all_test\happiness\test_test_1269_aligned.jpg
happiness,all_test\happiness\test_test_1273_aligned.jpg
happiness,all_test\happiness\test_test_1274_aligned.jpg
happiness,all_test\happiness\test_test_1275_aligned.jpg
happiness,all_test\happiness\test_test_1276_aligned.jpg
happiness,all_test\happiness\test_test_1284_aligned.jpg
happiness,all_test\happiness\test_test_1286_aligned.jpg
happiness,all_test\happiness\test_test_1287_aligned.jpg
happiness,all_test\happiness\test_test_1288_aligned.jpg
happiness,all_test\happiness\test_test_1290_aligned.jpg
happiness,all_test\happiness\test_test_1291_aligned.jpg
happiness,all_test\happiness\test_test_1292_aligned.jpg
happiness,all_test\happiness\test_test_1295_aligned.jpg
happiness,all_test\happiness\test_test_1296_aligned.jpg
happiness,all_test\happiness\test_test_1297_aligned.jpg
happiness,all_test\happiness\test_test_1298_aligned.jpg
happiness,all_test\happiness\test_test_1299_aligned.jpg
happiness,all_test\happiness\test_test_1302_aligned.jpg
happiness,all_test\happiness\test_test_1307_aligned.jpg
happiness,all_test\happiness\test_test_1308_aligned.jpg
happiness,all_test\happiness\test_test_1310_aligned.jpg
happiness,all_test\happiness\test_test_1311_aligned.jpg
happiness,all_test\happiness\test_test_1313_aligned.jpg
happiness,all_test\happiness\test_test_1318_aligned.jpg
happiness,all_test\happiness\test_test_1319_aligned.jpg
happiness,all_test\happiness\test_test_1321_aligned.jpg
happiness,all_test\happiness\test_test_1322_aligned.jpg
happiness,all_test\happiness\test_test_1323_aligned.jpg
happiness,all_test\happiness\test_test_1325_aligned.jpg
happiness,all_test\happiness\test_test_1327_aligned.jpg
happiness,all_test\happiness\test_test_1337_aligned.jpg
happiness,all_test\happiness\test_test_1346_aligned.jpg
happiness,all_test\happiness\test_test_1350_aligned.jpg
happiness,all_test\happiness\test_test_1351_aligned.jpg
happiness,all_test\happiness\test_test_1352_aligned.jpg
happiness,all_test\happiness\test_test_1353_aligned.jpg
happiness,all_test\happiness\test_test_1354_aligned.jpg
happiness,all_test\happiness\test_test_1356_aligned.jpg
happiness,all_test\happiness\test_test_1357_aligned.jpg
happiness,all_test\happiness\test_test_1358_aligned.jpg
happiness,all_test\happiness\test_test_1359_aligned.jpg
happiness,all_test\happiness\test_test_1360_aligned.jpg
happiness,all_test\happiness\test_test_1361_aligned.jpg
happiness,all_test\happiness\test_test_1362_aligned.jpg
happiness,all_test\happiness\test_test_1363_aligned.jpg
happiness,all_test\happiness\test_test_1364_aligned.jpg
happiness,all_test\happiness\test_test_1366_aligned.jpg
happiness,all_test\happiness\test_test_1369_aligned.jpg
happiness,all_test\happiness\test_test_1374_aligned.jpg
happiness,all_test\happiness\test_test_1380_aligned.jpg
happiness,all_test\happiness\test_test_1383_aligned.jpg
happiness,all_test\happiness\test_test_1384_aligned.jpg
happiness,all_test\happiness\test_test_1387_aligned.jpg
happiness,all_test\happiness\test_test_1388_aligned.jpg
happiness,all_test\happiness\test_test_1392_aligned.jpg
happiness,all_test\happiness\test_test_1393_aligned.jpg
happiness,all_test\happiness\test_test_1394_aligned.jpg
happiness,all_test\happiness\test_test_1395_aligned.jpg
happiness,all_test\happiness\test_test_1398_aligned.jpg
happiness,all_test\happiness\test_test_1401_aligned.jpg
happiness,all_test\happiness\test_test_1402_aligned.jpg
happiness,all_test\happiness\test_test_1405_aligned.jpg
happiness,all_test\happiness\test_test_1406_aligned.jpg
happiness,all_test\happiness\test_test_1407_aligned.jpg
happiness,all_test\happiness\test_test_1409_aligned.jpg
happiness,all_test\happiness\test_test_1410_aligned.jpg
happiness,all_test\happiness\test_test_1414_aligned.jpg
happiness,all_test\happiness\test_test_1415_aligned.jpg
happiness,all_test\happiness\test_test_1418_aligned.jpg
happiness,all_test\happiness\test_test_1419_aligned.jpg
happiness,all_test\happiness\test_test_1422_aligned.jpg
happiness,all_test\happiness\test_test_1423_aligned.jpg
happiness,all_test\happiness\test_test_1424_aligned.jpg
happiness,all_test\happiness\test_test_1428_aligned.jpg
happiness,all_test\happiness\test_test_1430_aligned.jpg
happiness,all_test\happiness\test_test_1431_aligned.jpg
happiness,all_test\happiness\test_test_1434_aligned.jpg
happiness,all_test\happiness\test_test_1438_aligned.jpg
happiness,all_test\happiness\test_test_1444_aligned.jpg
happiness,all_test\happiness\test_test_1448_aligned.jpg
happiness,all_test\happiness\test_test_1455_aligned.jpg
happiness,all_test\happiness\test_test_1456_aligned.jpg
happiness,all_test\happiness\test_test_1457_aligned.jpg
happiness,all_test\happiness\test_test_1460_aligned.jpg
happiness,all_test\happiness\test_test_1463_aligned.jpg
happiness,all_test\happiness\test_test_1464_aligned.jpg
happiness,all_test\happiness\test_test_1465_aligned.jpg
happiness,all_test\happiness\test_test_1466_aligned.jpg
happiness,all_test\happiness\test_test_1468_aligned.jpg
happiness,all_test\happiness\test_test_1469_aligned.jpg
happiness,all_test\happiness\test_test_1472_aligned.jpg
happiness,all_test\happiness\test_test_1480_aligned.jpg
happiness,all_test\happiness\test_test_1482_aligned.jpg
happiness,all_test\happiness\test_test_1483_aligned.jpg
happiness,all_test\happiness\test_test_1485_aligned.jpg
happiness,all_test\happiness\test_test_1486_aligned.jpg
happiness,all_test\happiness\test_test_1488_aligned.jpg
happiness,all_test\happiness\test_test_1489_aligned.jpg
happiness,all_test\happiness\test_test_1491_aligned.jpg
happiness,all_test\happiness\test_test_1493_aligned.jpg
happiness,all_test\happiness\test_test_1497_aligned.jpg
happiness,all_test\happiness\test_test_1498_aligned.jpg
happiness,all_test\happiness\test_test_1499_aligned.jpg
happiness,all_test\happiness\test_test_1501_aligned.jpg
happiness,all_test\happiness\test_test_1502_aligned.jpg
happiness,all_test\happiness\test_test_1505_aligned.jpg
happiness,all_test\happiness\test_test_1506_aligned.jpg
happiness,all_test\happiness\test_test_1507_aligned.jpg
happiness,all_test\happiness\test_test_1508_aligned.jpg
happiness,all_test\happiness\test_test_1510_aligned.jpg
happiness,all_test\happiness\test_test_1512_aligned.jpg
happiness,all_test\happiness\test_test_1514_aligned.jpg
happiness,all_test\happiness\test_test_1516_aligned.jpg
happiness,all_test\happiness\test_test_1518_aligned.jpg
happiness,all_test\happiness\test_test_1521_aligned.jpg
happiness,all_test\happiness\test_test_1522_aligned.jpg
happiness,all_test\happiness\test_test_1523_aligned.jpg
happiness,all_test\happiness\test_test_1524_aligned.jpg
happiness,all_test\happiness\test_test_1525_aligned.jpg
happiness,all_test\happiness\test_test_1526_aligned.jpg
happiness,all_test\happiness\test_test_1527_aligned.jpg
happiness,all_test\happiness\test_test_1528_aligned.jpg
happiness,all_test\happiness\test_test_1531_aligned.jpg
happiness,all_test\happiness\test_test_1532_aligned.jpg
happiness,all_test\happiness\test_test_1538_aligned.jpg
happiness,all_test\happiness\test_test_1540_aligned.jpg
happiness,all_test\happiness\test_test_1541_aligned.jpg
happiness,all_test\happiness\test_test_1543_aligned.jpg
happiness,all_test\happiness\test_test_1544_aligned.jpg
happiness,all_test\happiness\test_test_1545_aligned.jpg
happiness,all_test\happiness\test_test_1548_aligned.jpg
happiness,all_test\happiness\test_test_1550_aligned.jpg
happiness,all_test\happiness\test_test_1552_aligned.jpg
happiness,all_test\happiness\test_test_1554_aligned.jpg
happiness,all_test\happiness\test_test_1558_aligned.jpg
happiness,all_test\happiness\test_test_1559_aligned.jpg
happiness,all_test\happiness\test_test_1560_aligned.jpg
happiness,all_test\happiness\test_test_1561_aligned.jpg
happiness,all_test\happiness\test_test_1562_aligned.jpg
happiness,all_test\happiness\test_test_1564_aligned.jpg
happiness,all_test\happiness\test_test_1567_aligned.jpg
happiness,all_test\happiness\test_test_1570_aligned.jpg
happiness,all_test\happiness\test_test_1571_aligned.jpg
happiness,all_test\happiness\test_test_1579_aligned.jpg
happiness,all_test\happiness\test_test_1580_aligned.jpg
happiness,all_test\happiness\test_test_1581_aligned.jpg
happiness,all_test\happiness\test_test_1582_aligned.jpg
happiness,all_test\happiness\test_test_1583_aligned.jpg
happiness,all_test\happiness\test_test_1588_aligned.jpg
happiness,all_test\happiness\test_test_1589_aligned.jpg
happiness,all_test\happiness\test_test_1591_aligned.jpg
happiness,all_test\happiness\test_test_1593_aligned.jpg
happiness,all_test\happiness\test_test_1594_aligned.jpg
happiness,all_test\happiness\test_test_1595_aligned.jpg
happiness,all_test\happiness\test_test_1596_aligned.jpg
happiness,all_test\happiness\test_test_1597_aligned.jpg
happiness,all_test\happiness\test_test_1600_aligned.jpg
happiness,all_test\happiness\test_test_1605_aligned.jpg
happiness,all_test\happiness\test_test_1614_aligned.jpg
happiness,all_test\happiness\test_test_1616_aligned.jpg
happiness,all_test\happiness\test_test_1617_aligned.jpg
happiness,all_test\happiness\test_test_1628_aligned.jpg
happiness,all_test\happiness\test_test_1629_aligned.jpg
happiness,all_test\happiness\test_test_1631_aligned.jpg
happiness,all_test\happiness\test_test_1633_aligned.jpg
happiness,all_test\happiness\test_test_1635_aligned.jpg
happiness,all_test\happiness\test_test_1636_aligned.jpg
happiness,all_test\happiness\test_test_1640_aligned.jpg
happiness,all_test\happiness\test_test_1641_aligned.jpg
happiness,all_test\happiness\test_test_1644_aligned.jpg
happiness,all_test\happiness\test_test_1647_aligned.jpg
happiness,all_test\happiness\test_test_1648_aligned.jpg
happiness,all_test\happiness\test_test_1655_aligned.jpg
happiness,all_test\happiness\test_test_1656_aligned.jpg
happiness,all_test\happiness\test_test_1658_aligned.jpg
happiness,all_test\happiness\test_test_1659_aligned.jpg
happiness,all_test\happiness\test_test_1665_aligned.jpg
happiness,all_test\happiness\test_test_1667_aligned.jpg
happiness,all_test\happiness\test_test_1676_aligned.jpg
happiness,all_test\happiness\test_test_1677_aligned.jpg
happiness,all_test\happiness\test_test_1678_aligned.jpg
happiness,all_test\happiness\test_test_1679_aligned.jpg
happiness,all_test\happiness\test_test_1686_aligned.jpg
happiness,all_test\happiness\test_test_1690_aligned.jpg
happiness,all_test\happiness\test_test_1692_aligned.jpg
happiness,all_test\happiness\test_test_1693_aligned.jpg
happiness,all_test\happiness\test_test_1694_aligned.jpg
happiness,all_test\happiness\test_test_1695_aligned.jpg
happiness,all_test\happiness\test_test_1696_aligned.jpg
happiness,all_test\happiness\test_test_1697_aligned.jpg
happiness,all_test\happiness\test_test_1699_aligned.jpg
happiness,all_test\happiness\test_test_1701_aligned.jpg
happiness,all_test\happiness\test_test_1702_aligned.jpg
happiness,all_test\happiness\test_test_1703_aligned.jpg
happiness,all_test\happiness\test_test_1704_aligned.jpg
happiness,all_test\happiness\test_test_1705_aligned.jpg
happiness,all_test\happiness\test_test_1706_aligned.jpg
happiness,all_test\happiness\test_test_1707_aligned.jpg
happiness,all_test\happiness\test_test_1708_aligned.jpg
happiness,all_test\happiness\test_test_1710_aligned.jpg
happiness,all_test\happiness\test_test_1712_aligned.jpg
happiness,all_test\happiness\test_test_1713_aligned.jpg
happiness,all_test\happiness\test_test_1717_aligned.jpg
happiness,all_test\happiness\test_test_1718_aligned.jpg
happiness,all_test\happiness\test_test_1719_aligned.jpg
happiness,all_test\happiness\test_test_1724_aligned.jpg
happiness,all_test\happiness\test_test_1726_aligned.jpg
happiness,all_test\happiness\test_test_1729_aligned.jpg
happiness,all_test\happiness\test_test_1733_aligned.jpg
happiness,all_test\happiness\test_test_1734_aligned.jpg
happiness,all_test\happiness\test_test_1743_aligned.jpg
happiness,all_test\happiness\test_test_1749_aligned.jpg
happiness,all_test\happiness\test_test_1752_aligned.jpg
happiness,all_test\happiness\test_test_1755_aligned.jpg
happiness,all_test\happiness\test_test_1757_aligned.jpg
happiness,all_test\happiness\test_test_1761_aligned.jpg
happiness,all_test\happiness\test_test_1762_aligned.jpg
happiness,all_test\happiness\test_test_1764_aligned.jpg
happiness,all_test\happiness\test_test_1765_aligned.jpg
happiness,all_test\happiness\test_test_1770_aligned.jpg
happiness,all_test\happiness\test_test_1773_aligned.jpg
happiness,all_test\happiness\test_test_1775_aligned.jpg
happiness,all_test\happiness\test_test_1778_aligned.jpg
happiness,all_test\happiness\test_test_1784_aligned.jpg
happiness,all_test\happiness\test_test_1787_aligned.jpg
happiness,all_test\happiness\test_test_1790_aligned.jpg
happiness,all_test\happiness\test_test_1793_aligned.jpg
happiness,all_test\happiness\test_test_1794_aligned.jpg
happiness,all_test\happiness\test_test_1796_aligned.jpg
happiness,all_test\happiness\test_test_1797_aligned.jpg
happiness,all_test\happiness\test_test_1817_aligned.jpg
happiness,all_test\happiness\test_test_1819_aligned.jpg
happiness,all_test\happiness\test_test_1825_aligned.jpg
happiness,all_test\happiness\test_test_1826_aligned.jpg
happiness,all_test\happiness\test_test_1834_aligned.jpg
happiness,all_test\happiness\test_test_1837_aligned.jpg
happiness,all_test\happiness\test_test_1841_aligned.jpg
happiness,all_test\happiness\test_test_1844_aligned.jpg
happiness,all_test\happiness\test_test_1848_aligned.jpg
happiness,all_test\happiness\test_test_1860_aligned.jpg
happiness,all_test\happiness\test_test_1862_aligned.jpg
happiness,all_test\happiness\test_test_1865_aligned.jpg
happiness,all_test\happiness\test_test_1870_aligned.jpg
happiness,all_test\happiness\test_test_1871_aligned.jpg
happiness,all_test\happiness\test_test_1876_aligned.jpg
happiness,all_test\happiness\test_test_1878_aligned.jpg
happiness,all_test\happiness\test_test_1881_aligned.jpg
happiness,all_test\happiness\test_test_1883_aligned.jpg
happiness,all_test\happiness\test_test_1885_aligned.jpg
happiness,all_test\happiness\test_test_1887_aligned.jpg
happiness,all_test\happiness\test_test_1888_aligned.jpg
happiness,all_test\happiness\test_test_1889_aligned.jpg
happiness,all_test\happiness\test_test_1892_aligned.jpg
happiness,all_test\happiness\test_test_1894_aligned.jpg
happiness,all_test\happiness\test_test_1895_aligned.jpg
happiness,all_test\happiness\test_test_1896_aligned.jpg
happiness,all_test\happiness\test_test_1897_aligned.jpg
happiness,all_test\happiness\test_test_1898_aligned.jpg
happiness,all_test\happiness\test_test_1899_aligned.jpg
happiness,all_test\happiness\test_test_1900_aligned.jpg
happiness,all_test\happiness\test_test_1905_aligned.jpg
happiness,all_test\happiness\test_test_1906_aligned.jpg
happiness,all_test\happiness\test_test_1907_aligned.jpg
happiness,all_test\happiness\test_test_1915_aligned.jpg
happiness,all_test\happiness\test_test_1916_aligned.jpg
happiness,all_test\happiness\test_test_1917_aligned.jpg
happiness,all_test\happiness\test_test_1919_aligned.jpg
happiness,all_test\happiness\test_test_1921_aligned.jpg
happiness,all_test\happiness\test_test_1924_aligned.jpg
happiness,all_test\happiness\test_test_1925_aligned.jpg
happiness,all_test\happiness\test_test_1930_aligned.jpg
happiness,all_test\happiness\test_test_1940_aligned.jpg
happiness,all_test\happiness\test_test_1941_aligned.jpg
happiness,all_test\happiness\test_test_1950_aligned.jpg
happiness,all_test\happiness\test_test_1953_aligned.jpg
happiness,all_test\happiness\test_test_1959_aligned.jpg
happiness,all_test\happiness\test_test_1960_aligned.jpg
happiness,all_test\happiness\test_test_1965_aligned.jpg
happiness,all_test\happiness\test_test_1972_aligned.jpg
happiness,all_test\happiness\test_test_1977_aligned.jpg
happiness,all_test\happiness\test_test_1978_aligned.jpg
happiness,all_test\happiness\test_test_1979_aligned.jpg
happiness,all_test\happiness\test_test_1980_aligned.jpg
happiness,all_test\happiness\test_test_1987_aligned.jpg
happiness,all_test\happiness\test_test_1989_aligned.jpg
happiness,all_test\happiness\test_test_1991_aligned.jpg
happiness,all_test\happiness\test_test_1992_aligned.jpg
happiness,all_test\happiness\test_test_1994_aligned.jpg
happiness,all_test\happiness\test_test_1995_aligned.jpg
happiness,all_test\happiness\test_test_1998_aligned.jpg
happiness,all_test\happiness\test_test_1999_aligned.jpg
happiness,all_test\happiness\test_test_2001_aligned.jpg
happiness,all_test\happiness\test_test_2002_aligned.jpg
happiness,all_test\happiness\test_test_2003_aligned.jpg
happiness,all_test\happiness\test_test_2004_aligned.jpg
happiness,all_test\happiness\test_test_2006_aligned.jpg
happiness,all_test\happiness\test_test_2007_aligned.jpg
happiness,all_test\happiness\test_test_2008_aligned.jpg
happiness,all_test\happiness\test_test_2009_aligned.jpg
happiness,all_test\happiness\test_test_2010_aligned.jpg
happiness,all_test\happiness\test_test_2011_aligned.jpg
happiness,all_test\happiness\test_test_2012_aligned.jpg
happiness,all_test\happiness\test_test_2015_aligned.jpg
happiness,all_test\happiness\test_test_2018_aligned.jpg
happiness,all_test\happiness\test_test_2019_aligned.jpg
happiness,all_test\happiness\test_test_2020_aligned.jpg
happiness,all_test\happiness\test_test_2023_aligned.jpg
happiness,all_test\happiness\test_test_2027_aligned.jpg
happiness,all_test\happiness\test_test_2028_aligned.jpg
happiness,all_test\happiness\test_test_2029_aligned.jpg
happiness,all_test\happiness\test_test_2030_aligned.jpg
happiness,all_test\happiness\test_test_2031_aligned.jpg
happiness,all_test\happiness\test_test_2032_aligned.jpg
happiness,all_test\happiness\test_test_2033_aligned.jpg
happiness,all_test\happiness\test_test_2039_aligned.jpg
happiness,all_test\happiness\test_test_2040_aligned.jpg
happiness,all_test\happiness\test_test_2041_aligned.jpg
happiness,all_test\happiness\test_test_2042_aligned.jpg
happiness,all_test\happiness\test_test_2043_aligned.jpg
happiness,all_test\happiness\test_test_2044_aligned.jpg
happiness,all_test\happiness\test_test_2045_aligned.jpg
happiness,all_test\happiness\test_test_2046_aligned.jpg
happiness,all_test\happiness\test_test_2047_aligned.jpg
happiness,all_test\happiness\test_test_2048_aligned.jpg
happiness,all_test\happiness\test_test_2049_aligned.jpg
happiness,all_test\happiness\test_test_2053_aligned.jpg
happiness,all_test\happiness\test_test_2055_aligned.jpg
happiness,all_test\happiness\test_test_2059_aligned.jpg
happiness,all_test\happiness\test_test_2060_aligned.jpg
happiness,all_test\happiness\test_test_2063_aligned.jpg
happiness,all_test\happiness\test_test_2064_aligned.jpg
happiness,all_test\happiness\test_test_2065_aligned.jpg
happiness,all_test\happiness\test_test_2072_aligned.jpg
happiness,all_test\happiness\test_test_2074_aligned.jpg
happiness,all_test\happiness\test_test_2079_aligned.jpg
happiness,all_test\happiness\test_test_2081_aligned.jpg
happiness,all_test\happiness\test_test_2082_aligned.jpg
happiness,all_test\happiness\test_test_2083_aligned.jpg
happiness,all_test\happiness\test_test_2084_aligned.jpg
happiness,all_test\happiness\test_test_2085_aligned.jpg
happiness,all_test\happiness\test_test_2086_aligned.jpg
happiness,all_test\happiness\test_test_2087_aligned.jpg
happiness,all_test\happiness\test_test_2089_aligned.jpg
happiness,all_test\happiness\test_test_2090_aligned.jpg
happiness,all_test\happiness\test_test_2091_aligned.jpg
happiness,all_test\happiness\test_test_2092_aligned.jpg
happiness,all_test\happiness\test_test_2093_aligned.jpg
happiness,all_test\happiness\test_test_2094_aligned.jpg
happiness,all_test\happiness\test_test_2096_aligned.jpg
happiness,all_test\happiness\test_test_2098_aligned.jpg
happiness,all_test\happiness\test_test_2104_aligned.jpg
happiness,all_test\happiness\test_test_2105_aligned.jpg
happiness,all_test\happiness\test_test_2106_aligned.jpg
happiness,all_test\happiness\test_test_2107_aligned.jpg
happiness,all_test\happiness\test_test_2108_aligned.jpg
happiness,all_test\happiness\test_test_2110_aligned.jpg
happiness,all_test\happiness\test_test_2112_aligned.jpg
happiness,all_test\happiness\test_test_2114_aligned.jpg
happiness,all_test\happiness\test_test_2116_aligned.jpg
happiness,all_test\happiness\test_test_2120_aligned.jpg
happiness,all_test\happiness\test_test_2122_aligned.jpg
happiness,all_test\happiness\test_test_2125_aligned.jpg
happiness,all_test\happiness\test_test_2126_aligned.jpg
happiness,all_test\happiness\test_test_2127_aligned.jpg
happiness,all_test\happiness\test_test_2128_aligned.jpg
happiness,all_test\happiness\test_test_2129_aligned.jpg
happiness,all_test\happiness\test_test_2133_aligned.jpg
happiness,all_test\happiness\test_test_2134_aligned.jpg
happiness,all_test\happiness\test_test_2135_aligned.jpg
happiness,all_test\happiness\test_test_2136_aligned.jpg
happiness,all_test\happiness\test_test_2137_aligned.jpg
happiness,all_test\happiness\test_test_2139_aligned.jpg
happiness,all_test\happiness\test_test_2140_aligned.jpg
happiness,all_test\happiness\test_test_2141_aligned.jpg
happiness,all_test\happiness\test_test_2143_aligned.jpg
happiness,all_test\happiness\test_test_2144_aligned.jpg
happiness,all_test\happiness\test_test_2145_aligned.jpg
happiness,all_test\happiness\test_test_2148_aligned.jpg
happiness,all_test\happiness\test_test_2150_aligned.jpg
happiness,all_test\happiness\test_test_2151_aligned.jpg
happiness,all_test\happiness\test_test_2152_aligned.jpg
happiness,all_test\happiness\test_test_2153_aligned.jpg
happiness,all_test\happiness\test_test_2155_aligned.jpg
happiness,all_test\happiness\test_test_2160_aligned.jpg
happiness,all_test\happiness\test_test_2161_aligned.jpg
happiness,all_test\happiness\test_test_2162_aligned.jpg
happiness,all_test\happiness\test_test_2163_aligned.jpg
happiness,all_test\happiness\test_test_2164_aligned.jpg
happiness,all_test\happiness\test_test_2165_aligned.jpg
happiness,all_test\happiness\test_test_2166_aligned.jpg
happiness,all_test\happiness\test_test_2168_aligned.jpg
happiness,all_test\happiness\test_test_2171_aligned.jpg
happiness,all_test\happiness\test_test_2173_aligned.jpg
happiness,all_test\happiness\test_test_2175_aligned.jpg
happiness,all_test\happiness\test_test_2176_aligned.jpg
happiness,all_test\happiness\test_test_2177_aligned.jpg
happiness,all_test\happiness\test_test_2178_aligned.jpg
happiness,all_test\happiness\test_test_2179_aligned.jpg
happiness,all_test\happiness\test_test_2180_aligned.jpg
happiness,all_test\happiness\test_test_2181_aligned.jpg
happiness,all_test\happiness\test_test_2182_aligned.jpg
happiness,all_test\happiness\test_test_2184_aligned.jpg
happiness,all_test\happiness\test_test_2185_aligned.jpg
happiness,all_test\happiness\test_test_2186_aligned.jpg
happiness,all_test\happiness\test_test_2187_aligned.jpg
happiness,all_test\happiness\test_test_2189_aligned.jpg
happiness,all_test\happiness\test_test_2190_aligned.jpg
happiness,all_test\happiness\test_test_2196_aligned.jpg
happiness,all_test\happiness\test_test_2197_aligned.jpg
happiness,all_test\happiness\test_test_2198_aligned.jpg
happiness,all_test\happiness\test_test_2199_aligned.jpg
happiness,all_test\happiness\test_test_2200_aligned.jpg
happiness,all_test\happiness\test_test_2201_aligned.jpg
happiness,all_test\happiness\test_test_2202_aligned.jpg
happiness,all_test\happiness\test_test_2203_aligned.jpg
happiness,all_test\happiness\test_test_2205_aligned.jpg
happiness,all_test\happiness\test_test_2206_aligned.jpg
happiness,all_test\happiness\test_test_2208_aligned.jpg
happiness,all_test\happiness\test_test_2212_aligned.jpg
happiness,all_test\happiness\test_test_2215_aligned.jpg
happiness,all_test\happiness\test_test_2219_aligned.jpg
happiness,all_test\happiness\test_test_2220_aligned.jpg
happiness,all_test\happiness\test_test_2221_aligned.jpg
happiness,all_test\happiness\test_test_2222_aligned.jpg
happiness,all_test\happiness\test_test_2224_aligned.jpg
happiness,all_test\happiness\test_test_2229_aligned.jpg
happiness,all_test\happiness\test_test_2230_aligned.jpg
happiness,all_test\happiness\test_test_2231_aligned.jpg
happiness,all_test\happiness\test_test_2232_aligned.jpg
happiness,all_test\happiness\test_test_2233_aligned.jpg
happiness,all_test\happiness\test_test_2235_aligned.jpg
happiness,all_test\happiness\test_test_2236_aligned.jpg
happiness,all_test\happiness\test_test_2237_aligned.jpg
happiness,all_test\happiness\train_train_00003_aligned.jpg
happiness,all_test\happiness\train_train_00004_aligned.jpg
happiness,all_test\happiness\train_train_00008_aligned.jpg
happiness,all_test\happiness\train_train_00009_aligned.jpg
happiness,all_test\happiness\train_train_00011_aligned.jpg
happiness,all_test\happiness\train_train_00014_aligned.jpg
happiness,all_test\happiness\train_train_00016_aligned.jpg
happiness,all_test\happiness\train_train_00017_aligned.jpg
happiness,all_test\happiness\train_train_00018_aligned.jpg
happiness,all_test\happiness\train_train_00019_aligned.jpg
happiness,all_test\happiness\train_train_00020_aligned.jpg
happiness,all_test\happiness\train_train_00021_aligned.jpg
happiness,all_test\happiness\train_train_00022_aligned.jpg
happiness,all_test\happiness\train_train_00029_aligned.jpg
happiness,all_test\happiness\train_train_00035_aligned.jpg
happiness,all_test\happiness\train_train_00036_aligned.jpg
happiness,all_test\happiness\train_train_00037_aligned.jpg
happiness,all_test\happiness\train_train_00045_aligned.jpg
happiness,all_test\happiness\train_train_00046_aligned.jpg
happiness,all_test\happiness\train_train_00048_aligned.jpg
happiness,all_test\happiness\train_train_00050_aligned.jpg
happiness,all_test\happiness\train_train_00051_aligned.jpg
happiness,all_test\happiness\train_train_00052_aligned.jpg
happiness,all_test\happiness\train_train_00054_aligned.jpg
happiness,all_test\happiness\train_train_00055_aligned.jpg
happiness,all_test\happiness\train_train_00056_aligned.jpg
happiness,all_test\happiness\train_train_00057_aligned.jpg
happiness,all_test\happiness\train_train_00058_aligned.jpg
happiness,all_test\happiness\train_train_00059_aligned.jpg
happiness,all_test\happiness\train_train_00060_aligned.jpg
happiness,all_test\happiness\train_train_00061_aligned.jpg
happiness,all_test\happiness\train_train_00065_aligned.jpg
happiness,all_test\happiness\train_train_00067_aligned.jpg
happiness,all_test\happiness\train_train_00073_aligned.jpg
happiness,all_test\happiness\train_train_00074_aligned.jpg
happiness,all_test\happiness\train_train_00075_aligned.jpg
happiness,all_test\happiness\train_train_00076_aligned.jpg
happiness,all_test\happiness\train_train_00077_aligned.jpg
happiness,all_test\happiness\train_train_00078_aligned.jpg
happiness,all_test\happiness\train_train_00079_aligned.jpg
happiness,all_test\happiness\train_train_00080_aligned.jpg
happiness,all_test\happiness\train_train_00082_aligned.jpg
happiness,all_test\happiness\train_train_00083_aligned.jpg
happiness,all_test\happiness\train_train_00084_aligned.jpg
happiness,all_test\happiness\train_train_00085_aligned.jpg
happiness,all_test\happiness\train_train_00086_aligned.jpg
happiness,all_test\happiness\train_train_00087_aligned.jpg
happiness,all_test\happiness\train_train_00089_aligned.jpg
happiness,all_test\happiness\train_train_00090_aligned.jpg
happiness,all_test\happiness\train_train_00092_aligned.jpg
happiness,all_test\happiness\train_train_00093_aligned.jpg
happiness,all_test\happiness\train_train_00094_aligned.jpg
happiness,all_test\happiness\train_train_00096_aligned.jpg
happiness,all_test\happiness\train_train_00098_aligned.jpg
happiness,all_test\happiness\train_train_00099_aligned.jpg
happiness,all_test\happiness\train_train_00100_aligned.jpg
happiness,all_test\happiness\train_train_00108_aligned.jpg
happiness,all_test\happiness\train_train_00116_aligned.jpg
happiness,all_test\happiness\train_train_00117_aligned.jpg
happiness,all_test\happiness\train_train_00121_aligned.jpg
happiness,all_test\happiness\train_train_00122_aligned.jpg
happiness,all_test\happiness\train_train_00123_aligned.jpg
happiness,all_test\happiness\train_train_00124_aligned.jpg
happiness,all_test\happiness\train_train_00127_aligned.jpg
happiness,all_test\happiness\train_train_00128_aligned.jpg
happiness,all_test\happiness\train_train_00132_aligned.jpg
happiness,all_test\happiness\train_train_00133_aligned.jpg
happiness,all_test\happiness\train_train_00135_aligned.jpg
happiness,all_test\happiness\train_train_00138_aligned.jpg
happiness,all_test\happiness\train_train_00141_aligned.jpg
happiness,all_test\happiness\train_train_00146_aligned.jpg
happiness,all_test\happiness\train_train_00148_aligned.jpg
happiness,all_test\happiness\train_train_00149_aligned.jpg
happiness,all_test\happiness\train_train_00152_aligned.jpg
happiness,all_test\happiness\train_train_00153_aligned.jpg
happiness,all_test\happiness\train_train_00159_aligned.jpg
happiness,all_test\happiness\train_train_00161_aligned.jpg
happiness,all_test\happiness\train_train_00162_aligned.jpg
happiness,all_test\happiness\train_train_00167_aligned.jpg
happiness,all_test\happiness\train_train_00168_aligned.jpg
happiness,all_test\happiness\train_train_00169_aligned.jpg
happiness,all_test\happiness\train_train_00172_aligned.jpg
happiness,all_test\happiness\train_train_00173_aligned.jpg
happiness,all_test\happiness\train_train_00174_aligned.jpg
happiness,all_test\happiness\train_train_00176_aligned.jpg
happiness,all_test\happiness\train_train_00177_aligned.jpg
happiness,all_test\happiness\train_train_00178_aligned.jpg
happiness,all_test\happiness\train_train_00179_aligned.jpg
happiness,all_test\happiness\train_train_00180_aligned.jpg
happiness,all_test\happiness\train_train_00183_aligned.jpg
happiness,all_test\happiness\train_train_00184_aligned.jpg
happiness,all_test\happiness\train_train_00185_aligned.jpg
happiness,all_test\happiness\train_train_00187_aligned.jpg
happiness,all_test\happiness\train_train_00188_aligned.jpg
happiness,all_test\happiness\train_train_00189_aligned.jpg
happiness,all_test\happiness\train_train_00190_aligned.jpg
happiness,all_test\happiness\train_train_00191_aligned.jpg
happiness,all_test\happiness\train_train_00192_aligned.jpg
happiness,all_test\happiness\train_train_00193_aligned.jpg
happiness,all_test\happiness\train_train_00195_aligned.jpg
happiness,all_test\happiness\train_train_00196_aligned.jpg
happiness,all_test\happiness\train_train_00197_aligned.jpg
happiness,all_test\happiness\train_train_00198_aligned.jpg
happiness,all_test\happiness\train_train_00201_aligned.jpg
happiness,all_test\happiness\train_train_00202_aligned.jpg
happiness,all_test\happiness\train_train_00203_aligned.jpg
happiness,all_test\happiness\train_train_00205_aligned.jpg
happiness,all_test\happiness\train_train_00209_aligned.jpg
happiness,all_test\happiness\train_train_00210_aligned.jpg
happiness,all_test\happiness\train_train_00211_aligned.jpg
happiness,all_test\happiness\train_train_00212_aligned.jpg
happiness,all_test\happiness\train_train_00215_aligned.jpg
happiness,all_test\happiness\train_train_00219_aligned.jpg
happiness,all_test\happiness\train_train_00220_aligned.jpg
happiness,all_test\happiness\train_train_00224_aligned.jpg
happiness,all_test\happiness\train_train_00225_aligned.jpg
happiness,all_test\happiness\train_train_00226_aligned.jpg
happiness,all_test\happiness\train_train_00227_aligned.jpg
happiness,all_test\happiness\train_train_00228_aligned.jpg
happiness,all_test\happiness\train_train_00229_aligned.jpg
happiness,all_test\happiness\train_train_00232_aligned.jpg
happiness,all_test\happiness\train_train_00233_aligned.jpg
happiness,all_test\happiness\train_train_00234_aligned.jpg
happiness,all_test\happiness\train_train_00235_aligned.jpg
happiness,all_test\happiness\train_train_00240_aligned.jpg
happiness,all_test\happiness\train_train_00241_aligned.jpg
happiness,all_test\happiness\train_train_00244_aligned.jpg
happiness,all_test\happiness\train_train_00245_aligned.jpg
happiness,all_test\happiness\train_train_00246_aligned.jpg
happiness,all_test\happiness\train_train_00250_aligned.jpg
happiness,all_test\happiness\train_train_00254_aligned.jpg
happiness,all_test\happiness\train_train_00255_aligned.jpg
happiness,all_test\happiness\train_train_00256_aligned.jpg
happiness,all_test\happiness\train_train_00257_aligned.jpg
happiness,all_test\happiness\train_train_00258_aligned.jpg
happiness,all_test\happiness\train_train_00260_aligned.jpg
happiness,all_test\happiness\train_train_00264_aligned.jpg
happiness,all_test\happiness\train_train_00265_aligned.jpg
happiness,all_test\happiness\train_train_00266_aligned.jpg
happiness,all_test\happiness\train_train_00267_aligned.jpg
happiness,all_test\happiness\train_train_00268_aligned.jpg
happiness,all_test\happiness\train_train_00274_aligned.jpg
happiness,all_test\happiness\train_train_00275_aligned.jpg
happiness,all_test\happiness\train_train_00276_aligned.jpg
happiness,all_test\happiness\train_train_00279_aligned.jpg
happiness,all_test\happiness\train_train_00280_aligned.jpg
happiness,all_test\happiness\train_train_00281_aligned.jpg
happiness,all_test\happiness\train_train_00282_aligned.jpg
happiness,all_test\happiness\train_train_00290_aligned.jpg
happiness,all_test\happiness\train_train_00292_aligned.jpg
happiness,all_test\happiness\train_train_00293_aligned.jpg
happiness,all_test\happiness\train_train_00298_aligned.jpg
happiness,all_test\happiness\train_train_00300_aligned.jpg
happiness,all_test\happiness\train_train_00301_aligned.jpg
happiness,all_test\happiness\train_train_00302_aligned.jpg
happiness,all_test\happiness\train_train_00303_aligned.jpg
happiness,all_test\happiness\train_train_00307_aligned.jpg
happiness,all_test\happiness\train_train_00308_aligned.jpg
happiness,all_test\happiness\train_train_00309_aligned.jpg
happiness,all_test\happiness\train_train_00310_aligned.jpg
happiness,all_test\happiness\train_train_00311_aligned.jpg
happiness,all_test\happiness\train_train_00312_aligned.jpg
happiness,all_test\happiness\train_train_00313_aligned.jpg
happiness,all_test\happiness\train_train_00314_aligned.jpg
happiness,all_test\happiness\train_train_00315_aligned.jpg
happiness,all_test\happiness\train_train_00316_aligned.jpg
happiness,all_test\happiness\train_train_00317_aligned.jpg
happiness,all_test\happiness\train_train_00318_aligned.jpg
happiness,all_test\happiness\train_train_00320_aligned.jpg
happiness,all_test\happiness\train_train_00326_aligned.jpg
happiness,all_test\happiness\train_train_00327_aligned.jpg
happiness,all_test\happiness\train_train_00329_aligned.jpg
happiness,all_test\happiness\train_train_00330_aligned.jpg
happiness,all_test\happiness\train_train_00331_aligned.jpg
happiness,all_test\happiness\train_train_00332_aligned.jpg
happiness,all_test\happiness\train_train_00333_aligned.jpg
happiness,all_test\happiness\train_train_00334_aligned.jpg
happiness,all_test\happiness\train_train_00335_aligned.jpg
happiness,all_test\happiness\train_train_00337_aligned.jpg
happiness,all_test\happiness\train_train_00338_aligned.jpg
happiness,all_test\happiness\train_train_00344_aligned.jpg
happiness,all_test\happiness\train_train_00346_aligned.jpg
happiness,all_test\happiness\train_train_00348_aligned.jpg
happiness,all_test\happiness\train_train_00350_aligned.jpg
happiness,all_test\happiness\train_train_00351_aligned.jpg
happiness,all_test\happiness\train_train_00352_aligned.jpg
happiness,all_test\happiness\train_train_00353_aligned.jpg
happiness,all_test\happiness\train_train_00355_aligned.jpg
happiness,all_test\happiness\train_train_00357_aligned.jpg
happiness,all_test\happiness\train_train_00358_aligned.jpg
happiness,all_test\happiness\train_train_00360_aligned.jpg
happiness,all_test\happiness\train_train_00363_aligned.jpg
happiness,all_test\happiness\train_train_00365_aligned.jpg
happiness,all_test\happiness\train_train_00366_aligned.jpg
happiness,all_test\happiness\train_train_00367_aligned.jpg
happiness,all_test\happiness\train_train_00368_aligned.jpg
happiness,all_test\happiness\train_train_00373_aligned.jpg
happiness,all_test\happiness\train_train_00374_aligned.jpg
happiness,all_test\happiness\train_train_00375_aligned.jpg
happiness,all_test\happiness\train_train_00377_aligned.jpg
happiness,all_test\happiness\train_train_00378_aligned.jpg
happiness,all_test\happiness\train_train_00381_aligned.jpg
happiness,all_test\happiness\train_train_00385_aligned.jpg
happiness,all_test\happiness\train_train_00388_aligned.jpg
happiness,all_test\happiness\train_train_00389_aligned.jpg
happiness,all_test\happiness\train_train_00390_aligned.jpg
happiness,all_test\happiness\train_train_00392_aligned.jpg
happiness,all_test\happiness\train_train_00393_aligned.jpg
happiness,all_test\happiness\train_train_00394_aligned.jpg
happiness,all_test\happiness\train_train_00395_aligned.jpg
happiness,all_test\happiness\train_train_00396_aligned.jpg
happiness,all_test\happiness\train_train_00397_aligned.jpg
happiness,all_test\happiness\train_train_00401_aligned.jpg
happiness,all_test\happiness\train_train_00402_aligned.jpg
happiness,all_test\happiness\train_train_00403_aligned.jpg
happiness,all_test\happiness\train_train_00404_aligned.jpg
happiness,all_test\happiness\train_train_00405_aligned.jpg
happiness,all_test\happiness\train_train_00406_aligned.jpg
happiness,all_test\happiness\train_train_00407_aligned.jpg
happiness,all_test\happiness\train_train_00409_aligned.jpg
happiness,all_test\happiness\train_train_00410_aligned.jpg
happiness,all_test\happiness\train_train_00411_aligned.jpg
happiness,all_test\happiness\train_train_00412_aligned.jpg
happiness,all_test\happiness\train_train_00413_aligned.jpg
happiness,all_test\happiness\train_train_00414_aligned.jpg
happiness,all_test\happiness\train_train_00415_aligned.jpg
happiness,all_test\happiness\train_train_00416_aligned.jpg
happiness,all_test\happiness\train_train_00420_aligned.jpg
happiness,all_test\happiness\train_train_00425_aligned.jpg
happiness,all_test\happiness\train_train_00426_aligned.jpg
happiness,all_test\happiness\train_train_00430_aligned.jpg
happiness,all_test\happiness\train_train_00432_aligned.jpg
happiness,all_test\happiness\train_train_00433_aligned.jpg
happiness,all_test\happiness\train_train_00434_aligned.jpg
happiness,all_test\happiness\train_train_00435_aligned.jpg
happiness,all_test\happiness\train_train_00438_aligned.jpg
happiness,all_test\happiness\train_train_00439_aligned.jpg
happiness,all_test\happiness\train_train_00440_aligned.jpg
happiness,all_test\happiness\train_train_00441_aligned.jpg
happiness,all_test\happiness\train_train_00443_aligned.jpg
happiness,all_test\happiness\train_train_00446_aligned.jpg
happiness,all_test\happiness\train_train_00448_aligned.jpg
happiness,all_test\happiness\train_train_00449_aligned.jpg
happiness,all_test\happiness\train_train_00452_aligned.jpg
happiness,all_test\happiness\train_train_00453_aligned.jpg
happiness,all_test\happiness\train_train_00454_aligned.jpg
happiness,all_test\happiness\train_train_00455_aligned.jpg
happiness,all_test\happiness\train_train_00456_aligned.jpg
happiness,all_test\happiness\train_train_00457_aligned.jpg
happiness,all_test\happiness\train_train_00462_aligned.jpg
happiness,all_test\happiness\train_train_00466_aligned.jpg
happiness,all_test\happiness\train_train_00467_aligned.jpg
happiness,all_test\happiness\train_train_00468_aligned.jpg
happiness,all_test\happiness\train_train_00469_aligned.jpg
happiness,all_test\happiness\train_train_00470_aligned.jpg
happiness,all_test\happiness\train_train_00472_aligned.jpg
happiness,all_test\happiness\train_train_00478_aligned.jpg
happiness,all_test\happiness\train_train_00480_aligned.jpg
happiness,all_test\happiness\train_train_00481_aligned.jpg
happiness,all_test\happiness\train_train_00483_aligned.jpg
happiness,all_test\happiness\train_train_00484_aligned.jpg
happiness,all_test\happiness\train_train_00485_aligned.jpg
happiness,all_test\happiness\train_train_00486_aligned.jpg
happiness,all_test\happiness\train_train_00487_aligned.jpg
happiness,all_test\happiness\train_train_00490_aligned.jpg
happiness,all_test\happiness\train_train_00491_aligned.jpg
happiness,all_test\happiness\train_train_00493_aligned.jpg
happiness,all_test\happiness\train_train_00494_aligned.jpg
happiness,all_test\happiness\train_train_00495_aligned.jpg
happiness,all_test\happiness\train_train_00497_aligned.jpg
happiness,all_test\happiness\train_train_00498_aligned.jpg
happiness,all_test\happiness\train_train_00499_aligned.jpg
happiness,all_test\happiness\train_train_00502_aligned.jpg
happiness,all_test\happiness\train_train_00503_aligned.jpg
happiness,all_test\happiness\train_train_00504_aligned.jpg
happiness,all_test\happiness\train_train_00505_aligned.jpg
happiness,all_test\happiness\train_train_00506_aligned.jpg
happiness,all_test\happiness\train_train_00508_aligned.jpg
happiness,all_test\happiness\train_train_00513_aligned.jpg
happiness,all_test\happiness\train_train_00514_aligned.jpg
happiness,all_test\happiness\train_train_00515_aligned.jpg
happiness,all_test\happiness\train_train_00516_aligned.jpg
happiness,all_test\happiness\train_train_00518_aligned.jpg
happiness,all_test\happiness\train_train_00519_aligned.jpg
happiness,all_test\happiness\train_train_00521_aligned.jpg
happiness,all_test\happiness\train_train_00522_aligned.jpg
happiness,all_test\happiness\train_train_00523_aligned.jpg
happiness,all_test\happiness\train_train_00524_aligned.jpg
happiness,all_test\happiness\train_train_00525_aligned.jpg
happiness,all_test\happiness\train_train_00527_aligned.jpg
happiness,all_test\happiness\train_train_00528_aligned.jpg
happiness,all_test\happiness\train_train_00529_aligned.jpg
happiness,all_test\happiness\train_train_00530_aligned.jpg
happiness,all_test\happiness\train_train_00532_aligned.jpg
happiness,all_test\happiness\train_train_00537_aligned.jpg
happiness,all_test\happiness\train_train_00538_aligned.jpg
happiness,all_test\happiness\train_train_00541_aligned.jpg
happiness,all_test\happiness\train_train_00542_aligned.jpg
happiness,all_test\happiness\train_train_00545_aligned.jpg
happiness,all_test\happiness\train_train_00546_aligned.jpg
happiness,all_test\happiness\train_train_00547_aligned.jpg
happiness,all_test\happiness\train_train_00548_aligned.jpg
happiness,all_test\happiness\train_train_00549_aligned.jpg
happiness,all_test\happiness\train_train_00555_aligned.jpg
happiness,all_test\happiness\train_train_00561_aligned.jpg
happiness,all_test\happiness\train_train_00565_aligned.jpg
happiness,all_test\happiness\train_train_00569_aligned.jpg
happiness,all_test\happiness\train_train_00570_aligned.jpg
happiness,all_test\happiness\train_train_00571_aligned.jpg
happiness,all_test\happiness\train_train_00580_aligned.jpg
happiness,all_test\happiness\train_train_00581_aligned.jpg
happiness,all_test\happiness\train_train_00582_aligned.jpg
happiness,all_test\happiness\train_train_00587_aligned.jpg
happiness,all_test\happiness\train_train_00588_aligned.jpg
happiness,all_test\happiness\train_train_00592_aligned.jpg
happiness,all_test\happiness\train_train_00594_aligned.jpg
happiness,all_test\happiness\train_train_00595_aligned.jpg
happiness,all_test\happiness\train_train_00597_aligned.jpg
happiness,all_test\happiness\train_train_00598_aligned.jpg
happiness,all_test\happiness\train_train_00599_aligned.jpg
happiness,all_test\happiness\train_train_00600_aligned.jpg
happiness,all_test\happiness\train_train_00601_aligned.jpg
happiness,all_test\happiness\train_train_00606_aligned.jpg
happiness,all_test\happiness\train_train_00608_aligned.jpg
happiness,all_test\happiness\train_train_00609_aligned.jpg
happiness,all_test\happiness\train_train_00615_aligned.jpg
happiness,all_test\happiness\train_train_00620_aligned.jpg
happiness,all_test\happiness\train_train_00621_aligned.jpg
happiness,all_test\happiness\train_train_00624_aligned.jpg
happiness,all_test\happiness\train_train_00630_aligned.jpg
happiness,all_test\happiness\train_train_00631_aligned.jpg
happiness,all_test\happiness\train_train_00632_aligned.jpg
happiness,all_test\happiness\train_train_00633_aligned.jpg
happiness,all_test\happiness\train_train_00634_aligned.jpg
happiness,all_test\happiness\train_train_00635_aligned.jpg
happiness,all_test\happiness\train_train_00636_aligned.jpg
happiness,all_test\happiness\train_train_00639_aligned.jpg
happiness,all_test\happiness\train_train_00640_aligned.jpg
happiness,all_test\happiness\train_train_00664_aligned.jpg
happiness,all_test\happiness\train_train_00667_aligned.jpg
happiness,all_test\happiness\train_train_00668_aligned.jpg
happiness,all_test\happiness\train_train_00669_aligned.jpg
happiness,all_test\happiness\train_train_00679_aligned.jpg
happiness,all_test\happiness\train_train_00684_aligned.jpg
happiness,all_test\happiness\train_train_00686_aligned.jpg
happiness,all_test\happiness\train_train_00689_aligned.jpg
happiness,all_test\happiness\train_train_00695_aligned.jpg
happiness,all_test\happiness\train_train_00696_aligned.jpg
happiness,all_test\happiness\train_train_00697_aligned.jpg
happiness,all_test\happiness\train_train_00700_aligned.jpg
happiness,all_test\happiness\train_train_00702_aligned.jpg
happiness,all_test\happiness\train_train_00703_aligned.jpg
happiness,all_test\happiness\train_train_00704_aligned.jpg
happiness,all_test\happiness\train_train_00705_aligned.jpg
happiness,all_test\happiness\train_train_00706_aligned.jpg
happiness,all_test\happiness\train_train_00707_aligned.jpg
happiness,all_test\happiness\train_train_00708_aligned.jpg
happiness,all_test\happiness\train_train_00709_aligned.jpg
happiness,all_test\happiness\train_train_00710_aligned.jpg
happiness,all_test\happiness\train_train_00711_aligned.jpg
happiness,all_test\happiness\train_train_00713_aligned.jpg
happiness,all_test\happiness\train_train_00715_aligned.jpg
happiness,all_test\happiness\train_train_00717_aligned.jpg
happiness,all_test\happiness\train_train_00718_aligned.jpg
happiness,all_test\happiness\train_train_00719_aligned.jpg
happiness,all_test\happiness\train_train_00720_aligned.jpg
happiness,all_test\happiness\train_train_00721_aligned.jpg
happiness,all_test\happiness\train_train_00722_aligned.jpg
happiness,all_test\happiness\train_train_00730_aligned.jpg
happiness,all_test\happiness\train_train_00732_aligned.jpg
happiness,all_test\happiness\train_train_00733_aligned.jpg
happiness,all_test\happiness\train_train_00734_aligned.jpg
happiness,all_test\happiness\train_train_00735_aligned.jpg
happiness,all_test\happiness\train_train_00737_aligned.jpg
happiness,all_test\happiness\train_train_00744_aligned.jpg
happiness,all_test\happiness\train_train_00747_aligned.jpg
happiness,all_test\happiness\train_train_00750_aligned.jpg
happiness,all_test\happiness\train_train_00754_aligned.jpg
happiness,all_test\happiness\train_train_00755_aligned.jpg
happiness,all_test\happiness\train_train_00757_aligned.jpg
happiness,all_test\happiness\train_train_00758_aligned.jpg
happiness,all_test\happiness\train_train_00760_aligned.jpg
happiness,all_test\happiness\train_train_00761_aligned.jpg
happiness,all_test\happiness\train_train_00762_aligned.jpg
happiness,all_test\happiness\train_train_00764_aligned.jpg
happiness,all_test\happiness\train_train_00767_aligned.jpg
happiness,all_test\happiness\train_train_00770_aligned.jpg
happiness,all_test\happiness\train_train_00775_aligned.jpg
happiness,all_test\happiness\train_train_00780_aligned.jpg
happiness,all_test\happiness\train_train_00781_aligned.jpg
happiness,all_test\happiness\train_train_00784_aligned.jpg
happiness,all_test\happiness\train_train_00787_aligned.jpg
happiness,all_test\happiness\train_train_00788_aligned.jpg
happiness,all_test\happiness\train_train_00789_aligned.jpg
happiness,all_test\happiness\train_train_00792_aligned.jpg
happiness,all_test\happiness\train_train_00794_aligned.jpg
happiness,all_test\happiness\train_train_00795_aligned.jpg
happiness,all_test\happiness\train_train_00796_aligned.jpg
happiness,all_test\happiness\train_train_00797_aligned.jpg
happiness,all_test\happiness\train_train_00798_aligned.jpg
happiness,all_test\happiness\train_train_00799_aligned.jpg
happiness,all_test\happiness\train_train_00800_aligned.jpg
happiness,all_test\happiness\train_train_00801_aligned.jpg
happiness,all_test\happiness\train_train_00802_aligned.jpg
happiness,all_test\happiness\train_train_00805_aligned.jpg
happiness,all_test\happiness\train_train_00806_aligned.jpg
happiness,all_test\happiness\train_train_00807_aligned.jpg
happiness,all_test\happiness\train_train_00808_aligned.jpg
happiness,all_test\happiness\train_train_00810_aligned.jpg
happiness,all_test\happiness\train_train_00811_aligned.jpg
happiness,all_test\happiness\train_train_00812_aligned.jpg
happiness,all_test\happiness\train_train_00813_aligned.jpg
happiness,all_test\happiness\train_train_00815_aligned.jpg
happiness,all_test\happiness\train_train_00816_aligned.jpg
happiness,all_test\happiness\train_train_00818_aligned.jpg
happiness,all_test\happiness\train_train_00819_aligned.jpg
happiness,all_test\happiness\train_train_00822_aligned.jpg
happiness,all_test\happiness\train_train_00823_aligned.jpg
happiness,all_test\happiness\train_train_00824_aligned.jpg
happiness,all_test\happiness\train_train_00825_aligned.jpg
happiness,all_test\happiness\train_train_00829_aligned.jpg
happiness,all_test\happiness\train_train_00830_aligned.jpg
happiness,all_test\happiness\train_train_00831_aligned.jpg
happiness,all_test\happiness\train_train_00832_aligned.jpg
happiness,all_test\happiness\train_train_00838_aligned.jpg
happiness,all_test\happiness\train_train_00840_aligned.jpg
happiness,all_test\happiness\train_train_00841_aligned.jpg
happiness,all_test\happiness\train_train_00843_aligned.jpg
happiness,all_test\happiness\train_train_00844_aligned.jpg
happiness,all_test\happiness\train_train_00845_aligned.jpg
happiness,all_test\happiness\train_train_00847_aligned.jpg
happiness,all_test\happiness\train_train_00849_aligned.jpg
happiness,all_test\happiness\train_train_00850_aligned.jpg
happiness,all_test\happiness\train_train_00854_aligned.jpg
happiness,all_test\happiness\train_train_00859_aligned.jpg
happiness,all_test\happiness\train_train_00865_aligned.jpg
happiness,all_test\happiness\train_train_00868_aligned.jpg
happiness,all_test\happiness\train_train_00869_aligned.jpg
happiness,all_test\happiness\train_train_00870_aligned.jpg
happiness,all_test\happiness\train_train_00871_aligned.jpg
happiness,all_test\happiness\train_train_00873_aligned.jpg
happiness,all_test\happiness\train_train_00874_aligned.jpg
happiness,all_test\happiness\train_train_00876_aligned.jpg
happiness,all_test\happiness\train_train_00877_aligned.jpg
happiness,all_test\happiness\train_train_00881_aligned.jpg
happiness,all_test\happiness\train_train_00882_aligned.jpg
happiness,all_test\happiness\train_train_00883_aligned.jpg
happiness,all_test\happiness\train_train_00884_aligned.jpg
happiness,all_test\happiness\train_train_00887_aligned.jpg
happiness,all_test\happiness\train_train_00888_aligned.jpg
happiness,all_test\happiness\train_train_00889_aligned.jpg
happiness,all_test\happiness\train_train_00894_aligned.jpg
happiness,all_test\happiness\train_train_00895_aligned.jpg
happiness,all_test\happiness\train_train_00896_aligned.jpg
happiness,all_test\happiness\train_train_00897_aligned.jpg
happiness,all_test\happiness\train_train_00898_aligned.jpg
happiness,all_test\happiness\train_train_00901_aligned.jpg
happiness,all_test\happiness\train_train_00903_aligned.jpg
happiness,all_test\happiness\train_train_00904_aligned.jpg
happiness,all_test\happiness\train_train_00906_aligned.jpg
happiness,all_test\happiness\train_train_00910_aligned.jpg
happiness,all_test\happiness\train_train_00911_aligned.jpg
happiness,all_test\happiness\train_train_00912_aligned.jpg
happiness,all_test\happiness\train_train_00916_aligned.jpg
happiness,all_test\happiness\train_train_00917_aligned.jpg
happiness,all_test\happiness\train_train_00918_aligned.jpg
happiness,all_test\happiness\train_train_00919_aligned.jpg
happiness,all_test\happiness\train_train_00920_aligned.jpg
happiness,all_test\happiness\train_train_00922_aligned.jpg
happiness,all_test\happiness\train_train_00924_aligned.jpg
happiness,all_test\happiness\train_train_00925_aligned.jpg
happiness,all_test\happiness\train_train_00926_aligned.jpg
happiness,all_test\happiness\train_train_00927_aligned.jpg
happiness,all_test\happiness\train_train_00932_aligned.jpg
happiness,all_test\happiness\train_train_00933_aligned.jpg
happiness,all_test\happiness\train_train_00934_aligned.jpg
happiness,all_test\happiness\train_train_00935_aligned.jpg
happiness,all_test\happiness\train_train_00936_aligned.jpg
happiness,all_test\happiness\train_train_00939_aligned.jpg
happiness,all_test\happiness\train_train_00940_aligned.jpg
happiness,all_test\happiness\train_train_00941_aligned.jpg
happiness,all_test\happiness\train_train_00943_aligned.jpg
happiness,all_test\happiness\train_train_00944_aligned.jpg
happiness,all_test\happiness\train_train_00945_aligned.jpg
happiness,all_test\happiness\train_train_00946_aligned.jpg
happiness,all_test\happiness\train_train_00947_aligned.jpg
happiness,all_test\happiness\train_train_00949_aligned.jpg
happiness,all_test\happiness\train_train_00951_aligned.jpg
happiness,all_test\happiness\train_train_00954_aligned.jpg
happiness,all_test\happiness\train_train_00955_aligned.jpg
happiness,all_test\happiness\train_train_00956_aligned.jpg
happiness,all_test\happiness\train_train_00957_aligned.jpg
happiness,all_test\happiness\train_train_00958_aligned.jpg
happiness,all_test\happiness\train_train_00959_aligned.jpg
happiness,all_test\happiness\train_train_00964_aligned.jpg
happiness,all_test\happiness\train_train_00965_aligned.jpg
happiness,all_test\happiness\train_train_00969_aligned.jpg
happiness,all_test\happiness\train_train_00972_aligned.jpg
happiness,all_test\happiness\train_train_00973_aligned.jpg
happiness,all_test\happiness\train_train_00976_aligned.jpg
happiness,all_test\happiness\train_train_00978_aligned.jpg
happiness,all_test\happiness\train_train_00980_aligned.jpg
happiness,all_test\happiness\train_train_00982_aligned.jpg
happiness,all_test\happiness\train_train_00983_aligned.jpg
happiness,all_test\happiness\train_train_00984_aligned.jpg
happiness,all_test\happiness\train_train_00986_aligned.jpg
happiness,all_test\happiness\train_train_00988_aligned.jpg
happiness,all_test\happiness\train_train_00994_aligned.jpg
happiness,all_test\happiness\train_train_00995_aligned.jpg
happiness,all_test\happiness\train_train_00996_aligned.jpg
happiness,all_test\happiness\train_train_00997_aligned.jpg
happiness,all_test\happiness\train_train_00998_aligned.jpg
happiness,all_test\happiness\train_train_00999_aligned.jpg
happiness,all_test\happiness\train_train_01004_aligned.jpg
happiness,all_test\happiness\train_train_01005_aligned.jpg
happiness,all_test\happiness\train_train_01006_aligned.jpg
happiness,all_test\happiness\train_train_01008_aligned.jpg
happiness,all_test\happiness\train_train_01009_aligned.jpg
happiness,all_test\happiness\train_train_01014_aligned.jpg
happiness,all_test\happiness\train_train_01016_aligned.jpg
happiness,all_test\happiness\train_train_01018_aligned.jpg
happiness,all_test\happiness\train_train_01019_aligned.jpg
happiness,all_test\happiness\train_train_01020_aligned.jpg
happiness,all_test\happiness\train_train_01021_aligned.jpg
happiness,all_test\happiness\train_train_01022_aligned.jpg
happiness,all_test\happiness\train_train_01023_aligned.jpg
happiness,all_test\happiness\train_train_01024_aligned.jpg
happiness,all_test\happiness\train_train_01025_aligned.jpg
happiness,all_test\happiness\train_train_01026_aligned.jpg
happiness,all_test\happiness\train_train_01027_aligned.jpg
happiness,all_test\happiness\train_train_01028_aligned.jpg
happiness,all_test\happiness\train_train_01029_aligned.jpg
happiness,all_test\happiness\train_train_01032_aligned.jpg
happiness,all_test\happiness\train_train_01033_aligned.jpg
happiness,all_test\happiness\train_train_01034_aligned.jpg
happiness,all_test\happiness\train_train_01035_aligned.jpg
happiness,all_test\happiness\train_train_01036_aligned.jpg
happiness,all_test\happiness\train_train_01037_aligned.jpg
happiness,all_test\happiness\train_train_01041_aligned.jpg
happiness,all_test\happiness\train_train_01043_aligned.jpg
happiness,all_test\happiness\train_train_01046_aligned.jpg
happiness,all_test\happiness\train_train_01047_aligned.jpg
happiness,all_test\happiness\train_train_01057_aligned.jpg
happiness,all_test\happiness\train_train_01058_aligned.jpg
happiness,all_test\happiness\train_train_01060_aligned.jpg
happiness,all_test\happiness\train_train_01061_aligned.jpg
happiness,all_test\happiness\train_train_01062_aligned.jpg
happiness,all_test\happiness\train_train_01063_aligned.jpg
happiness,all_test\happiness\train_train_01065_aligned.jpg
happiness,all_test\happiness\train_train_01066_aligned.jpg
happiness,all_test\happiness\train_train_01071_aligned.jpg
happiness,all_test\happiness\train_train_01072_aligned.jpg
happiness,all_test\happiness\train_train_01073_aligned.jpg
happiness,all_test\happiness\train_train_01075_aligned.jpg
happiness,all_test\happiness\train_train_01076_aligned.jpg
happiness,all_test\happiness\train_train_01080_aligned.jpg
happiness,all_test\happiness\train_train_01081_aligned.jpg
happiness,all_test\happiness\train_train_01082_aligned.jpg
happiness,all_test\happiness\train_train_01084_aligned.jpg
happiness,all_test\happiness\train_train_01091_aligned.jpg
happiness,all_test\happiness\train_train_01094_aligned.jpg
happiness,all_test\happiness\train_train_01095_aligned.jpg
happiness,all_test\happiness\train_train_01102_aligned.jpg
happiness,all_test\happiness\train_train_01103_aligned.jpg
happiness,all_test\happiness\train_train_01114_aligned.jpg
happiness,all_test\happiness\train_train_01115_aligned.jpg
happiness,all_test\happiness\train_train_01117_aligned.jpg
happiness,all_test\happiness\train_train_01123_aligned.jpg
happiness,all_test\happiness\train_train_01125_aligned.jpg
happiness,all_test\happiness\train_train_01126_aligned.jpg
happiness,all_test\happiness\train_train_01129_aligned.jpg
happiness,all_test\happiness\train_train_01134_aligned.jpg
happiness,all_test\happiness\train_train_01138_aligned.jpg
happiness,all_test\happiness\train_train_01140_aligned.jpg
happiness,all_test\happiness\train_train_01141_aligned.jpg
happiness,all_test\happiness\train_train_01144_aligned.jpg
happiness,all_test\happiness\train_train_01150_aligned.jpg
happiness,all_test\happiness\train_train_01151_aligned.jpg
happiness,all_test\happiness\train_train_01152_aligned.jpg
happiness,all_test\happiness\train_train_01153_aligned.jpg
happiness,all_test\happiness\train_train_01154_aligned.jpg
happiness,all_test\happiness\train_train_01158_aligned.jpg
happiness,all_test\happiness\train_train_01159_aligned.jpg
happiness,all_test\happiness\train_train_01160_aligned.jpg
happiness,all_test\happiness\train_train_01161_aligned.jpg
happiness,all_test\happiness\train_train_01162_aligned.jpg
happiness,all_test\happiness\train_train_01163_aligned.jpg
happiness,all_test\happiness\train_train_01165_aligned.jpg
happiness,all_test\happiness\train_train_01173_aligned.jpg
happiness,all_test\happiness\train_train_01175_aligned.jpg
happiness,all_test\happiness\train_train_01179_aligned.jpg
happiness,all_test\happiness\train_train_01181_aligned.jpg
happiness,all_test\happiness\train_train_01183_aligned.jpg
happiness,all_test\happiness\train_train_01184_aligned.jpg
happiness,all_test\happiness\train_train_01185_aligned.jpg
happiness,all_test\happiness\train_train_01186_aligned.jpg
happiness,all_test\happiness\train_train_01187_aligned.jpg
happiness,all_test\happiness\train_train_01188_aligned.jpg
happiness,all_test\happiness\train_train_01189_aligned.jpg
happiness,all_test\happiness\train_train_01192_aligned.jpg
happiness,all_test\happiness\train_train_01193_aligned.jpg
happiness,all_test\happiness\train_train_01194_aligned.jpg
happiness,all_test\happiness\train_train_01195_aligned.jpg
happiness,all_test\happiness\train_train_01196_aligned.jpg
happiness,all_test\happiness\train_train_01197_aligned.jpg
happiness,all_test\happiness\train_train_01198_aligned.jpg
happiness,all_test\happiness\train_train_01199_aligned.jpg
happiness,all_test\happiness\train_train_01200_aligned.jpg
happiness,all_test\happiness\train_train_01201_aligned.jpg
happiness,all_test\happiness\train_train_01204_aligned.jpg
happiness,all_test\happiness\train_train_01205_aligned.jpg
happiness,all_test\happiness\train_train_01206_aligned.jpg
happiness,all_test\happiness\train_train_01207_aligned.jpg
happiness,all_test\happiness\train_train_01208_aligned.jpg
happiness,all_test\happiness\train_train_01210_aligned.jpg
happiness,all_test\happiness\train_train_01215_aligned.jpg
happiness,all_test\happiness\train_train_01216_aligned.jpg
happiness,all_test\happiness\train_train_01217_aligned.jpg
happiness,all_test\happiness\train_train_01220_aligned.jpg
happiness,all_test\happiness\train_train_01222_aligned.jpg
happiness,all_test\happiness\train_train_01224_aligned.jpg
happiness,all_test\happiness\train_train_01225_aligned.jpg
happiness,all_test\happiness\train_train_01226_aligned.jpg
happiness,all_test\happiness\train_train_01227_aligned.jpg
happiness,all_test\happiness\train_train_01229_aligned.jpg
happiness,all_test\happiness\train_train_01232_aligned.jpg
happiness,all_test\happiness\train_train_01236_aligned.jpg
happiness,all_test\happiness\train_train_01238_aligned.jpg
happiness,all_test\happiness\train_train_01239_aligned.jpg
happiness,all_test\happiness\train_train_01244_aligned.jpg
happiness,all_test\happiness\train_train_01246_aligned.jpg
happiness,all_test\happiness\train_train_01252_aligned.jpg
happiness,all_test\happiness\train_train_01256_aligned.jpg
happiness,all_test\happiness\train_train_01259_aligned.jpg
happiness,all_test\happiness\train_train_01260_aligned.jpg
happiness,all_test\happiness\train_train_01261_aligned.jpg
happiness,all_test\happiness\train_train_01265_aligned.jpg
happiness,all_test\happiness\train_train_01271_aligned.jpg
happiness,all_test\happiness\train_train_01273_aligned.jpg
happiness,all_test\happiness\train_train_01275_aligned.jpg
happiness,all_test\happiness\train_train_01278_aligned.jpg
happiness,all_test\happiness\train_train_01285_aligned.jpg
happiness,all_test\happiness\train_train_01288_aligned.jpg
happiness,all_test\happiness\train_train_01291_aligned.jpg
happiness,all_test\happiness\train_train_01294_aligned.jpg
happiness,all_test\happiness\train_train_01295_aligned.jpg
happiness,all_test\happiness\train_train_01302_aligned.jpg
happiness,all_test\happiness\train_train_01303_aligned.jpg
happiness,all_test\happiness\train_train_01304_aligned.jpg
happiness,all_test\happiness\train_train_01305_aligned.jpg
happiness,all_test\happiness\train_train_01309_aligned.jpg
happiness,all_test\happiness\train_train_01322_aligned.jpg
happiness,all_test\happiness\train_train_01323_aligned.jpg
happiness,all_test\happiness\train_train_01331_aligned.jpg
happiness,all_test\happiness\train_train_01333_aligned.jpg
happiness,all_test\happiness\train_train_01334_aligned.jpg
happiness,all_test\happiness\train_train_01335_aligned.jpg
happiness,all_test\happiness\train_train_01336_aligned.jpg
happiness,all_test\happiness\train_train_01337_aligned.jpg
happiness,all_test\happiness\train_train_01338_aligned.jpg
happiness,all_test\happiness\train_train_01339_aligned.jpg
happiness,all_test\happiness\train_train_01340_aligned.jpg
happiness,all_test\happiness\train_train_01341_aligned.jpg
happiness,all_test\happiness\train_train_01348_aligned.jpg
happiness,all_test\happiness\train_train_01349_aligned.jpg
happiness,all_test\happiness\train_train_01350_aligned.jpg
happiness,all_test\happiness\train_train_01354_aligned.jpg
happiness,all_test\happiness\train_train_01357_aligned.jpg
happiness,all_test\happiness\train_train_01360_aligned.jpg
happiness,all_test\happiness\train_train_01362_aligned.jpg
happiness,all_test\happiness\train_train_01363_aligned.jpg
happiness,all_test\happiness\train_train_01364_aligned.jpg
happiness,all_test\happiness\train_train_01368_aligned.jpg
happiness,all_test\happiness\train_train_01369_aligned.jpg
happiness,all_test\happiness\train_train_01372_aligned.jpg
happiness,all_test\happiness\train_train_01373_aligned.jpg
happiness,all_test\happiness\train_train_01375_aligned.jpg
happiness,all_test\happiness\train_train_01378_aligned.jpg
happiness,all_test\happiness\train_train_01379_aligned.jpg
happiness,all_test\happiness\train_train_01382_aligned.jpg
happiness,all_test\happiness\train_train_01389_aligned.jpg
happiness,all_test\happiness\train_train_01390_aligned.jpg
happiness,all_test\happiness\train_train_01391_aligned.jpg
happiness,all_test\happiness\train_train_01392_aligned.jpg
happiness,all_test\happiness\train_train_01393_aligned.jpg
happiness,all_test\happiness\train_train_01395_aligned.jpg
happiness,all_test\happiness\train_train_01396_aligned.jpg
happiness,all_test\happiness\train_train_01398_aligned.jpg
happiness,all_test\happiness\train_train_01402_aligned.jpg
happiness,all_test\happiness\train_train_01403_aligned.jpg
happiness,all_test\happiness\train_train_01404_aligned.jpg
happiness,all_test\happiness\train_train_01405_aligned.jpg
happiness,all_test\happiness\train_train_01406_aligned.jpg
happiness,all_test\happiness\train_train_01408_aligned.jpg
happiness,all_test\happiness\train_train_01411_aligned.jpg
happiness,all_test\happiness\train_train_01412_aligned.jpg
happiness,all_test\happiness\train_train_01413_aligned.jpg
happiness,all_test\happiness\train_train_01414_aligned.jpg
happiness,all_test\happiness\train_train_01418_aligned.jpg
happiness,all_test\happiness\train_train_01419_aligned.jpg
happiness,all_test\happiness\train_train_01421_aligned.jpg
happiness,all_test\happiness\train_train_01422_aligned.jpg
happiness,all_test\happiness\train_train_01423_aligned.jpg
happiness,all_test\happiness\train_train_01424_aligned.jpg
happiness,all_test\happiness\train_train_01426_aligned.jpg
happiness,all_test\happiness\train_train_01427_aligned.jpg
happiness,all_test\happiness\train_train_01428_aligned.jpg
happiness,all_test\happiness\train_train_01429_aligned.jpg
happiness,all_test\happiness\train_train_01434_aligned.jpg
happiness,all_test\happiness\train_train_01443_aligned.jpg
happiness,all_test\happiness\train_train_01444_aligned.jpg
happiness,all_test\happiness\train_train_01447_aligned.jpg
happiness,all_test\happiness\train_train_01456_aligned.jpg
happiness,all_test\happiness\train_train_01457_aligned.jpg
happiness,all_test\happiness\train_train_01458_aligned.jpg
happiness,all_test\happiness\train_train_01464_aligned.jpg
happiness,all_test\happiness\train_train_01465_aligned.jpg
happiness,all_test\happiness\train_train_01466_aligned.jpg
happiness,all_test\happiness\train_train_01470_aligned.jpg
happiness,all_test\happiness\train_train_01471_aligned.jpg
happiness,all_test\happiness\train_train_01472_aligned.jpg
happiness,all_test\happiness\train_train_01478_aligned.jpg
happiness,all_test\happiness\train_train_01479_aligned.jpg
happiness,all_test\happiness\train_train_01481_aligned.jpg
happiness,all_test\happiness\train_train_01484_aligned.jpg
happiness,all_test\happiness\train_train_01485_aligned.jpg
happiness,all_test\happiness\train_train_01488_aligned.jpg
happiness,all_test\happiness\train_train_01493_aligned.jpg
happiness,all_test\happiness\train_train_01494_aligned.jpg
happiness,all_test\happiness\train_train_01495_aligned.jpg
happiness,all_test\happiness\train_train_01496_aligned.jpg
happiness,all_test\happiness\train_train_01497_aligned.jpg
happiness,all_test\happiness\train_train_01498_aligned.jpg
happiness,all_test\happiness\train_train_01499_aligned.jpg
happiness,all_test\happiness\train_train_01500_aligned.jpg
happiness,all_test\happiness\train_train_01502_aligned.jpg
happiness,all_test\happiness\train_train_01503_aligned.jpg
happiness,all_test\happiness\train_train_01504_aligned.jpg
happiness,all_test\happiness\train_train_01507_aligned.jpg
happiness,all_test\happiness\train_train_01509_aligned.jpg
happiness,all_test\happiness\train_train_01510_aligned.jpg
happiness,all_test\happiness\train_train_01511_aligned.jpg
happiness,all_test\happiness\train_train_01512_aligned.jpg
happiness,all_test\happiness\train_train_01513_aligned.jpg
happiness,all_test\happiness\train_train_01515_aligned.jpg
happiness,all_test\happiness\train_train_01516_aligned.jpg
happiness,all_test\happiness\train_train_01517_aligned.jpg
happiness,all_test\happiness\train_train_01518_aligned.jpg
happiness,all_test\happiness\train_train_01519_aligned.jpg
happiness,all_test\happiness\train_train_01520_aligned.jpg
happiness,all_test\happiness\train_train_01521_aligned.jpg
happiness,all_test\happiness\train_train_01522_aligned.jpg
happiness,all_test\happiness\train_train_01523_aligned.jpg
happiness,all_test\happiness\train_train_01524_aligned.jpg
happiness,all_test\happiness\train_train_01525_aligned.jpg
happiness,all_test\happiness\train_train_01526_aligned.jpg
happiness,all_test\happiness\train_train_01527_aligned.jpg
happiness,all_test\happiness\train_train_01528_aligned.jpg
happiness,all_test\happiness\train_train_01529_aligned.jpg
happiness,all_test\happiness\train_train_01530_aligned.jpg
happiness,all_test\happiness\train_train_01531_aligned.jpg
happiness,all_test\happiness\train_train_01532_aligned.jpg
happiness,all_test\happiness\train_train_01533_aligned.jpg
happiness,all_test\happiness\train_train_01534_aligned.jpg
happiness,all_test\happiness\train_train_01535_aligned.jpg
happiness,all_test\happiness\train_train_01537_aligned.jpg
happiness,all_test\happiness\train_train_01538_aligned.jpg
happiness,all_test\happiness\train_train_01539_aligned.jpg
happiness,all_test\happiness\train_train_01540_aligned.jpg
happiness,all_test\happiness\train_train_01541_aligned.jpg
happiness,all_test\happiness\train_train_01542_aligned.jpg
happiness,all_test\happiness\train_train_01543_aligned.jpg
happiness,all_test\happiness\train_train_01544_aligned.jpg
happiness,all_test\happiness\train_train_01545_aligned.jpg
happiness,all_test\happiness\train_train_01546_aligned.jpg
happiness,all_test\happiness\train_train_01547_aligned.jpg
happiness,all_test\happiness\train_train_01548_aligned.jpg
happiness,all_test\happiness\train_train_01549_aligned.jpg
happiness,all_test\happiness\train_train_01550_aligned.jpg
happiness,all_test\happiness\train_train_01551_aligned.jpg
happiness,all_test\happiness\train_train_01554_aligned.jpg
happiness,all_test\happiness\train_train_01555_aligned.jpg
happiness,all_test\happiness\train_train_01557_aligned.jpg
happiness,all_test\happiness\train_train_01559_aligned.jpg
happiness,all_test\happiness\train_train_01560_aligned.jpg
happiness,all_test\happiness\train_train_01563_aligned.jpg
happiness,all_test\happiness\train_train_01564_aligned.jpg
happiness,all_test\happiness\train_train_01565_aligned.jpg
happiness,all_test\happiness\train_train_01567_aligned.jpg
happiness,all_test\happiness\train_train_01568_aligned.jpg
happiness,all_test\happiness\train_train_01569_aligned.jpg
happiness,all_test\happiness\train_train_01571_aligned.jpg
happiness,all_test\happiness\train_train_01572_aligned.jpg
happiness,all_test\happiness\train_train_01573_aligned.jpg
happiness,all_test\happiness\train_train_01574_aligned.jpg
happiness,all_test\happiness\train_train_01578_aligned.jpg
happiness,all_test\happiness\train_train_01579_aligned.jpg
happiness,all_test\happiness\train_train_01581_aligned.jpg
happiness,all_test\happiness\train_train_01582_aligned.jpg
happiness,all_test\happiness\train_train_01583_aligned.jpg
happiness,all_test\happiness\train_train_01584_aligned.jpg
happiness,all_test\happiness\train_train_01585_aligned.jpg
happiness,all_test\happiness\train_train_01587_aligned.jpg
happiness,all_test\happiness\train_train_01588_aligned.jpg
happiness,all_test\happiness\train_train_01589_aligned.jpg
happiness,all_test\happiness\train_train_01590_aligned.jpg
happiness,all_test\happiness\train_train_01591_aligned.jpg
happiness,all_test\happiness\train_train_01592_aligned.jpg
happiness,all_test\happiness\train_train_01593_aligned.jpg
happiness,all_test\happiness\train_train_01594_aligned.jpg
happiness,all_test\happiness\train_train_01596_aligned.jpg
happiness,all_test\happiness\train_train_01597_aligned.jpg
happiness,all_test\happiness\train_train_01600_aligned.jpg
happiness,all_test\happiness\train_train_01601_aligned.jpg
happiness,all_test\happiness\train_train_01602_aligned.jpg
happiness,all_test\happiness\train_train_01603_aligned.jpg
happiness,all_test\happiness\train_train_01604_aligned.jpg
happiness,all_test\happiness\train_train_01605_aligned.jpg
happiness,all_test\happiness\train_train_01607_aligned.jpg
happiness,all_test\happiness\train_train_01608_aligned.jpg
happiness,all_test\happiness\train_train_01610_aligned.jpg
happiness,all_test\happiness\train_train_01612_aligned.jpg
happiness,all_test\happiness\train_train_01613_aligned.jpg
happiness,all_test\happiness\train_train_01614_aligned.jpg
happiness,all_test\happiness\train_train_01615_aligned.jpg
happiness,all_test\happiness\train_train_01616_aligned.jpg
happiness,all_test\happiness\train_train_01617_aligned.jpg
happiness,all_test\happiness\train_train_01618_aligned.jpg
happiness,all_test\happiness\train_train_01619_aligned.jpg
happiness,all_test\happiness\train_train_01621_aligned.jpg
happiness,all_test\happiness\train_train_01622_aligned.jpg
happiness,all_test\happiness\train_train_01624_aligned.jpg
happiness,all_test\happiness\train_train_01625_aligned.jpg
happiness,all_test\happiness\train_train_01626_aligned.jpg
happiness,all_test\happiness\train_train_01627_aligned.jpg
happiness,all_test\happiness\train_train_01628_aligned.jpg
happiness,all_test\happiness\train_train_01629_aligned.jpg
happiness,all_test\happiness\train_train_01630_aligned.jpg
happiness,all_test\happiness\train_train_01631_aligned.jpg
happiness,all_test\happiness\train_train_01632_aligned.jpg
happiness,all_test\happiness\train_train_01633_aligned.jpg
happiness,all_test\happiness\train_train_01634_aligned.jpg
happiness,all_test\happiness\train_train_01635_aligned.jpg
happiness,all_test\happiness\train_train_01636_aligned.jpg
happiness,all_test\happiness\train_train_01637_aligned.jpg
happiness,all_test\happiness\train_train_01638_aligned.jpg
happiness,all_test\happiness\train_train_01639_aligned.jpg
happiness,all_test\happiness\train_train_01641_aligned.jpg
happiness,all_test\happiness\train_train_01642_aligned.jpg
happiness,all_test\happiness\train_train_01643_aligned.jpg
happiness,all_test\happiness\train_train_01647_aligned.jpg
happiness,all_test\happiness\train_train_01648_aligned.jpg
happiness,all_test\happiness\train_train_01649_aligned.jpg
happiness,all_test\happiness\train_train_01650_aligned.jpg
happiness,all_test\happiness\train_train_01651_aligned.jpg
happiness,all_test\happiness\train_train_01654_aligned.jpg
happiness,all_test\happiness\train_train_01655_aligned.jpg
happiness,all_test\happiness\train_train_01657_aligned.jpg
happiness,all_test\happiness\train_train_01658_aligned.jpg
happiness,all_test\happiness\train_train_01659_aligned.jpg
happiness,all_test\happiness\train_train_01660_aligned.jpg
happiness,all_test\happiness\train_train_01661_aligned.jpg
happiness,all_test\happiness\train_train_01662_aligned.jpg
happiness,all_test\happiness\train_train_01663_aligned.jpg
happiness,all_test\happiness\train_train_01664_aligned.jpg
happiness,all_test\happiness\train_train_01665_aligned.jpg
happiness,all_test\happiness\train_train_01666_aligned.jpg
happiness,all_test\happiness\train_train_01667_aligned.jpg
happiness,all_test\happiness\train_train_01668_aligned.jpg
happiness,all_test\happiness\train_train_01669_aligned.jpg
happiness,all_test\happiness\train_train_01670_aligned.jpg
happiness,all_test\happiness\train_train_01671_aligned.jpg
happiness,all_test\happiness\train_train_01672_aligned.jpg
happiness,all_test\happiness\train_train_01673_aligned.jpg
happiness,all_test\happiness\train_train_01677_aligned.jpg
happiness,all_test\happiness\train_train_01680_aligned.jpg
happiness,all_test\happiness\train_train_01681_aligned.jpg
happiness,all_test\happiness\train_train_01682_aligned.jpg
happiness,all_test\happiness\train_train_01683_aligned.jpg
happiness,all_test\happiness\train_train_01684_aligned.jpg
happiness,all_test\happiness\train_train_01685_aligned.jpg
happiness,all_test\happiness\train_train_01686_aligned.jpg
happiness,all_test\happiness\train_train_01687_aligned.jpg
happiness,all_test\happiness\train_train_01689_aligned.jpg
happiness,all_test\happiness\train_train_01690_aligned.jpg
happiness,all_test\happiness\train_train_01691_aligned.jpg
happiness,all_test\happiness\train_train_01692_aligned.jpg
happiness,all_test\happiness\train_train_01693_aligned.jpg
happiness,all_test\happiness\train_train_01694_aligned.jpg
happiness,all_test\happiness\train_train_01695_aligned.jpg
happiness,all_test\happiness\train_train_01696_aligned.jpg
happiness,all_test\happiness\train_train_01698_aligned.jpg
happiness,all_test\happiness\train_train_01699_aligned.jpg
happiness,all_test\happiness\train_train_01700_aligned.jpg
happiness,all_test\happiness\train_train_01702_aligned.jpg
happiness,all_test\happiness\train_train_01703_aligned.jpg
happiness,all_test\happiness\train_train_01704_aligned.jpg
happiness,all_test\happiness\train_train_01705_aligned.jpg
happiness,all_test\happiness\train_train_01706_aligned.jpg
happiness,all_test\happiness\train_train_01707_aligned.jpg
happiness,all_test\happiness\train_train_01708_aligned.jpg
happiness,all_test\happiness\train_train_01709_aligned.jpg
happiness,all_test\happiness\train_train_01710_aligned.jpg
happiness,all_test\happiness\train_train_01711_aligned.jpg
happiness,all_test\happiness\train_train_01712_aligned.jpg
happiness,all_test\happiness\train_train_01713_aligned.jpg
happiness,all_test\happiness\train_train_01714_aligned.jpg
happiness,all_test\happiness\train_train_01715_aligned.jpg
happiness,all_test\happiness\train_train_01716_aligned.jpg
happiness,all_test\happiness\train_train_01717_aligned.jpg
happiness,all_test\happiness\train_train_01719_aligned.jpg
happiness,all_test\happiness\train_train_01720_aligned.jpg
happiness,all_test\happiness\train_train_01721_aligned.jpg
happiness,all_test\happiness\train_train_01722_aligned.jpg
happiness,all_test\happiness\train_train_01723_aligned.jpg
happiness,all_test\happiness\train_train_01724_aligned.jpg
happiness,all_test\happiness\train_train_01726_aligned.jpg
happiness,all_test\happiness\train_train_01727_aligned.jpg
happiness,all_test\happiness\train_train_01728_aligned.jpg
happiness,all_test\happiness\train_train_01730_aligned.jpg
happiness,all_test\happiness\train_train_01733_aligned.jpg
happiness,all_test\happiness\train_train_01734_aligned.jpg
happiness,all_test\happiness\train_train_01735_aligned.jpg
happiness,all_test\happiness\train_train_01736_aligned.jpg
happiness,all_test\happiness\train_train_01737_aligned.jpg
happiness,all_test\happiness\train_train_01738_aligned.jpg
happiness,all_test\happiness\train_train_01740_aligned.jpg
happiness,all_test\happiness\train_train_01742_aligned.jpg
happiness,all_test\happiness\train_train_01743_aligned.jpg
happiness,all_test\happiness\train_train_01744_aligned.jpg
happiness,all_test\happiness\train_train_01745_aligned.jpg
happiness,all_test\happiness\train_train_01746_aligned.jpg
happiness,all_test\happiness\train_train_01747_aligned.jpg
happiness,all_test\happiness\train_train_01749_aligned.jpg
happiness,all_test\happiness\train_train_01750_aligned.jpg
happiness,all_test\happiness\train_train_01751_aligned.jpg
happiness,all_test\happiness\train_train_01753_aligned.jpg
happiness,all_test\happiness\train_train_01754_aligned.jpg
happiness,all_test\happiness\train_train_01755_aligned.jpg
happiness,all_test\happiness\train_train_01756_aligned.jpg
happiness,all_test\happiness\train_train_01757_aligned.jpg
happiness,all_test\happiness\train_train_01761_aligned.jpg
happiness,all_test\happiness\train_train_01762_aligned.jpg
happiness,all_test\happiness\train_train_01763_aligned.jpg
happiness,all_test\happiness\train_train_01764_aligned.jpg
happiness,all_test\happiness\train_train_01765_aligned.jpg
happiness,all_test\happiness\train_train_01767_aligned.jpg
happiness,all_test\happiness\train_train_01768_aligned.jpg
happiness,all_test\happiness\train_train_01769_aligned.jpg
happiness,all_test\happiness\train_train_01770_aligned.jpg
happiness,all_test\happiness\train_train_01771_aligned.jpg
happiness,all_test\happiness\train_train_01772_aligned.jpg
happiness,all_test\happiness\train_train_01773_aligned.jpg
happiness,all_test\happiness\train_train_01775_aligned.jpg
happiness,all_test\happiness\train_train_01778_aligned.jpg
happiness,all_test\happiness\train_train_01779_aligned.jpg
happiness,all_test\happiness\train_train_01780_aligned.jpg
happiness,all_test\happiness\train_train_01781_aligned.jpg
happiness,all_test\happiness\train_train_01790_aligned.jpg
happiness,all_test\happiness\train_train_01793_aligned.jpg
happiness,all_test\happiness\train_train_01794_aligned.jpg
happiness,all_test\happiness\train_train_01795_aligned.jpg
happiness,all_test\happiness\train_train_01797_aligned.jpg
happiness,all_test\happiness\train_train_01798_aligned.jpg
happiness,all_test\happiness\train_train_01799_aligned.jpg
happiness,all_test\happiness\train_train_01800_aligned.jpg
happiness,all_test\happiness\train_train_01801_aligned.jpg
happiness,all_test\happiness\train_train_01802_aligned.jpg
happiness,all_test\happiness\train_train_01803_aligned.jpg
happiness,all_test\happiness\train_train_01804_aligned.jpg
happiness,all_test\happiness\train_train_01805_aligned.jpg
happiness,all_test\happiness\train_train_01806_aligned.jpg
happiness,all_test\happiness\train_train_01807_aligned.jpg
happiness,all_test\happiness\train_train_01808_aligned.jpg
happiness,all_test\happiness\train_train_01809_aligned.jpg
happiness,all_test\happiness\train_train_01813_aligned.jpg
happiness,all_test\happiness\train_train_01814_aligned.jpg
happiness,all_test\happiness\train_train_01815_aligned.jpg
happiness,all_test\happiness\train_train_01816_aligned.jpg
happiness,all_test\happiness\train_train_01817_aligned.jpg
happiness,all_test\happiness\train_train_01818_aligned.jpg
happiness,all_test\happiness\train_train_01819_aligned.jpg
happiness,all_test\happiness\train_train_01820_aligned.jpg
happiness,all_test\happiness\train_train_01821_aligned.jpg
happiness,all_test\happiness\train_train_01822_aligned.jpg
happiness,all_test\happiness\train_train_01825_aligned.jpg
happiness,all_test\happiness\train_train_01826_aligned.jpg
happiness,all_test\happiness\train_train_01828_aligned.jpg
happiness,all_test\happiness\train_train_01830_aligned.jpg
happiness,all_test\happiness\train_train_01832_aligned.jpg
happiness,all_test\happiness\train_train_01836_aligned.jpg
happiness,all_test\happiness\train_train_01837_aligned.jpg
happiness,all_test\happiness\train_train_01839_aligned.jpg
happiness,all_test\happiness\train_train_01840_aligned.jpg
happiness,all_test\happiness\train_train_01843_aligned.jpg
happiness,all_test\happiness\train_train_01844_aligned.jpg
happiness,all_test\happiness\train_train_01845_aligned.jpg
happiness,all_test\happiness\train_train_01846_aligned.jpg
happiness,all_test\happiness\train_train_01847_aligned.jpg
happiness,all_test\happiness\train_train_01848_aligned.jpg
happiness,all_test\happiness\train_train_01849_aligned.jpg
happiness,all_test\happiness\train_train_01850_aligned.jpg
happiness,all_test\happiness\train_train_01852_aligned.jpg
happiness,all_test\happiness\train_train_01853_aligned.jpg
happiness,all_test\happiness\train_train_01854_aligned.jpg
happiness,all_test\happiness\train_train_01855_aligned.jpg
happiness,all_test\happiness\train_train_01856_aligned.jpg
happiness,all_test\happiness\train_train_01857_aligned.jpg
happiness,all_test\happiness\train_train_01858_aligned.jpg
happiness,all_test\happiness\train_train_01859_aligned.jpg
happiness,all_test\happiness\train_train_01860_aligned.jpg
happiness,all_test\happiness\train_train_01861_aligned.jpg
happiness,all_test\happiness\train_train_01862_aligned.jpg
happiness,all_test\happiness\train_train_01865_aligned.jpg
happiness,all_test\happiness\train_train_01866_aligned.jpg
happiness,all_test\happiness\train_train_01867_aligned.jpg
happiness,all_test\happiness\train_train_01868_aligned.jpg
happiness,all_test\happiness\train_train_01869_aligned.jpg
happiness,all_test\happiness\train_train_01870_aligned.jpg
happiness,all_test\happiness\train_train_01871_aligned.jpg
happiness,all_test\happiness\train_train_01872_aligned.jpg
happiness,all_test\happiness\train_train_01873_aligned.jpg
happiness,all_test\happiness\train_train_01875_aligned.jpg
happiness,all_test\happiness\train_train_01877_aligned.jpg
happiness,all_test\happiness\train_train_01879_aligned.jpg
happiness,all_test\happiness\train_train_01880_aligned.jpg
happiness,all_test\happiness\train_train_01882_aligned.jpg
happiness,all_test\happiness\train_train_01883_aligned.jpg
happiness,all_test\happiness\train_train_01885_aligned.jpg
happiness,all_test\happiness\train_train_01886_aligned.jpg
happiness,all_test\happiness\train_train_01887_aligned.jpg
happiness,all_test\happiness\train_train_01888_aligned.jpg
happiness,all_test\happiness\train_train_01890_aligned.jpg
happiness,all_test\happiness\train_train_01891_aligned.jpg
happiness,all_test\happiness\train_train_01892_aligned.jpg
happiness,all_test\happiness\train_train_01894_aligned.jpg
happiness,all_test\happiness\train_train_01895_aligned.jpg
happiness,all_test\happiness\train_train_01896_aligned.jpg
happiness,all_test\happiness\train_train_01898_aligned.jpg
happiness,all_test\happiness\train_train_01900_aligned.jpg
happiness,all_test\happiness\train_train_01901_aligned.jpg
happiness,all_test\happiness\train_train_01902_aligned.jpg
happiness,all_test\happiness\train_train_01903_aligned.jpg
happiness,all_test\happiness\train_train_01904_aligned.jpg
happiness,all_test\happiness\train_train_01905_aligned.jpg
happiness,all_test\happiness\train_train_01906_aligned.jpg
happiness,all_test\happiness\train_train_01907_aligned.jpg
happiness,all_test\happiness\train_train_01908_aligned.jpg
happiness,all_test\happiness\train_train_01909_aligned.jpg
happiness,all_test\happiness\train_train_01910_aligned.jpg
happiness,all_test\happiness\train_train_01911_aligned.jpg
happiness,all_test\happiness\train_train_01912_aligned.jpg
happiness,all_test\happiness\train_train_01913_aligned.jpg
happiness,all_test\happiness\train_train_01914_aligned.jpg
happiness,all_test\happiness\train_train_01915_aligned.jpg
happiness,all_test\happiness\train_train_01916_aligned.jpg
happiness,all_test\happiness\train_train_01917_aligned.jpg
happiness,all_test\happiness\train_train_01918_aligned.jpg
happiness,all_test\happiness\train_train_01919_aligned.jpg
happiness,all_test\happiness\train_train_01920_aligned.jpg
happiness,all_test\happiness\train_train_01922_aligned.jpg
happiness,all_test\happiness\train_train_01924_aligned.jpg
happiness,all_test\happiness\train_train_01926_aligned.jpg
happiness,all_test\happiness\train_train_01927_aligned.jpg
happiness,all_test\happiness\train_train_01929_aligned.jpg
happiness,all_test\happiness\train_train_01930_aligned.jpg
happiness,all_test\happiness\train_train_01931_aligned.jpg
happiness,all_test\happiness\train_train_01932_aligned.jpg
happiness,all_test\happiness\train_train_01933_aligned.jpg
happiness,all_test\happiness\train_train_01934_aligned.jpg
happiness,all_test\happiness\train_train_01935_aligned.jpg
happiness,all_test\happiness\train_train_01936_aligned.jpg
happiness,all_test\happiness\train_train_01937_aligned.jpg
happiness,all_test\happiness\train_train_01938_aligned.jpg
happiness,all_test\happiness\train_train_01939_aligned.jpg
happiness,all_test\happiness\train_train_01940_aligned.jpg
happiness,all_test\happiness\train_train_01941_aligned.jpg
happiness,all_test\happiness\train_train_01942_aligned.jpg
happiness,all_test\happiness\train_train_01943_aligned.jpg
happiness,all_test\happiness\train_train_01944_aligned.jpg
happiness,all_test\happiness\train_train_01945_aligned.jpg
happiness,all_test\happiness\train_train_01947_aligned.jpg
happiness,all_test\happiness\train_train_01950_aligned.jpg
happiness,all_test\happiness\train_train_01951_aligned.jpg
happiness,all_test\happiness\train_train_01952_aligned.jpg
happiness,all_test\happiness\train_train_01953_aligned.jpg
happiness,all_test\happiness\train_train_01954_aligned.jpg
happiness,all_test\happiness\train_train_01955_aligned.jpg
happiness,all_test\happiness\train_train_01956_aligned.jpg
happiness,all_test\happiness\train_train_01957_aligned.jpg
happiness,all_test\happiness\train_train_01958_aligned.jpg
happiness,all_test\happiness\train_train_01959_aligned.jpg
happiness,all_test\happiness\train_train_01960_aligned.jpg
happiness,all_test\happiness\train_train_01962_aligned.jpg
happiness,all_test\happiness\train_train_01963_aligned.jpg
happiness,all_test\happiness\train_train_01964_aligned.jpg
happiness,all_test\happiness\train_train_01965_aligned.jpg
happiness,all_test\happiness\train_train_01966_aligned.jpg
happiness,all_test\happiness\train_train_01967_aligned.jpg
happiness,all_test\happiness\train_train_01970_aligned.jpg
happiness,all_test\happiness\train_train_01971_aligned.jpg
happiness,all_test\happiness\train_train_01973_aligned.jpg
happiness,all_test\happiness\train_train_01974_aligned.jpg
happiness,all_test\happiness\train_train_01976_aligned.jpg
happiness,all_test\happiness\train_train_01977_aligned.jpg
happiness,all_test\happiness\train_train_01979_aligned.jpg
happiness,all_test\happiness\train_train_01980_aligned.jpg
happiness,all_test\happiness\train_train_01981_aligned.jpg
happiness,all_test\happiness\train_train_01982_aligned.jpg
happiness,all_test\happiness\train_train_01983_aligned.jpg
happiness,all_test\happiness\train_train_01985_aligned.jpg
happiness,all_test\happiness\train_train_01986_aligned.jpg
happiness,all_test\happiness\train_train_01987_aligned.jpg
happiness,all_test\happiness\train_train_01988_aligned.jpg
happiness,all_test\happiness\train_train_01989_aligned.jpg
happiness,all_test\happiness\train_train_01990_aligned.jpg
happiness,all_test\happiness\train_train_01993_aligned.jpg
happiness,all_test\happiness\train_train_01994_aligned.jpg
happiness,all_test\happiness\train_train_01995_aligned.jpg
happiness,all_test\happiness\train_train_01996_aligned.jpg
happiness,all_test\happiness\train_train_01997_aligned.jpg
happiness,all_test\happiness\train_train_01998_aligned.jpg
happiness,all_test\happiness\train_train_01999_aligned.jpg
happiness,all_test\happiness\train_train_02001_aligned.jpg
happiness,all_test\happiness\train_train_02002_aligned.jpg
happiness,all_test\happiness\train_train_02004_aligned.jpg
happiness,all_test\happiness\train_train_02005_aligned.jpg
happiness,all_test\happiness\train_train_02006_aligned.jpg
happiness,all_test\happiness\train_train_02009_aligned.jpg
happiness,all_test\happiness\train_train_02010_aligned.jpg
happiness,all_test\happiness\train_train_02012_aligned.jpg
happiness,all_test\happiness\train_train_02013_aligned.jpg
happiness,all_test\happiness\train_train_02014_aligned.jpg
happiness,all_test\happiness\train_train_02015_aligned.jpg
happiness,all_test\happiness\train_train_02019_aligned.jpg
happiness,all_test\happiness\train_train_02020_aligned.jpg
happiness,all_test\happiness\train_train_02021_aligned.jpg
happiness,all_test\happiness\train_train_02022_aligned.jpg
happiness,all_test\happiness\train_train_02023_aligned.jpg
happiness,all_test\happiness\train_train_02024_aligned.jpg
happiness,all_test\happiness\train_train_02025_aligned.jpg
happiness,all_test\happiness\train_train_02026_aligned.jpg
happiness,all_test\happiness\train_train_02027_aligned.jpg
happiness,all_test\happiness\train_train_02028_aligned.jpg
happiness,all_test\happiness\train_train_02029_aligned.jpg
happiness,all_test\happiness\train_train_02030_aligned.jpg
happiness,all_test\happiness\train_train_02031_aligned.jpg
happiness,all_test\happiness\train_train_02032_aligned.jpg
happiness,all_test\happiness\train_train_02034_aligned.jpg
happiness,all_test\happiness\train_train_02035_aligned.jpg
happiness,all_test\happiness\train_train_02038_aligned.jpg
happiness,all_test\happiness\train_train_02039_aligned.jpg
happiness,all_test\happiness\train_train_02041_aligned.jpg
happiness,all_test\happiness\train_train_02042_aligned.jpg
happiness,all_test\happiness\train_train_02044_aligned.jpg
happiness,all_test\happiness\train_train_02045_aligned.jpg
happiness,all_test\happiness\train_train_02046_aligned.jpg
happiness,all_test\happiness\train_train_02047_aligned.jpg
happiness,all_test\happiness\train_train_02049_aligned.jpg
happiness,all_test\happiness\train_train_02050_aligned.jpg
happiness,all_test\happiness\train_train_02051_aligned.jpg
happiness,all_test\happiness\train_train_02052_aligned.jpg
happiness,all_test\happiness\train_train_02054_aligned.jpg
happiness,all_test\happiness\train_train_02055_aligned.jpg
happiness,all_test\happiness\train_train_02056_aligned.jpg
happiness,all_test\happiness\train_train_02057_aligned.jpg
happiness,all_test\happiness\train_train_02058_aligned.jpg
happiness,all_test\happiness\train_train_02059_aligned.jpg
happiness,all_test\happiness\train_train_02060_aligned.jpg
happiness,all_test\happiness\train_train_02064_aligned.jpg
happiness,all_test\happiness\train_train_02067_aligned.jpg
happiness,all_test\happiness\train_train_02068_aligned.jpg
happiness,all_test\happiness\train_train_02069_aligned.jpg
happiness,all_test\happiness\train_train_02070_aligned.jpg
happiness,all_test\happiness\train_train_02071_aligned.jpg
happiness,all_test\happiness\train_train_02072_aligned.jpg
happiness,all_test\happiness\train_train_02074_aligned.jpg
happiness,all_test\happiness\train_train_02076_aligned.jpg
happiness,all_test\happiness\train_train_02077_aligned.jpg
happiness,all_test\happiness\train_train_02078_aligned.jpg
happiness,all_test\happiness\train_train_02080_aligned.jpg
happiness,all_test\happiness\train_train_02081_aligned.jpg
happiness,all_test\happiness\train_train_02082_aligned.jpg
happiness,all_test\happiness\train_train_02083_aligned.jpg
happiness,all_test\happiness\train_train_02084_aligned.jpg
happiness,all_test\happiness\train_train_02086_aligned.jpg
happiness,all_test\happiness\train_train_02089_aligned.jpg
happiness,all_test\happiness\train_train_02090_aligned.jpg
happiness,all_test\happiness\train_train_02091_aligned.jpg
happiness,all_test\happiness\train_train_02092_aligned.jpg
happiness,all_test\happiness\train_train_02093_aligned.jpg
happiness,all_test\happiness\train_train_02094_aligned.jpg
happiness,all_test\happiness\train_train_02095_aligned.jpg
happiness,all_test\happiness\train_train_02097_aligned.jpg
happiness,all_test\happiness\train_train_02098_aligned.jpg
happiness,all_test\happiness\train_train_02099_aligned.jpg
happiness,all_test\happiness\train_train_02100_aligned.jpg
happiness,all_test\happiness\train_train_02102_aligned.jpg
happiness,all_test\happiness\train_train_02104_aligned.jpg
happiness,all_test\happiness\train_train_02105_aligned.jpg
happiness,all_test\happiness\train_train_02106_aligned.jpg
happiness,all_test\happiness\train_train_02107_aligned.jpg
happiness,all_test\happiness\train_train_02109_aligned.jpg
happiness,all_test\happiness\train_train_02110_aligned.jpg
happiness,all_test\happiness\train_train_02113_aligned.jpg
happiness,all_test\happiness\train_train_02114_aligned.jpg
happiness,all_test\happiness\train_train_02115_aligned.jpg
happiness,all_test\happiness\train_train_02116_aligned.jpg
happiness,all_test\happiness\train_train_02117_aligned.jpg
happiness,all_test\happiness\train_train_02118_aligned.jpg
happiness,all_test\happiness\train_train_02123_aligned.jpg
happiness,all_test\happiness\train_train_02124_aligned.jpg
happiness,all_test\happiness\train_train_02125_aligned.jpg
happiness,all_test\happiness\train_train_02126_aligned.jpg
happiness,all_test\happiness\train_train_02130_aligned.jpg
happiness,all_test\happiness\train_train_02131_aligned.jpg
happiness,all_test\happiness\train_train_02132_aligned.jpg
happiness,all_test\happiness\train_train_02135_aligned.jpg
happiness,all_test\happiness\train_train_02136_aligned.jpg
happiness,all_test\happiness\train_train_02137_aligned.jpg
happiness,all_test\happiness\train_train_02138_aligned.jpg
happiness,all_test\happiness\train_train_02140_aligned.jpg
happiness,all_test\happiness\train_train_02141_aligned.jpg
happiness,all_test\happiness\train_train_02142_aligned.jpg
happiness,all_test\happiness\train_train_02143_aligned.jpg
happiness,all_test\happiness\train_train_02144_aligned.jpg
happiness,all_test\happiness\train_train_02145_aligned.jpg
happiness,all_test\happiness\train_train_02146_aligned.jpg
happiness,all_test\happiness\train_train_02147_aligned.jpg
happiness,all_test\happiness\train_train_02148_aligned.jpg
happiness,all_test\happiness\train_train_02149_aligned.jpg
happiness,all_test\happiness\train_train_02150_aligned.jpg
happiness,all_test\happiness\train_train_02151_aligned.jpg
happiness,all_test\happiness\train_train_02152_aligned.jpg
happiness,all_test\happiness\train_train_02153_aligned.jpg
happiness,all_test\happiness\train_train_02154_aligned.jpg
happiness,all_test\happiness\train_train_02156_aligned.jpg
happiness,all_test\happiness\train_train_02157_aligned.jpg
happiness,all_test\happiness\train_train_02158_aligned.jpg
happiness,all_test\happiness\train_train_02159_aligned.jpg
happiness,all_test\happiness\train_train_02160_aligned.jpg
happiness,all_test\happiness\train_train_02161_aligned.jpg
happiness,all_test\happiness\train_train_02162_aligned.jpg
happiness,all_test\happiness\train_train_02163_aligned.jpg
happiness,all_test\happiness\train_train_02164_aligned.jpg
happiness,all_test\happiness\train_train_02165_aligned.jpg
happiness,all_test\happiness\train_train_02166_aligned.jpg
happiness,all_test\happiness\train_train_02167_aligned.jpg
happiness,all_test\happiness\train_train_02168_aligned.jpg
happiness,all_test\happiness\train_train_02169_aligned.jpg
happiness,all_test\happiness\train_train_02170_aligned.jpg
happiness,all_test\happiness\train_train_02171_aligned.jpg
happiness,all_test\happiness\train_train_02172_aligned.jpg
happiness,all_test\happiness\train_train_02173_aligned.jpg
happiness,all_test\happiness\train_train_02174_aligned.jpg
happiness,all_test\happiness\train_train_02175_aligned.jpg
happiness,all_test\happiness\train_train_02176_aligned.jpg
happiness,all_test\happiness\train_train_02177_aligned.jpg
happiness,all_test\happiness\train_train_02178_aligned.jpg
happiness,all_test\happiness\train_train_02179_aligned.jpg
happiness,all_test\happiness\train_train_02180_aligned.jpg
happiness,all_test\happiness\train_train_02181_aligned.jpg
happiness,all_test\happiness\train_train_02182_aligned.jpg
happiness,all_test\happiness\train_train_02183_aligned.jpg
happiness,all_test\happiness\train_train_02184_aligned.jpg
happiness,all_test\happiness\train_train_02185_aligned.jpg
happiness,all_test\happiness\train_train_02186_aligned.jpg
happiness,all_test\happiness\train_train_02187_aligned.jpg
happiness,all_test\happiness\train_train_02189_aligned.jpg
happiness,all_test\happiness\train_train_02190_aligned.jpg
happiness,all_test\happiness\train_train_02191_aligned.jpg
happiness,all_test\happiness\train_train_02192_aligned.jpg
happiness,all_test\happiness\train_train_02194_aligned.jpg
happiness,all_test\happiness\train_train_02195_aligned.jpg
happiness,all_test\happiness\train_train_02196_aligned.jpg
happiness,all_test\happiness\train_train_02197_aligned.jpg
happiness,all_test\happiness\train_train_02198_aligned.jpg
happiness,all_test\happiness\train_train_02199_aligned.jpg
happiness,all_test\happiness\train_train_02200_aligned.jpg
happiness,all_test\happiness\train_train_02201_aligned.jpg
happiness,all_test\happiness\train_train_02202_aligned.jpg
happiness,all_test\happiness\train_train_02203_aligned.jpg
happiness,all_test\happiness\train_train_02204_aligned.jpg
happiness,all_test\happiness\train_train_02205_aligned.jpg
happiness,all_test\happiness\train_train_02206_aligned.jpg
happiness,all_test\happiness\train_train_02207_aligned.jpg
happiness,all_test\happiness\train_train_02208_aligned.jpg
happiness,all_test\happiness\train_train_02209_aligned.jpg
happiness,all_test\happiness\train_train_02210_aligned.jpg
happiness,all_test\happiness\train_train_02211_aligned.jpg
happiness,all_test\happiness\train_train_02213_aligned.jpg
happiness,all_test\happiness\train_train_02214_aligned.jpg
happiness,all_test\happiness\train_train_02215_aligned.jpg
happiness,all_test\happiness\train_train_02216_aligned.jpg
happiness,all_test\happiness\train_train_02217_aligned.jpg
happiness,all_test\happiness\train_train_02218_aligned.jpg
happiness,all_test\happiness\train_train_02219_aligned.jpg
happiness,all_test\happiness\train_train_02220_aligned.jpg
happiness,all_test\happiness\train_train_02221_aligned.jpg
happiness,all_test\happiness\train_train_02222_aligned.jpg
happiness,all_test\happiness\train_train_02224_aligned.jpg
happiness,all_test\happiness\train_train_02225_aligned.jpg
happiness,all_test\happiness\train_train_02227_aligned.jpg
happiness,all_test\happiness\train_train_02230_aligned.jpg
happiness,all_test\happiness\train_train_02233_aligned.jpg
happiness,all_test\happiness\train_train_02234_aligned.jpg
happiness,all_test\happiness\train_train_02235_aligned.jpg
happiness,all_test\happiness\train_train_02236_aligned.jpg
happiness,all_test\happiness\train_train_02238_aligned.jpg
happiness,all_test\happiness\train_train_02239_aligned.jpg
happiness,all_test\happiness\train_train_02241_aligned.jpg
happiness,all_test\happiness\train_train_02242_aligned.jpg
happiness,all_test\happiness\train_train_02244_aligned.jpg
happiness,all_test\happiness\train_train_02245_aligned.jpg
happiness,all_test\happiness\train_train_02246_aligned.jpg
happiness,all_test\happiness\train_train_02248_aligned.jpg
happiness,all_test\happiness\train_train_02250_aligned.jpg
happiness,all_test\happiness\train_train_02253_aligned.jpg
happiness,all_test\happiness\train_train_02256_aligned.jpg
happiness,all_test\happiness\train_train_02257_aligned.jpg
happiness,all_test\happiness\train_train_02258_aligned.jpg
happiness,all_test\happiness\train_train_02259_aligned.jpg
happiness,all_test\happiness\train_train_02261_aligned.jpg
happiness,all_test\happiness\train_train_02262_aligned.jpg
happiness,all_test\happiness\train_train_02264_aligned.jpg
happiness,all_test\happiness\train_train_02265_aligned.jpg
happiness,all_test\happiness\train_train_02267_aligned.jpg
happiness,all_test\happiness\train_train_02268_aligned.jpg
happiness,all_test\happiness\train_train_02271_aligned.jpg
happiness,all_test\happiness\train_train_02273_aligned.jpg
happiness,all_test\happiness\train_train_02274_aligned.jpg
happiness,all_test\happiness\train_train_02275_aligned.jpg
happiness,all_test\happiness\train_train_02276_aligned.jpg
happiness,all_test\happiness\train_train_02277_aligned.jpg
happiness,all_test\happiness\train_train_02280_aligned.jpg
happiness,all_test\happiness\train_train_02282_aligned.jpg
happiness,all_test\happiness\train_train_02283_aligned.jpg
happiness,all_test\happiness\train_train_02284_aligned.jpg
happiness,all_test\happiness\train_train_02285_aligned.jpg
happiness,all_test\happiness\train_train_02287_aligned.jpg
happiness,all_test\happiness\train_train_02288_aligned.jpg
happiness,all_test\happiness\train_train_02289_aligned.jpg
happiness,all_test\happiness\train_train_02290_aligned.jpg
happiness,all_test\happiness\train_train_02291_aligned.jpg
happiness,all_test\happiness\train_train_02294_aligned.jpg
happiness,all_test\happiness\train_train_02295_aligned.jpg
happiness,all_test\happiness\train_train_02296_aligned.jpg
happiness,all_test\happiness\train_train_02297_aligned.jpg
happiness,all_test\happiness\train_train_02298_aligned.jpg
happiness,all_test\happiness\train_train_02300_aligned.jpg
happiness,all_test\happiness\train_train_02302_aligned.jpg
happiness,all_test\happiness\train_train_02303_aligned.jpg
happiness,all_test\happiness\train_train_02304_aligned.jpg
happiness,all_test\happiness\train_train_02305_aligned.jpg
happiness,all_test\happiness\train_train_02307_aligned.jpg
happiness,all_test\happiness\train_train_02308_aligned.jpg
happiness,all_test\happiness\train_train_02309_aligned.jpg
happiness,all_test\happiness\train_train_02310_aligned.jpg
happiness,all_test\happiness\train_train_02311_aligned.jpg
happiness,all_test\happiness\train_train_02312_aligned.jpg
happiness,all_test\happiness\train_train_02313_aligned.jpg
happiness,all_test\happiness\train_train_02314_aligned.jpg
happiness,all_test\happiness\train_train_02315_aligned.jpg
happiness,all_test\happiness\train_train_02316_aligned.jpg
happiness,all_test\happiness\train_train_02317_aligned.jpg
happiness,all_test\happiness\train_train_02318_aligned.jpg
happiness,all_test\happiness\train_train_02320_aligned.jpg
happiness,all_test\happiness\train_train_02321_aligned.jpg
happiness,all_test\happiness\train_train_02322_aligned.jpg
happiness,all_test\happiness\train_train_02323_aligned.jpg
happiness,all_test\happiness\train_train_02325_aligned.jpg
happiness,all_test\happiness\train_train_02326_aligned.jpg
happiness,all_test\happiness\train_train_02327_aligned.jpg
happiness,all_test\happiness\train_train_02328_aligned.jpg
happiness,all_test\happiness\train_train_02332_aligned.jpg
happiness,all_test\happiness\train_train_02333_aligned.jpg
happiness,all_test\happiness\train_train_02334_aligned.jpg
happiness,all_test\happiness\train_train_02335_aligned.jpg
happiness,all_test\happiness\train_train_02336_aligned.jpg
happiness,all_test\happiness\train_train_02337_aligned.jpg
happiness,all_test\happiness\train_train_02338_aligned.jpg
happiness,all_test\happiness\train_train_02339_aligned.jpg
happiness,all_test\happiness\train_train_02340_aligned.jpg
happiness,all_test\happiness\train_train_02341_aligned.jpg
happiness,all_test\happiness\train_train_02343_aligned.jpg
happiness,all_test\happiness\train_train_02344_aligned.jpg
happiness,all_test\happiness\train_train_02345_aligned.jpg
happiness,all_test\happiness\train_train_02346_aligned.jpg
happiness,all_test\happiness\train_train_02347_aligned.jpg
happiness,all_test\happiness\train_train_02350_aligned.jpg
happiness,all_test\happiness\train_train_02351_aligned.jpg
happiness,all_test\happiness\train_train_02353_aligned.jpg
happiness,all_test\happiness\train_train_02354_aligned.jpg
happiness,all_test\happiness\train_train_02355_aligned.jpg
happiness,all_test\happiness\train_train_02356_aligned.jpg
happiness,all_test\happiness\train_train_02357_aligned.jpg
happiness,all_test\happiness\train_train_02358_aligned.jpg
happiness,all_test\happiness\train_train_02359_aligned.jpg
happiness,all_test\happiness\train_train_02360_aligned.jpg
happiness,all_test\happiness\train_train_02361_aligned.jpg
happiness,all_test\happiness\train_train_02363_aligned.jpg
happiness,all_test\happiness\train_train_02364_aligned.jpg
happiness,all_test\happiness\train_train_02365_aligned.jpg
happiness,all_test\happiness\train_train_02366_aligned.jpg
happiness,all_test\happiness\train_train_02368_aligned.jpg
happiness,all_test\happiness\train_train_02369_aligned.jpg
happiness,all_test\happiness\train_train_02370_aligned.jpg
happiness,all_test\happiness\train_train_02371_aligned.jpg
happiness,all_test\happiness\train_train_02372_aligned.jpg
happiness,all_test\happiness\train_train_02373_aligned.jpg
happiness,all_test\happiness\train_train_02374_aligned.jpg
happiness,all_test\happiness\train_train_02375_aligned.jpg
happiness,all_test\happiness\train_train_02376_aligned.jpg
happiness,all_test\happiness\train_train_02378_aligned.jpg
happiness,all_test\happiness\train_train_02381_aligned.jpg
happiness,all_test\happiness\train_train_02382_aligned.jpg
happiness,all_test\happiness\train_train_02383_aligned.jpg
happiness,all_test\happiness\train_train_02384_aligned.jpg
happiness,all_test\happiness\train_train_02387_aligned.jpg
happiness,all_test\happiness\train_train_02388_aligned.jpg
happiness,all_test\happiness\train_train_02389_aligned.jpg
happiness,all_test\happiness\train_train_02390_aligned.jpg
happiness,all_test\happiness\train_train_02391_aligned.jpg
happiness,all_test\happiness\train_train_02393_aligned.jpg
happiness,all_test\happiness\train_train_02394_aligned.jpg
happiness,all_test\happiness\train_train_02395_aligned.jpg
happiness,all_test\happiness\train_train_02396_aligned.jpg
happiness,all_test\happiness\train_train_02398_aligned.jpg
happiness,all_test\happiness\train_train_02399_aligned.jpg
happiness,all_test\happiness\train_train_02400_aligned.jpg
happiness,all_test\happiness\train_train_02401_aligned.jpg
happiness,all_test\happiness\train_train_02405_aligned.jpg
happiness,all_test\happiness\train_train_02406_aligned.jpg
happiness,all_test\happiness\train_train_02407_aligned.jpg
happiness,all_test\happiness\train_train_02408_aligned.jpg
happiness,all_test\happiness\train_train_02409_aligned.jpg
happiness,all_test\happiness\train_train_02410_aligned.jpg
happiness,all_test\happiness\train_train_02411_aligned.jpg
happiness,all_test\happiness\train_train_02412_aligned.jpg
happiness,all_test\happiness\train_train_02413_aligned.jpg
happiness,all_test\happiness\train_train_02414_aligned.jpg
happiness,all_test\happiness\train_train_02415_aligned.jpg
happiness,all_test\happiness\train_train_02418_aligned.jpg
happiness,all_test\happiness\train_train_02419_aligned.jpg
happiness,all_test\happiness\train_train_02422_aligned.jpg
happiness,all_test\happiness\train_train_02423_aligned.jpg
happiness,all_test\happiness\train_train_02427_aligned.jpg
happiness,all_test\happiness\train_train_02428_aligned.jpg
happiness,all_test\happiness\train_train_02429_aligned.jpg
happiness,all_test\happiness\train_train_02430_aligned.jpg
happiness,all_test\happiness\train_train_02431_aligned.jpg
happiness,all_test\happiness\train_train_02432_aligned.jpg
happiness,all_test\happiness\train_train_02433_aligned.jpg
happiness,all_test\happiness\train_train_02434_aligned.jpg
happiness,all_test\happiness\train_train_02435_aligned.jpg
happiness,all_test\happiness\train_train_02436_aligned.jpg
happiness,all_test\happiness\train_train_02437_aligned.jpg
happiness,all_test\happiness\train_train_02438_aligned.jpg
happiness,all_test\happiness\train_train_02440_aligned.jpg
happiness,all_test\happiness\train_train_02441_aligned.jpg
happiness,all_test\happiness\train_train_02442_aligned.jpg
happiness,all_test\happiness\train_train_02443_aligned.jpg
happiness,all_test\happiness\train_train_02447_aligned.jpg
happiness,all_test\happiness\train_train_02448_aligned.jpg
happiness,all_test\happiness\train_train_02449_aligned.jpg
happiness,all_test\happiness\train_train_02450_aligned.jpg
happiness,all_test\happiness\train_train_02452_aligned.jpg
happiness,all_test\happiness\train_train_02455_aligned.jpg
happiness,all_test\happiness\train_train_02456_aligned.jpg
happiness,all_test\happiness\train_train_02457_aligned.jpg
happiness,all_test\happiness\train_train_02460_aligned.jpg
happiness,all_test\happiness\train_train_02461_aligned.jpg
happiness,all_test\happiness\train_train_02464_aligned.jpg
happiness,all_test\happiness\train_train_02466_aligned.jpg
happiness,all_test\happiness\train_train_02469_aligned.jpg
happiness,all_test\happiness\train_train_02472_aligned.jpg
happiness,all_test\happiness\train_train_02473_aligned.jpg
happiness,all_test\happiness\train_train_02474_aligned.jpg
happiness,all_test\happiness\train_train_02475_aligned.jpg
happiness,all_test\happiness\train_train_02476_aligned.jpg
happiness,all_test\happiness\train_train_02477_aligned.jpg
happiness,all_test\happiness\train_train_02478_aligned.jpg
happiness,all_test\happiness\train_train_02479_aligned.jpg
happiness,all_test\happiness\train_train_02480_aligned.jpg
happiness,all_test\happiness\train_train_02482_aligned.jpg
happiness,all_test\happiness\train_train_02484_aligned.jpg
happiness,all_test\happiness\train_train_02485_aligned.jpg
happiness,all_test\happiness\train_train_02487_aligned.jpg
happiness,all_test\happiness\train_train_02488_aligned.jpg
happiness,all_test\happiness\train_train_02489_aligned.jpg
happiness,all_test\happiness\train_train_02490_aligned.jpg
happiness,all_test\happiness\train_train_02491_aligned.jpg
happiness,all_test\happiness\train_train_02493_aligned.jpg
happiness,all_test\happiness\train_train_02494_aligned.jpg
happiness,all_test\happiness\train_train_02495_aligned.jpg
happiness,all_test\happiness\train_train_02496_aligned.jpg
happiness,all_test\happiness\train_train_02497_aligned.jpg
happiness,all_test\happiness\train_train_02498_aligned.jpg
happiness,all_test\happiness\train_train_02499_aligned.jpg
happiness,all_test\happiness\train_train_02500_aligned.jpg
happiness,all_test\happiness\train_train_02501_aligned.jpg
happiness,all_test\happiness\train_train_02502_aligned.jpg
happiness,all_test\happiness\train_train_02503_aligned.jpg
happiness,all_test\happiness\train_train_02504_aligned.jpg
happiness,all_test\happiness\train_train_02505_aligned.jpg
happiness,all_test\happiness\train_train_02506_aligned.jpg
happiness,all_test\happiness\train_train_02509_aligned.jpg
happiness,all_test\happiness\train_train_02510_aligned.jpg
happiness,all_test\happiness\train_train_02511_aligned.jpg
happiness,all_test\happiness\train_train_02513_aligned.jpg
happiness,all_test\happiness\train_train_02514_aligned.jpg
happiness,all_test\happiness\train_train_02515_aligned.jpg
happiness,all_test\happiness\train_train_02516_aligned.jpg
happiness,all_test\happiness\train_train_02517_aligned.jpg
happiness,all_test\happiness\train_train_02518_aligned.jpg
happiness,all_test\happiness\train_train_02519_aligned.jpg
happiness,all_test\happiness\train_train_02521_aligned.jpg
happiness,all_test\happiness\train_train_02522_aligned.jpg
happiness,all_test\happiness\train_train_02524_aligned.jpg
happiness,all_test\happiness\train_train_02525_aligned.jpg
happiness,all_test\happiness\train_train_02526_aligned.jpg
happiness,all_test\happiness\train_train_02527_aligned.jpg
happiness,all_test\happiness\train_train_02528_aligned.jpg
happiness,all_test\happiness\train_train_02529_aligned.jpg
happiness,all_test\happiness\train_train_02530_aligned.jpg
happiness,all_test\happiness\train_train_02531_aligned.jpg
happiness,all_test\happiness\train_train_02532_aligned.jpg
happiness,all_test\happiness\train_train_02533_aligned.jpg
happiness,all_test\happiness\train_train_02534_aligned.jpg
happiness,all_test\happiness\train_train_02535_aligned.jpg
happiness,all_test\happiness\train_train_02536_aligned.jpg
happiness,all_test\happiness\train_train_02537_aligned.jpg
happiness,all_test\happiness\train_train_02538_aligned.jpg
happiness,all_test\happiness\train_train_02539_aligned.jpg
happiness,all_test\happiness\train_train_02541_aligned.jpg
happiness,all_test\happiness\train_train_02542_aligned.jpg
happiness,all_test\happiness\train_train_02544_aligned.jpg
happiness,all_test\happiness\train_train_02545_aligned.jpg
happiness,all_test\happiness\train_train_02546_aligned.jpg
happiness,all_test\happiness\train_train_02547_aligned.jpg
happiness,all_test\happiness\train_train_02548_aligned.jpg
happiness,all_test\happiness\train_train_02549_aligned.jpg
happiness,all_test\happiness\train_train_02550_aligned.jpg
happiness,all_test\happiness\train_train_02553_aligned.jpg
happiness,all_test\happiness\train_train_02554_aligned.jpg
happiness,all_test\happiness\train_train_02555_aligned.jpg
happiness,all_test\happiness\train_train_02556_aligned.jpg
happiness,all_test\happiness\train_train_02557_aligned.jpg
happiness,all_test\happiness\train_train_02559_aligned.jpg
happiness,all_test\happiness\train_train_02561_aligned.jpg
happiness,all_test\happiness\train_train_02562_aligned.jpg
happiness,all_test\happiness\train_train_02563_aligned.jpg
happiness,all_test\happiness\train_train_02564_aligned.jpg
happiness,all_test\happiness\train_train_02565_aligned.jpg
happiness,all_test\happiness\train_train_02566_aligned.jpg
happiness,all_test\happiness\train_train_02567_aligned.jpg
happiness,all_test\happiness\train_train_02568_aligned.jpg
happiness,all_test\happiness\train_train_02569_aligned.jpg
happiness,all_test\happiness\train_train_02570_aligned.jpg
happiness,all_test\happiness\train_train_02571_aligned.jpg
happiness,all_test\happiness\train_train_02573_aligned.jpg
happiness,all_test\happiness\train_train_02574_aligned.jpg
happiness,all_test\happiness\train_train_02577_aligned.jpg
happiness,all_test\happiness\train_train_02579_aligned.jpg
happiness,all_test\happiness\train_train_02581_aligned.jpg
happiness,all_test\happiness\train_train_02582_aligned.jpg
happiness,all_test\happiness\train_train_02583_aligned.jpg
happiness,all_test\happiness\train_train_02584_aligned.jpg
happiness,all_test\happiness\train_train_02585_aligned.jpg
happiness,all_test\happiness\train_train_02586_aligned.jpg
happiness,all_test\happiness\train_train_02587_aligned.jpg
happiness,all_test\happiness\train_train_02588_aligned.jpg
happiness,all_test\happiness\train_train_02589_aligned.jpg
happiness,all_test\happiness\train_train_02591_aligned.jpg
happiness,all_test\happiness\train_train_02593_aligned.jpg
happiness,all_test\happiness\train_train_02594_aligned.jpg
happiness,all_test\happiness\train_train_02595_aligned.jpg
happiness,all_test\happiness\train_train_02596_aligned.jpg
happiness,all_test\happiness\train_train_02598_aligned.jpg
happiness,all_test\happiness\train_train_02599_aligned.jpg
happiness,all_test\happiness\train_train_02600_aligned.jpg
happiness,all_test\happiness\train_train_02601_aligned.jpg
happiness,all_test\happiness\train_train_02602_aligned.jpg
happiness,all_test\happiness\train_train_02603_aligned.jpg
happiness,all_test\happiness\train_train_02607_aligned.jpg
happiness,all_test\happiness\train_train_02610_aligned.jpg
happiness,all_test\happiness\train_train_02611_aligned.jpg
happiness,all_test\happiness\train_train_02612_aligned.jpg
happiness,all_test\happiness\train_train_02613_aligned.jpg
happiness,all_test\happiness\train_train_02614_aligned.jpg
happiness,all_test\happiness\train_train_02616_aligned.jpg
happiness,all_test\happiness\train_train_02617_aligned.jpg
happiness,all_test\happiness\train_train_02618_aligned.jpg
happiness,all_test\happiness\train_train_02619_aligned.jpg
happiness,all_test\happiness\train_train_02624_aligned.jpg
happiness,all_test\happiness\train_train_02627_aligned.jpg
happiness,all_test\happiness\train_train_02630_aligned.jpg
happiness,all_test\happiness\train_train_02632_aligned.jpg
happiness,all_test\happiness\train_train_02633_aligned.jpg
happiness,all_test\happiness\train_train_02634_aligned.jpg
happiness,all_test\happiness\train_train_02635_aligned.jpg
happiness,all_test\happiness\train_train_02637_aligned.jpg
happiness,all_test\happiness\train_train_02638_aligned.jpg
happiness,all_test\happiness\train_train_02639_aligned.jpg
happiness,all_test\happiness\train_train_02640_aligned.jpg
happiness,all_test\happiness\train_train_02641_aligned.jpg
happiness,all_test\happiness\train_train_02642_aligned.jpg
happiness,all_test\happiness\train_train_02644_aligned.jpg
happiness,all_test\happiness\train_train_02645_aligned.jpg
happiness,all_test\happiness\train_train_02646_aligned.jpg
happiness,all_test\happiness\train_train_02648_aligned.jpg
happiness,all_test\happiness\train_train_02649_aligned.jpg
happiness,all_test\happiness\train_train_02650_aligned.jpg
happiness,all_test\happiness\train_train_02651_aligned.jpg
happiness,all_test\happiness\train_train_02652_aligned.jpg
happiness,all_test\happiness\train_train_02653_aligned.jpg
happiness,all_test\happiness\train_train_02655_aligned.jpg
happiness,all_test\happiness\train_train_02656_aligned.jpg
happiness,all_test\happiness\train_train_02659_aligned.jpg
happiness,all_test\happiness\train_train_02660_aligned.jpg
happiness,all_test\happiness\train_train_02661_aligned.jpg
happiness,all_test\happiness\train_train_02662_aligned.jpg
happiness,all_test\happiness\train_train_02663_aligned.jpg
happiness,all_test\happiness\train_train_02664_aligned.jpg
happiness,all_test\happiness\train_train_02665_aligned.jpg
happiness,all_test\happiness\train_train_02666_aligned.jpg
happiness,all_test\happiness\train_train_02667_aligned.jpg
happiness,all_test\happiness\train_train_02668_aligned.jpg
happiness,all_test\happiness\train_train_02669_aligned.jpg
happiness,all_test\happiness\train_train_02670_aligned.jpg
happiness,all_test\happiness\train_train_02671_aligned.jpg
happiness,all_test\happiness\train_train_02672_aligned.jpg
happiness,all_test\happiness\train_train_02673_aligned.jpg
happiness,all_test\happiness\train_train_02674_aligned.jpg
happiness,all_test\happiness\train_train_02675_aligned.jpg
happiness,all_test\happiness\train_train_02676_aligned.jpg
happiness,all_test\happiness\train_train_02677_aligned.jpg
happiness,all_test\happiness\train_train_02679_aligned.jpg
happiness,all_test\happiness\train_train_02680_aligned.jpg
happiness,all_test\happiness\train_train_02684_aligned.jpg
happiness,all_test\happiness\train_train_02685_aligned.jpg
happiness,all_test\happiness\train_train_02686_aligned.jpg
happiness,all_test\happiness\train_train_02688_aligned.jpg
happiness,all_test\happiness\train_train_02689_aligned.jpg
happiness,all_test\happiness\train_train_02690_aligned.jpg
happiness,all_test\happiness\train_train_02691_aligned.jpg
happiness,all_test\happiness\train_train_02692_aligned.jpg
happiness,all_test\happiness\train_train_02696_aligned.jpg
happiness,all_test\happiness\train_train_02697_aligned.jpg
happiness,all_test\happiness\train_train_02698_aligned.jpg
happiness,all_test\happiness\train_train_02699_aligned.jpg
happiness,all_test\happiness\train_train_02700_aligned.jpg
happiness,all_test\happiness\train_train_02701_aligned.jpg
happiness,all_test\happiness\train_train_02702_aligned.jpg
happiness,all_test\happiness\train_train_02703_aligned.jpg
happiness,all_test\happiness\train_train_02704_aligned.jpg
happiness,all_test\happiness\train_train_02705_aligned.jpg
happiness,all_test\happiness\train_train_02706_aligned.jpg
happiness,all_test\happiness\train_train_02707_aligned.jpg
happiness,all_test\happiness\train_train_02708_aligned.jpg
happiness,all_test\happiness\train_train_02709_aligned.jpg
happiness,all_test\happiness\train_train_02710_aligned.jpg
happiness,all_test\happiness\train_train_02711_aligned.jpg
happiness,all_test\happiness\train_train_02712_aligned.jpg
happiness,all_test\happiness\train_train_02713_aligned.jpg
happiness,all_test\happiness\train_train_02714_aligned.jpg
happiness,all_test\happiness\train_train_02715_aligned.jpg
happiness,all_test\happiness\train_train_02716_aligned.jpg
happiness,all_test\happiness\train_train_02717_aligned.jpg
happiness,all_test\happiness\train_train_02718_aligned.jpg
happiness,all_test\happiness\train_train_02719_aligned.jpg
happiness,all_test\happiness\train_train_02721_aligned.jpg
happiness,all_test\happiness\train_train_02722_aligned.jpg
happiness,all_test\happiness\train_train_02723_aligned.jpg
happiness,all_test\happiness\train_train_02725_aligned.jpg
happiness,all_test\happiness\train_train_02726_aligned.jpg
happiness,all_test\happiness\train_train_02727_aligned.jpg
happiness,all_test\happiness\train_train_02729_aligned.jpg
happiness,all_test\happiness\train_train_02730_aligned.jpg
happiness,all_test\happiness\train_train_02731_aligned.jpg
happiness,all_test\happiness\train_train_02732_aligned.jpg
happiness,all_test\happiness\train_train_02734_aligned.jpg
happiness,all_test\happiness\train_train_02735_aligned.jpg
happiness,all_test\happiness\train_train_02736_aligned.jpg
happiness,all_test\happiness\train_train_02737_aligned.jpg
happiness,all_test\happiness\train_train_02738_aligned.jpg
happiness,all_test\happiness\train_train_02740_aligned.jpg
happiness,all_test\happiness\train_train_02741_aligned.jpg
happiness,all_test\happiness\train_train_02742_aligned.jpg
happiness,all_test\happiness\train_train_02744_aligned.jpg
happiness,all_test\happiness\train_train_02745_aligned.jpg
happiness,all_test\happiness\train_train_02746_aligned.jpg
happiness,all_test\happiness\train_train_02747_aligned.jpg
happiness,all_test\happiness\train_train_02748_aligned.jpg
happiness,all_test\happiness\train_train_02749_aligned.jpg
happiness,all_test\happiness\train_train_02750_aligned.jpg
happiness,all_test\happiness\train_train_02751_aligned.jpg
happiness,all_test\happiness\train_train_02752_aligned.jpg
happiness,all_test\happiness\train_train_02753_aligned.jpg
happiness,all_test\happiness\train_train_02754_aligned.jpg
happiness,all_test\happiness\train_train_02756_aligned.jpg
happiness,all_test\happiness\train_train_02757_aligned.jpg
happiness,all_test\happiness\train_train_02759_aligned.jpg
happiness,all_test\happiness\train_train_02761_aligned.jpg
happiness,all_test\happiness\train_train_02763_aligned.jpg
happiness,all_test\happiness\train_train_02765_aligned.jpg
happiness,all_test\happiness\train_train_02766_aligned.jpg
happiness,all_test\happiness\train_train_02767_aligned.jpg
happiness,all_test\happiness\train_train_02768_aligned.jpg
happiness,all_test\happiness\train_train_02769_aligned.jpg
happiness,all_test\happiness\train_train_02770_aligned.jpg
happiness,all_test\happiness\train_train_02771_aligned.jpg
happiness,all_test\happiness\train_train_02772_aligned.jpg
happiness,all_test\happiness\train_train_02773_aligned.jpg
happiness,all_test\happiness\train_train_02774_aligned.jpg
happiness,all_test\happiness\train_train_02779_aligned.jpg
happiness,all_test\happiness\train_train_02780_aligned.jpg
happiness,all_test\happiness\train_train_02784_aligned.jpg
happiness,all_test\happiness\train_train_02785_aligned.jpg
happiness,all_test\happiness\train_train_02786_aligned.jpg
happiness,all_test\happiness\train_train_02787_aligned.jpg
happiness,all_test\happiness\train_train_02788_aligned.jpg
happiness,all_test\happiness\train_train_02789_aligned.jpg
happiness,all_test\happiness\train_train_02790_aligned.jpg
happiness,all_test\happiness\train_train_02791_aligned.jpg
happiness,all_test\happiness\train_train_02792_aligned.jpg
happiness,all_test\happiness\train_train_02794_aligned.jpg
happiness,all_test\happiness\train_train_02795_aligned.jpg
happiness,all_test\happiness\train_train_02796_aligned.jpg
happiness,all_test\happiness\train_train_02797_aligned.jpg
happiness,all_test\happiness\train_train_02798_aligned.jpg
happiness,all_test\happiness\train_train_02799_aligned.jpg
happiness,all_test\happiness\train_train_02800_aligned.jpg
happiness,all_test\happiness\train_train_02801_aligned.jpg
happiness,all_test\happiness\train_train_02802_aligned.jpg
happiness,all_test\happiness\train_train_02805_aligned.jpg
happiness,all_test\happiness\train_train_02807_aligned.jpg
happiness,all_test\happiness\train_train_02808_aligned.jpg
happiness,all_test\happiness\train_train_02809_aligned.jpg
happiness,all_test\happiness\train_train_02810_aligned.jpg
happiness,all_test\happiness\train_train_02811_aligned.jpg
happiness,all_test\happiness\train_train_02812_aligned.jpg
happiness,all_test\happiness\train_train_02814_aligned.jpg
happiness,all_test\happiness\train_train_02815_aligned.jpg
happiness,all_test\happiness\train_train_02817_aligned.jpg
happiness,all_test\happiness\train_train_02818_aligned.jpg
happiness,all_test\happiness\train_train_02820_aligned.jpg
happiness,all_test\happiness\train_train_02822_aligned.jpg
happiness,all_test\happiness\train_train_02823_aligned.jpg
happiness,all_test\happiness\train_train_02824_aligned.jpg
happiness,all_test\happiness\train_train_02825_aligned.jpg
happiness,all_test\happiness\train_train_02826_aligned.jpg
happiness,all_test\happiness\train_train_02827_aligned.jpg
happiness,all_test\happiness\train_train_02829_aligned.jpg
happiness,all_test\happiness\train_train_02830_aligned.jpg
happiness,all_test\happiness\train_train_02831_aligned.jpg
happiness,all_test\happiness\train_train_02832_aligned.jpg
happiness,all_test\happiness\train_train_02833_aligned.jpg
happiness,all_test\happiness\train_train_02834_aligned.jpg
happiness,all_test\happiness\train_train_02835_aligned.jpg
happiness,all_test\happiness\train_train_02836_aligned.jpg
happiness,all_test\happiness\train_train_02838_aligned.jpg
happiness,all_test\happiness\train_train_02840_aligned.jpg
happiness,all_test\happiness\train_train_02842_aligned.jpg
happiness,all_test\happiness\train_train_02843_aligned.jpg
happiness,all_test\happiness\train_train_02845_aligned.jpg
happiness,all_test\happiness\train_train_02846_aligned.jpg
happiness,all_test\happiness\train_train_02847_aligned.jpg
happiness,all_test\happiness\train_train_02848_aligned.jpg
happiness,all_test\happiness\train_train_02850_aligned.jpg
happiness,all_test\happiness\train_train_02851_aligned.jpg
happiness,all_test\happiness\train_train_02853_aligned.jpg
happiness,all_test\happiness\train_train_02855_aligned.jpg
happiness,all_test\happiness\train_train_02856_aligned.jpg
happiness,all_test\happiness\train_train_02857_aligned.jpg
happiness,all_test\happiness\train_train_02858_aligned.jpg
happiness,all_test\happiness\train_train_02860_aligned.jpg
happiness,all_test\happiness\train_train_02862_aligned.jpg
happiness,all_test\happiness\train_train_02869_aligned.jpg
happiness,all_test\happiness\train_train_02870_aligned.jpg
happiness,all_test\happiness\train_train_02871_aligned.jpg
happiness,all_test\happiness\train_train_02873_aligned.jpg
happiness,all_test\happiness\train_train_02874_aligned.jpg
happiness,all_test\happiness\train_train_02875_aligned.jpg
happiness,all_test\happiness\train_train_02876_aligned.jpg
happiness,all_test\happiness\train_train_02877_aligned.jpg
happiness,all_test\happiness\train_train_02878_aligned.jpg
happiness,all_test\happiness\train_train_02879_aligned.jpg
happiness,all_test\happiness\train_train_02880_aligned.jpg
happiness,all_test\happiness\train_train_02882_aligned.jpg
happiness,all_test\happiness\train_train_02883_aligned.jpg
happiness,all_test\happiness\train_train_02886_aligned.jpg
happiness,all_test\happiness\train_train_02887_aligned.jpg
happiness,all_test\happiness\train_train_02888_aligned.jpg
happiness,all_test\happiness\train_train_02889_aligned.jpg
happiness,all_test\happiness\train_train_02890_aligned.jpg
happiness,all_test\happiness\train_train_02891_aligned.jpg
happiness,all_test\happiness\train_train_02892_aligned.jpg
happiness,all_test\happiness\train_train_02893_aligned.jpg
happiness,all_test\happiness\train_train_02894_aligned.jpg
happiness,all_test\happiness\train_train_02896_aligned.jpg
happiness,all_test\happiness\train_train_02897_aligned.jpg
happiness,all_test\happiness\train_train_02898_aligned.jpg
happiness,all_test\happiness\train_train_02899_aligned.jpg
happiness,all_test\happiness\train_train_02900_aligned.jpg
happiness,all_test\happiness\train_train_02902_aligned.jpg
happiness,all_test\happiness\train_train_02903_aligned.jpg
happiness,all_test\happiness\train_train_02904_aligned.jpg
happiness,all_test\happiness\train_train_02905_aligned.jpg
happiness,all_test\happiness\train_train_02906_aligned.jpg
happiness,all_test\happiness\train_train_02908_aligned.jpg
happiness,all_test\happiness\train_train_02909_aligned.jpg
happiness,all_test\happiness\train_train_02910_aligned.jpg
happiness,all_test\happiness\train_train_02912_aligned.jpg
happiness,all_test\happiness\train_train_02913_aligned.jpg
happiness,all_test\happiness\train_train_02915_aligned.jpg
happiness,all_test\happiness\train_train_02916_aligned.jpg
happiness,all_test\happiness\train_train_02917_aligned.jpg
happiness,all_test\happiness\train_train_02918_aligned.jpg
happiness,all_test\happiness\train_train_02919_aligned.jpg
happiness,all_test\happiness\train_train_02920_aligned.jpg
happiness,all_test\happiness\train_train_02921_aligned.jpg
happiness,all_test\happiness\train_train_02922_aligned.jpg
happiness,all_test\happiness\train_train_02923_aligned.jpg
happiness,all_test\happiness\train_train_02924_aligned.jpg
happiness,all_test\happiness\train_train_02925_aligned.jpg
happiness,all_test\happiness\train_train_02927_aligned.jpg
happiness,all_test\happiness\train_train_02928_aligned.jpg
happiness,all_test\happiness\train_train_02929_aligned.jpg
happiness,all_test\happiness\train_train_02930_aligned.jpg
happiness,all_test\happiness\train_train_02931_aligned.jpg
happiness,all_test\happiness\train_train_02932_aligned.jpg
happiness,all_test\happiness\train_train_02935_aligned.jpg
happiness,all_test\happiness\train_train_02936_aligned.jpg
happiness,all_test\happiness\train_train_02937_aligned.jpg
happiness,all_test\happiness\train_train_02939_aligned.jpg
happiness,all_test\happiness\train_train_02940_aligned.jpg
happiness,all_test\happiness\train_train_02941_aligned.jpg
happiness,all_test\happiness\train_train_02942_aligned.jpg
happiness,all_test\happiness\train_train_02943_aligned.jpg
happiness,all_test\happiness\train_train_02944_aligned.jpg
happiness,all_test\happiness\train_train_02946_aligned.jpg
happiness,all_test\happiness\train_train_02947_aligned.jpg
happiness,all_test\happiness\train_train_02948_aligned.jpg
happiness,all_test\happiness\train_train_02949_aligned.jpg
happiness,all_test\happiness\train_train_02950_aligned.jpg
happiness,all_test\happiness\train_train_02953_aligned.jpg
happiness,all_test\happiness\train_train_02954_aligned.jpg
happiness,all_test\happiness\train_train_02955_aligned.jpg
happiness,all_test\happiness\train_train_02956_aligned.jpg
happiness,all_test\happiness\train_train_02957_aligned.jpg
happiness,all_test\happiness\train_train_02960_aligned.jpg
happiness,all_test\happiness\train_train_02961_aligned.jpg
happiness,all_test\happiness\train_train_02963_aligned.jpg
happiness,all_test\happiness\train_train_02965_aligned.jpg
happiness,all_test\happiness\train_train_02966_aligned.jpg
happiness,all_test\happiness\train_train_02967_aligned.jpg
happiness,all_test\happiness\train_train_02968_aligned.jpg
happiness,all_test\happiness\train_train_02969_aligned.jpg
happiness,all_test\happiness\train_train_02971_aligned.jpg
happiness,all_test\happiness\train_train_02974_aligned.jpg
happiness,all_test\happiness\train_train_02975_aligned.jpg
happiness,all_test\happiness\train_train_02976_aligned.jpg
happiness,all_test\happiness\train_train_02977_aligned.jpg
happiness,all_test\happiness\train_train_02978_aligned.jpg
happiness,all_test\happiness\train_train_02979_aligned.jpg
happiness,all_test\happiness\train_train_02981_aligned.jpg
happiness,all_test\happiness\train_train_02982_aligned.jpg
happiness,all_test\happiness\train_train_02984_aligned.jpg
happiness,all_test\happiness\train_train_02985_aligned.jpg
happiness,all_test\happiness\train_train_02986_aligned.jpg
happiness,all_test\happiness\train_train_02987_aligned.jpg
happiness,all_test\happiness\train_train_02988_aligned.jpg
happiness,all_test\happiness\train_train_02989_aligned.jpg
happiness,all_test\happiness\train_train_02990_aligned.jpg
happiness,all_test\happiness\train_train_02992_aligned.jpg
happiness,all_test\happiness\train_train_02994_aligned.jpg
happiness,all_test\happiness\train_train_02995_aligned.jpg
happiness,all_test\happiness\train_train_02996_aligned.jpg
happiness,all_test\happiness\train_train_02997_aligned.jpg
happiness,all_test\happiness\train_train_02998_aligned.jpg
happiness,all_test\happiness\train_train_02999_aligned.jpg
happiness,all_test\happiness\train_train_03001_aligned.jpg
happiness,all_test\happiness\train_train_03002_aligned.jpg
happiness,all_test\happiness\train_train_03003_aligned.jpg
happiness,all_test\happiness\train_train_03006_aligned.jpg
happiness,all_test\happiness\train_train_03007_aligned.jpg
happiness,all_test\happiness\train_train_03008_aligned.jpg
happiness,all_test\happiness\train_train_03009_aligned.jpg
happiness,all_test\happiness\train_train_03010_aligned.jpg
happiness,all_test\happiness\train_train_03011_aligned.jpg
happiness,all_test\happiness\train_train_03012_aligned.jpg
happiness,all_test\happiness\train_train_03013_aligned.jpg
happiness,all_test\happiness\train_train_03014_aligned.jpg
happiness,all_test\happiness\train_train_03015_aligned.jpg
happiness,all_test\happiness\train_train_03018_aligned.jpg
happiness,all_test\happiness\train_train_03019_aligned.jpg
happiness,all_test\happiness\train_train_03020_aligned.jpg
happiness,all_test\happiness\train_train_03022_aligned.jpg
happiness,all_test\happiness\train_train_03023_aligned.jpg
happiness,all_test\happiness\train_train_03024_aligned.jpg
happiness,all_test\happiness\train_train_03026_aligned.jpg
happiness,all_test\happiness\train_train_03027_aligned.jpg
happiness,all_test\happiness\train_train_03028_aligned.jpg
happiness,all_test\happiness\train_train_03029_aligned.jpg
happiness,all_test\happiness\train_train_03031_aligned.jpg
happiness,all_test\happiness\train_train_03032_aligned.jpg
happiness,all_test\happiness\train_train_03033_aligned.jpg
happiness,all_test\happiness\train_train_03034_aligned.jpg
happiness,all_test\happiness\train_train_03035_aligned.jpg
happiness,all_test\happiness\train_train_03036_aligned.jpg
happiness,all_test\happiness\train_train_03037_aligned.jpg
happiness,all_test\happiness\train_train_03039_aligned.jpg
happiness,all_test\happiness\train_train_03040_aligned.jpg
happiness,all_test\happiness\train_train_03041_aligned.jpg
happiness,all_test\happiness\train_train_03042_aligned.jpg
happiness,all_test\happiness\train_train_03043_aligned.jpg
happiness,all_test\happiness\train_train_03044_aligned.jpg
happiness,all_test\happiness\train_train_03046_aligned.jpg
happiness,all_test\happiness\train_train_03049_aligned.jpg
happiness,all_test\happiness\train_train_03052_aligned.jpg
happiness,all_test\happiness\train_train_03053_aligned.jpg
happiness,all_test\happiness\train_train_03054_aligned.jpg
happiness,all_test\happiness\train_train_03055_aligned.jpg
happiness,all_test\happiness\train_train_03056_aligned.jpg
happiness,all_test\happiness\train_train_03057_aligned.jpg
happiness,all_test\happiness\train_train_03058_aligned.jpg
happiness,all_test\happiness\train_train_03059_aligned.jpg
happiness,all_test\happiness\train_train_03060_aligned.jpg
happiness,all_test\happiness\train_train_03061_aligned.jpg
happiness,all_test\happiness\train_train_03062_aligned.jpg
happiness,all_test\happiness\train_train_03063_aligned.jpg
happiness,all_test\happiness\train_train_03064_aligned.jpg
happiness,all_test\happiness\train_train_03065_aligned.jpg
happiness,all_test\happiness\train_train_03066_aligned.jpg
happiness,all_test\happiness\train_train_03067_aligned.jpg
happiness,all_test\happiness\train_train_03068_aligned.jpg
happiness,all_test\happiness\train_train_03073_aligned.jpg
happiness,all_test\happiness\train_train_03074_aligned.jpg
happiness,all_test\happiness\train_train_03077_aligned.jpg
happiness,all_test\happiness\train_train_03078_aligned.jpg
happiness,all_test\happiness\train_train_03079_aligned.jpg
happiness,all_test\happiness\train_train_03080_aligned.jpg
happiness,all_test\happiness\train_train_03081_aligned.jpg
happiness,all_test\happiness\train_train_03082_aligned.jpg
happiness,all_test\happiness\train_train_03083_aligned.jpg
happiness,all_test\happiness\train_train_03084_aligned.jpg
happiness,all_test\happiness\train_train_03085_aligned.jpg
happiness,all_test\happiness\train_train_03088_aligned.jpg
happiness,all_test\happiness\train_train_03089_aligned.jpg
happiness,all_test\happiness\train_train_03090_aligned.jpg
happiness,all_test\happiness\train_train_03091_aligned.jpg
happiness,all_test\happiness\train_train_03092_aligned.jpg
happiness,all_test\happiness\train_train_03093_aligned.jpg
happiness,all_test\happiness\train_train_03094_aligned.jpg
happiness,all_test\happiness\train_train_03095_aligned.jpg
happiness,all_test\happiness\train_train_03096_aligned.jpg
happiness,all_test\happiness\train_train_03097_aligned.jpg
happiness,all_test\happiness\train_train_03098_aligned.jpg
happiness,all_test\happiness\train_train_03099_aligned.jpg
happiness,all_test\happiness\train_train_03100_aligned.jpg
happiness,all_test\happiness\train_train_03101_aligned.jpg
happiness,all_test\happiness\train_train_03102_aligned.jpg
happiness,all_test\happiness\train_train_03103_aligned.jpg
happiness,all_test\happiness\train_train_03104_aligned.jpg
happiness,all_test\happiness\train_train_03105_aligned.jpg
happiness,all_test\happiness\train_train_03106_aligned.jpg
happiness,all_test\happiness\train_train_03108_aligned.jpg
happiness,all_test\happiness\train_train_03109_aligned.jpg
happiness,all_test\happiness\train_train_03111_aligned.jpg
happiness,all_test\happiness\train_train_03114_aligned.jpg
happiness,all_test\happiness\train_train_03115_aligned.jpg
happiness,all_test\happiness\train_train_03117_aligned.jpg
happiness,all_test\happiness\train_train_03118_aligned.jpg
happiness,all_test\happiness\train_train_03119_aligned.jpg
happiness,all_test\happiness\train_train_03121_aligned.jpg
happiness,all_test\happiness\train_train_03122_aligned.jpg
happiness,all_test\happiness\train_train_03123_aligned.jpg
happiness,all_test\happiness\train_train_03124_aligned.jpg
happiness,all_test\happiness\train_train_03125_aligned.jpg
happiness,all_test\happiness\train_train_03126_aligned.jpg
happiness,all_test\happiness\train_train_03127_aligned.jpg
happiness,all_test\happiness\train_train_03128_aligned.jpg
happiness,all_test\happiness\train_train_03129_aligned.jpg
happiness,all_test\happiness\train_train_03130_aligned.jpg
happiness,all_test\happiness\train_train_03131_aligned.jpg
happiness,all_test\happiness\train_train_03132_aligned.jpg
happiness,all_test\happiness\train_train_03133_aligned.jpg
happiness,all_test\happiness\train_train_03134_aligned.jpg
happiness,all_test\happiness\train_train_03135_aligned.jpg
happiness,all_test\happiness\train_train_03136_aligned.jpg
happiness,all_test\happiness\train_train_03137_aligned.jpg
happiness,all_test\happiness\train_train_03138_aligned.jpg
happiness,all_test\happiness\train_train_03139_aligned.jpg
happiness,all_test\happiness\train_train_03140_aligned.jpg
happiness,all_test\happiness\train_train_03141_aligned.jpg
happiness,all_test\happiness\train_train_03143_aligned.jpg
happiness,all_test\happiness\train_train_03144_aligned.jpg
happiness,all_test\happiness\train_train_03145_aligned.jpg
happiness,all_test\happiness\train_train_03146_aligned.jpg
happiness,all_test\happiness\train_train_03147_aligned.jpg
happiness,all_test\happiness\train_train_03148_aligned.jpg
happiness,all_test\happiness\train_train_03149_aligned.jpg
happiness,all_test\happiness\train_train_03150_aligned.jpg
happiness,all_test\happiness\train_train_03154_aligned.jpg
happiness,all_test\happiness\train_train_03155_aligned.jpg
happiness,all_test\happiness\train_train_03156_aligned.jpg
happiness,all_test\happiness\train_train_03157_aligned.jpg
happiness,all_test\happiness\train_train_03158_aligned.jpg
happiness,all_test\happiness\train_train_03159_aligned.jpg
happiness,all_test\happiness\train_train_03160_aligned.jpg
happiness,all_test\happiness\train_train_03161_aligned.jpg
happiness,all_test\happiness\train_train_03162_aligned.jpg
happiness,all_test\happiness\train_train_03164_aligned.jpg
happiness,all_test\happiness\train_train_03165_aligned.jpg
happiness,all_test\happiness\train_train_03166_aligned.jpg
happiness,all_test\happiness\train_train_03167_aligned.jpg
happiness,all_test\happiness\train_train_03169_aligned.jpg
happiness,all_test\happiness\train_train_03170_aligned.jpg
happiness,all_test\happiness\train_train_03171_aligned.jpg
happiness,all_test\happiness\train_train_03172_aligned.jpg
happiness,all_test\happiness\train_train_03174_aligned.jpg
happiness,all_test\happiness\train_train_03175_aligned.jpg
happiness,all_test\happiness\train_train_03176_aligned.jpg
happiness,all_test\happiness\train_train_03177_aligned.jpg
happiness,all_test\happiness\train_train_03179_aligned.jpg
happiness,all_test\happiness\train_train_03180_aligned.jpg
happiness,all_test\happiness\train_train_03181_aligned.jpg
happiness,all_test\happiness\train_train_03182_aligned.jpg
happiness,all_test\happiness\train_train_03183_aligned.jpg
happiness,all_test\happiness\train_train_03184_aligned.jpg
happiness,all_test\happiness\train_train_03186_aligned.jpg
happiness,all_test\happiness\train_train_03188_aligned.jpg
happiness,all_test\happiness\train_train_03189_aligned.jpg
happiness,all_test\happiness\train_train_03190_aligned.jpg
happiness,all_test\happiness\train_train_03191_aligned.jpg
happiness,all_test\happiness\train_train_03192_aligned.jpg
happiness,all_test\happiness\train_train_03193_aligned.jpg
happiness,all_test\happiness\train_train_03194_aligned.jpg
happiness,all_test\happiness\train_train_03195_aligned.jpg
happiness,all_test\happiness\train_train_03196_aligned.jpg
happiness,all_test\happiness\train_train_03197_aligned.jpg
happiness,all_test\happiness\train_train_03199_aligned.jpg
happiness,all_test\happiness\train_train_03200_aligned.jpg
happiness,all_test\happiness\train_train_03201_aligned.jpg
happiness,all_test\happiness\train_train_03202_aligned.jpg
happiness,all_test\happiness\train_train_03203_aligned.jpg
happiness,all_test\happiness\train_train_03204_aligned.jpg
happiness,all_test\happiness\train_train_03205_aligned.jpg
happiness,all_test\happiness\train_train_03206_aligned.jpg
happiness,all_test\happiness\train_train_03207_aligned.jpg
happiness,all_test\happiness\train_train_03208_aligned.jpg
happiness,all_test\happiness\train_train_03209_aligned.jpg
happiness,all_test\happiness\train_train_03214_aligned.jpg
happiness,all_test\happiness\train_train_03217_aligned.jpg
happiness,all_test\happiness\train_train_03218_aligned.jpg
happiness,all_test\happiness\train_train_03219_aligned.jpg
happiness,all_test\happiness\train_train_03220_aligned.jpg
happiness,all_test\happiness\train_train_03221_aligned.jpg
happiness,all_test\happiness\train_train_03222_aligned.jpg
happiness,all_test\happiness\train_train_03223_aligned.jpg
happiness,all_test\happiness\train_train_03224_aligned.jpg
happiness,all_test\happiness\train_train_03228_aligned.jpg
happiness,all_test\happiness\train_train_03229_aligned.jpg
happiness,all_test\happiness\train_train_03230_aligned.jpg
happiness,all_test\happiness\train_train_03231_aligned.jpg
happiness,all_test\happiness\train_train_03232_aligned.jpg
happiness,all_test\happiness\train_train_03233_aligned.jpg
happiness,all_test\happiness\train_train_03235_aligned.jpg
happiness,all_test\happiness\train_train_03236_aligned.jpg
happiness,all_test\happiness\train_train_03238_aligned.jpg
happiness,all_test\happiness\train_train_03240_aligned.jpg
happiness,all_test\happiness\train_train_03241_aligned.jpg
happiness,all_test\happiness\train_train_03242_aligned.jpg
happiness,all_test\happiness\train_train_03243_aligned.jpg
happiness,all_test\happiness\train_train_03244_aligned.jpg
happiness,all_test\happiness\train_train_03245_aligned.jpg
happiness,all_test\happiness\train_train_03247_aligned.jpg
happiness,all_test\happiness\train_train_03250_aligned.jpg
happiness,all_test\happiness\train_train_03251_aligned.jpg
happiness,all_test\happiness\train_train_03252_aligned.jpg
happiness,all_test\happiness\train_train_03253_aligned.jpg
happiness,all_test\happiness\train_train_03254_aligned.jpg
happiness,all_test\happiness\train_train_03255_aligned.jpg
happiness,all_test\happiness\train_train_03256_aligned.jpg
happiness,all_test\happiness\train_train_03257_aligned.jpg
happiness,all_test\happiness\train_train_03259_aligned.jpg
happiness,all_test\happiness\train_train_03260_aligned.jpg
happiness,all_test\happiness\train_train_03261_aligned.jpg
happiness,all_test\happiness\train_train_03263_aligned.jpg
happiness,all_test\happiness\train_train_03264_aligned.jpg
happiness,all_test\happiness\train_train_03265_aligned.jpg
happiness,all_test\happiness\train_train_03266_aligned.jpg
happiness,all_test\happiness\train_train_03267_aligned.jpg
happiness,all_test\happiness\train_train_03268_aligned.jpg
happiness,all_test\happiness\train_train_03269_aligned.jpg
happiness,all_test\happiness\train_train_03270_aligned.jpg
happiness,all_test\happiness\train_train_03271_aligned.jpg
happiness,all_test\happiness\train_train_03272_aligned.jpg
happiness,all_test\happiness\train_train_03273_aligned.jpg
happiness,all_test\happiness\train_train_03274_aligned.jpg
happiness,all_test\happiness\train_train_03275_aligned.jpg
happiness,all_test\happiness\train_train_03276_aligned.jpg
happiness,all_test\happiness\train_train_03277_aligned.jpg
happiness,all_test\happiness\train_train_03278_aligned.jpg
happiness,all_test\happiness\train_train_03281_aligned.jpg
happiness,all_test\happiness\train_train_03282_aligned.jpg
happiness,all_test\happiness\train_train_03283_aligned.jpg
happiness,all_test\happiness\train_train_03284_aligned.jpg
happiness,all_test\happiness\train_train_03285_aligned.jpg
happiness,all_test\happiness\train_train_03287_aligned.jpg
happiness,all_test\happiness\train_train_03288_aligned.jpg
happiness,all_test\happiness\train_train_03290_aligned.jpg
happiness,all_test\happiness\train_train_03291_aligned.jpg
happiness,all_test\happiness\train_train_03292_aligned.jpg
happiness,all_test\happiness\train_train_03293_aligned.jpg
happiness,all_test\happiness\train_train_03294_aligned.jpg
happiness,all_test\happiness\train_train_03295_aligned.jpg
happiness,all_test\happiness\train_train_03296_aligned.jpg
happiness,all_test\happiness\train_train_03297_aligned.jpg
happiness,all_test\happiness\train_train_03299_aligned.jpg
happiness,all_test\happiness\train_train_03300_aligned.jpg
happiness,all_test\happiness\train_train_03303_aligned.jpg
happiness,all_test\happiness\train_train_03304_aligned.jpg
happiness,all_test\happiness\train_train_03306_aligned.jpg
happiness,all_test\happiness\train_train_03307_aligned.jpg
happiness,all_test\happiness\train_train_03309_aligned.jpg
happiness,all_test\happiness\train_train_03310_aligned.jpg
happiness,all_test\happiness\train_train_03311_aligned.jpg
happiness,all_test\happiness\train_train_03312_aligned.jpg
happiness,all_test\happiness\train_train_03313_aligned.jpg
happiness,all_test\happiness\train_train_03314_aligned.jpg
happiness,all_test\happiness\train_train_03317_aligned.jpg
happiness,all_test\happiness\train_train_03318_aligned.jpg
happiness,all_test\happiness\train_train_03319_aligned.jpg
happiness,all_test\happiness\train_train_03320_aligned.jpg
happiness,all_test\happiness\train_train_03321_aligned.jpg
happiness,all_test\happiness\train_train_03322_aligned.jpg
happiness,all_test\happiness\train_train_03323_aligned.jpg
happiness,all_test\happiness\train_train_03326_aligned.jpg
happiness,all_test\happiness\train_train_03327_aligned.jpg
happiness,all_test\happiness\train_train_03329_aligned.jpg
happiness,all_test\happiness\train_train_03330_aligned.jpg
happiness,all_test\happiness\train_train_03332_aligned.jpg
happiness,all_test\happiness\train_train_03333_aligned.jpg
happiness,all_test\happiness\train_train_03334_aligned.jpg
happiness,all_test\happiness\train_train_03335_aligned.jpg
happiness,all_test\happiness\train_train_03336_aligned.jpg
happiness,all_test\happiness\train_train_03337_aligned.jpg
happiness,all_test\happiness\train_train_03338_aligned.jpg
happiness,all_test\happiness\train_train_03339_aligned.jpg
happiness,all_test\happiness\train_train_03340_aligned.jpg
happiness,all_test\happiness\train_train_03341_aligned.jpg
happiness,all_test\happiness\train_train_03342_aligned.jpg
happiness,all_test\happiness\train_train_03343_aligned.jpg
happiness,all_test\happiness\train_train_03344_aligned.jpg
happiness,all_test\happiness\train_train_03345_aligned.jpg
happiness,all_test\happiness\train_train_03346_aligned.jpg
happiness,all_test\happiness\train_train_03348_aligned.jpg
happiness,all_test\happiness\train_train_03349_aligned.jpg
happiness,all_test\happiness\train_train_03350_aligned.jpg
happiness,all_test\happiness\train_train_03351_aligned.jpg
happiness,all_test\happiness\train_train_03353_aligned.jpg
happiness,all_test\happiness\train_train_03354_aligned.jpg
happiness,all_test\happiness\train_train_03355_aligned.jpg
happiness,all_test\happiness\train_train_03356_aligned.jpg
happiness,all_test\happiness\train_train_03357_aligned.jpg
happiness,all_test\happiness\train_train_03358_aligned.jpg
happiness,all_test\happiness\train_train_03359_aligned.jpg
happiness,all_test\happiness\train_train_03361_aligned.jpg
happiness,all_test\happiness\train_train_03362_aligned.jpg
happiness,all_test\happiness\train_train_03364_aligned.jpg
happiness,all_test\happiness\train_train_03365_aligned.jpg
happiness,all_test\happiness\train_train_03367_aligned.jpg
happiness,all_test\happiness\train_train_03369_aligned.jpg
happiness,all_test\happiness\train_train_03372_aligned.jpg
happiness,all_test\happiness\train_train_03373_aligned.jpg
happiness,all_test\happiness\train_train_03374_aligned.jpg
happiness,all_test\happiness\train_train_03375_aligned.jpg
happiness,all_test\happiness\train_train_03376_aligned.jpg
happiness,all_test\happiness\train_train_03377_aligned.jpg
happiness,all_test\happiness\train_train_03378_aligned.jpg
happiness,all_test\happiness\train_train_03379_aligned.jpg
happiness,all_test\happiness\train_train_03380_aligned.jpg
happiness,all_test\happiness\train_train_03381_aligned.jpg
happiness,all_test\happiness\train_train_03383_aligned.jpg
happiness,all_test\happiness\train_train_03384_aligned.jpg
happiness,all_test\happiness\train_train_03385_aligned.jpg
happiness,all_test\happiness\train_train_03386_aligned.jpg
happiness,all_test\happiness\train_train_03387_aligned.jpg
happiness,all_test\happiness\train_train_03388_aligned.jpg
happiness,all_test\happiness\train_train_03391_aligned.jpg
happiness,all_test\happiness\train_train_03395_aligned.jpg
happiness,all_test\happiness\train_train_03396_aligned.jpg
happiness,all_test\happiness\train_train_03398_aligned.jpg
happiness,all_test\happiness\train_train_03399_aligned.jpg
happiness,all_test\happiness\train_train_03400_aligned.jpg
happiness,all_test\happiness\train_train_03401_aligned.jpg
happiness,all_test\happiness\train_train_03402_aligned.jpg
happiness,all_test\happiness\train_train_03403_aligned.jpg
happiness,all_test\happiness\train_train_03404_aligned.jpg
happiness,all_test\happiness\train_train_03405_aligned.jpg
happiness,all_test\happiness\train_train_03406_aligned.jpg
happiness,all_test\happiness\train_train_03407_aligned.jpg
happiness,all_test\happiness\train_train_03408_aligned.jpg
happiness,all_test\happiness\train_train_03409_aligned.jpg
happiness,all_test\happiness\train_train_03410_aligned.jpg
happiness,all_test\happiness\train_train_03412_aligned.jpg
happiness,all_test\happiness\train_train_03413_aligned.jpg
happiness,all_test\happiness\train_train_03414_aligned.jpg
happiness,all_test\happiness\train_train_03415_aligned.jpg
happiness,all_test\happiness\train_train_03416_aligned.jpg
happiness,all_test\happiness\train_train_03417_aligned.jpg
happiness,all_test\happiness\train_train_03418_aligned.jpg
happiness,all_test\happiness\train_train_03419_aligned.jpg
happiness,all_test\happiness\train_train_03422_aligned.jpg
happiness,all_test\happiness\train_train_03423_aligned.jpg
happiness,all_test\happiness\train_train_03424_aligned.jpg
happiness,all_test\happiness\train_train_03425_aligned.jpg
happiness,all_test\happiness\train_train_03426_aligned.jpg
happiness,all_test\happiness\train_train_03427_aligned.jpg
happiness,all_test\happiness\train_train_03429_aligned.jpg
happiness,all_test\happiness\train_train_03430_aligned.jpg
happiness,all_test\happiness\train_train_03434_aligned.jpg
happiness,all_test\happiness\train_train_03437_aligned.jpg
happiness,all_test\happiness\train_train_03438_aligned.jpg
happiness,all_test\happiness\train_train_03442_aligned.jpg
happiness,all_test\happiness\train_train_03443_aligned.jpg
happiness,all_test\happiness\train_train_03444_aligned.jpg
happiness,all_test\happiness\train_train_03447_aligned.jpg
happiness,all_test\happiness\train_train_03448_aligned.jpg
happiness,all_test\happiness\train_train_03449_aligned.jpg
happiness,all_test\happiness\train_train_03450_aligned.jpg
happiness,all_test\happiness\train_train_03451_aligned.jpg
happiness,all_test\happiness\train_train_03452_aligned.jpg
happiness,all_test\happiness\train_train_03453_aligned.jpg
happiness,all_test\happiness\train_train_03454_aligned.jpg
happiness,all_test\happiness\train_train_03455_aligned.jpg
happiness,all_test\happiness\train_train_03456_aligned.jpg
happiness,all_test\happiness\train_train_03457_aligned.jpg
happiness,all_test\happiness\train_train_03458_aligned.jpg
happiness,all_test\happiness\train_train_03459_aligned.jpg
happiness,all_test\happiness\train_train_03463_aligned.jpg
happiness,all_test\happiness\train_train_03464_aligned.jpg
happiness,all_test\happiness\train_train_03465_aligned.jpg
happiness,all_test\happiness\train_train_03466_aligned.jpg
happiness,all_test\happiness\train_train_03467_aligned.jpg
happiness,all_test\happiness\train_train_03468_aligned.jpg
happiness,all_test\happiness\train_train_03470_aligned.jpg
happiness,all_test\happiness\train_train_03471_aligned.jpg
happiness,all_test\happiness\train_train_03472_aligned.jpg
happiness,all_test\happiness\train_train_03473_aligned.jpg
happiness,all_test\happiness\train_train_03474_aligned.jpg
happiness,all_test\happiness\train_train_03476_aligned.jpg
happiness,all_test\happiness\train_train_03477_aligned.jpg
happiness,all_test\happiness\train_train_03478_aligned.jpg
happiness,all_test\happiness\train_train_03479_aligned.jpg
happiness,all_test\happiness\train_train_03481_aligned.jpg
happiness,all_test\happiness\train_train_03483_aligned.jpg
happiness,all_test\happiness\train_train_03485_aligned.jpg
happiness,all_test\happiness\train_train_03486_aligned.jpg
happiness,all_test\happiness\train_train_03487_aligned.jpg
happiness,all_test\happiness\train_train_03488_aligned.jpg
happiness,all_test\happiness\train_train_03489_aligned.jpg
happiness,all_test\happiness\train_train_03490_aligned.jpg
happiness,all_test\happiness\train_train_03491_aligned.jpg
happiness,all_test\happiness\train_train_03492_aligned.jpg
happiness,all_test\happiness\train_train_03493_aligned.jpg
happiness,all_test\happiness\train_train_03497_aligned.jpg
happiness,all_test\happiness\train_train_03498_aligned.jpg
happiness,all_test\happiness\train_train_03499_aligned.jpg
happiness,all_test\happiness\train_train_03500_aligned.jpg
happiness,all_test\happiness\train_train_03501_aligned.jpg
happiness,all_test\happiness\train_train_03504_aligned.jpg
happiness,all_test\happiness\train_train_03506_aligned.jpg
happiness,all_test\happiness\train_train_03508_aligned.jpg
happiness,all_test\happiness\train_train_03509_aligned.jpg
happiness,all_test\happiness\train_train_03511_aligned.jpg
happiness,all_test\happiness\train_train_03512_aligned.jpg
happiness,all_test\happiness\train_train_03513_aligned.jpg
happiness,all_test\happiness\train_train_03514_aligned.jpg
happiness,all_test\happiness\train_train_03515_aligned.jpg
happiness,all_test\happiness\train_train_03516_aligned.jpg
happiness,all_test\happiness\train_train_03517_aligned.jpg
happiness,all_test\happiness\train_train_03518_aligned.jpg
happiness,all_test\happiness\train_train_03520_aligned.jpg
happiness,all_test\happiness\train_train_03521_aligned.jpg
happiness,all_test\happiness\train_train_03522_aligned.jpg
happiness,all_test\happiness\train_train_03525_aligned.jpg
happiness,all_test\happiness\train_train_03526_aligned.jpg
happiness,all_test\happiness\train_train_03527_aligned.jpg
happiness,all_test\happiness\train_train_03528_aligned.jpg
happiness,all_test\happiness\train_train_03529_aligned.jpg
happiness,all_test\happiness\train_train_03530_aligned.jpg
happiness,all_test\happiness\train_train_03531_aligned.jpg
happiness,all_test\happiness\train_train_03532_aligned.jpg
happiness,all_test\happiness\train_train_03533_aligned.jpg
happiness,all_test\happiness\train_train_03534_aligned.jpg
happiness,all_test\happiness\train_train_03537_aligned.jpg
happiness,all_test\happiness\train_train_03538_aligned.jpg
happiness,all_test\happiness\train_train_03539_aligned.jpg
happiness,all_test\happiness\train_train_03541_aligned.jpg
happiness,all_test\happiness\train_train_03542_aligned.jpg
happiness,all_test\happiness\train_train_03543_aligned.jpg
happiness,all_test\happiness\train_train_03546_aligned.jpg
happiness,all_test\happiness\train_train_03547_aligned.jpg
happiness,all_test\happiness\train_train_03549_aligned.jpg
happiness,all_test\happiness\train_train_03550_aligned.jpg
happiness,all_test\happiness\train_train_03552_aligned.jpg
happiness,all_test\happiness\train_train_03553_aligned.jpg
happiness,all_test\happiness\train_train_03555_aligned.jpg
happiness,all_test\happiness\train_train_03556_aligned.jpg
happiness,all_test\happiness\train_train_03558_aligned.jpg
happiness,all_test\happiness\train_train_03559_aligned.jpg
happiness,all_test\happiness\train_train_03560_aligned.jpg
happiness,all_test\happiness\train_train_03561_aligned.jpg
happiness,all_test\happiness\train_train_03562_aligned.jpg
happiness,all_test\happiness\train_train_03563_aligned.jpg
happiness,all_test\happiness\train_train_03564_aligned.jpg
happiness,all_test\happiness\train_train_03566_aligned.jpg
happiness,all_test\happiness\train_train_03568_aligned.jpg
happiness,all_test\happiness\train_train_03569_aligned.jpg
happiness,all_test\happiness\train_train_03570_aligned.jpg
happiness,all_test\happiness\train_train_03571_aligned.jpg
happiness,all_test\happiness\train_train_03572_aligned.jpg
happiness,all_test\happiness\train_train_03573_aligned.jpg
happiness,all_test\happiness\train_train_03574_aligned.jpg
happiness,all_test\happiness\train_train_03575_aligned.jpg
happiness,all_test\happiness\train_train_03576_aligned.jpg
happiness,all_test\happiness\train_train_03578_aligned.jpg
happiness,all_test\happiness\train_train_03579_aligned.jpg
happiness,all_test\happiness\train_train_03580_aligned.jpg
happiness,all_test\happiness\train_train_03581_aligned.jpg
happiness,all_test\happiness\train_train_03583_aligned.jpg
happiness,all_test\happiness\train_train_03584_aligned.jpg
happiness,all_test\happiness\train_train_03585_aligned.jpg
happiness,all_test\happiness\train_train_03587_aligned.jpg
happiness,all_test\happiness\train_train_03588_aligned.jpg
happiness,all_test\happiness\train_train_03589_aligned.jpg
happiness,all_test\happiness\train_train_03590_aligned.jpg
happiness,all_test\happiness\train_train_03592_aligned.jpg
happiness,all_test\happiness\train_train_03593_aligned.jpg
happiness,all_test\happiness\train_train_03594_aligned.jpg
happiness,all_test\happiness\train_train_03595_aligned.jpg
happiness,all_test\happiness\train_train_03596_aligned.jpg
happiness,all_test\happiness\train_train_03597_aligned.jpg
happiness,all_test\happiness\train_train_03598_aligned.jpg
happiness,all_test\happiness\train_train_03599_aligned.jpg
happiness,all_test\happiness\train_train_03600_aligned.jpg
happiness,all_test\happiness\train_train_03601_aligned.jpg
happiness,all_test\happiness\train_train_03602_aligned.jpg
happiness,all_test\happiness\train_train_03603_aligned.jpg
happiness,all_test\happiness\train_train_03604_aligned.jpg
happiness,all_test\happiness\train_train_03610_aligned.jpg
happiness,all_test\happiness\train_train_03611_aligned.jpg
happiness,all_test\happiness\train_train_03612_aligned.jpg
happiness,all_test\happiness\train_train_03614_aligned.jpg
happiness,all_test\happiness\train_train_03615_aligned.jpg
happiness,all_test\happiness\train_train_03616_aligned.jpg
happiness,all_test\happiness\train_train_03620_aligned.jpg
happiness,all_test\happiness\train_train_03623_aligned.jpg
happiness,all_test\happiness\train_train_03632_aligned.jpg
happiness,all_test\happiness\train_train_03636_aligned.jpg
happiness,all_test\happiness\train_train_03637_aligned.jpg
happiness,all_test\happiness\train_train_03640_aligned.jpg
happiness,all_test\happiness\train_train_03645_aligned.jpg
happiness,all_test\happiness\train_train_03646_aligned.jpg
happiness,all_test\happiness\train_train_03655_aligned.jpg
happiness,all_test\happiness\train_train_03656_aligned.jpg
happiness,all_test\happiness\train_train_03657_aligned.jpg
happiness,all_test\happiness\train_train_03658_aligned.jpg
happiness,all_test\happiness\train_train_03663_aligned.jpg
happiness,all_test\happiness\train_train_03665_aligned.jpg
happiness,all_test\happiness\train_train_03666_aligned.jpg
happiness,all_test\happiness\train_train_03669_aligned.jpg
happiness,all_test\happiness\train_train_03674_aligned.jpg
happiness,all_test\happiness\train_train_03675_aligned.jpg
happiness,all_test\happiness\train_train_03676_aligned.jpg
happiness,all_test\happiness\train_train_03677_aligned.jpg
happiness,all_test\happiness\train_train_03678_aligned.jpg
happiness,all_test\happiness\train_train_03679_aligned.jpg
happiness,all_test\happiness\train_train_03680_aligned.jpg
happiness,all_test\happiness\train_train_03681_aligned.jpg
happiness,all_test\happiness\train_train_03682_aligned.jpg
happiness,all_test\happiness\train_train_03683_aligned.jpg
happiness,all_test\happiness\train_train_03684_aligned.jpg
happiness,all_test\happiness\train_train_03685_aligned.jpg
happiness,all_test\happiness\train_train_03693_aligned.jpg
happiness,all_test\happiness\train_train_03694_aligned.jpg
happiness,all_test\happiness\train_train_03695_aligned.jpg
happiness,all_test\happiness\train_train_03696_aligned.jpg
happiness,all_test\happiness\train_train_03700_aligned.jpg
happiness,all_test\happiness\train_train_03701_aligned.jpg
happiness,all_test\happiness\train_train_03702_aligned.jpg
happiness,all_test\happiness\train_train_03703_aligned.jpg
happiness,all_test\happiness\train_train_03708_aligned.jpg
happiness,all_test\happiness\train_train_03709_aligned.jpg
happiness,all_test\happiness\train_train_03711_aligned.jpg
happiness,all_test\happiness\train_train_03712_aligned.jpg
happiness,all_test\happiness\train_train_03713_aligned.jpg
happiness,all_test\happiness\train_train_03714_aligned.jpg
happiness,all_test\happiness\train_train_03717_aligned.jpg
happiness,all_test\happiness\train_train_03718_aligned.jpg
happiness,all_test\happiness\train_train_03719_aligned.jpg
happiness,all_test\happiness\train_train_03723_aligned.jpg
happiness,all_test\happiness\train_train_03727_aligned.jpg
happiness,all_test\happiness\train_train_03732_aligned.jpg
happiness,all_test\happiness\train_train_03740_aligned.jpg
happiness,all_test\happiness\train_train_03743_aligned.jpg
happiness,all_test\happiness\train_train_03744_aligned.jpg
happiness,all_test\happiness\train_train_03745_aligned.jpg
happiness,all_test\happiness\train_train_03746_aligned.jpg
happiness,all_test\happiness\train_train_03750_aligned.jpg
happiness,all_test\happiness\train_train_03751_aligned.jpg
happiness,all_test\happiness\train_train_03755_aligned.jpg
happiness,all_test\happiness\train_train_03756_aligned.jpg
happiness,all_test\happiness\train_train_03758_aligned.jpg
happiness,all_test\happiness\train_train_03761_aligned.jpg
happiness,all_test\happiness\train_train_03769_aligned.jpg
happiness,all_test\happiness\train_train_03772_aligned.jpg
happiness,all_test\happiness\train_train_03777_aligned.jpg
happiness,all_test\happiness\train_train_03779_aligned.jpg
happiness,all_test\happiness\train_train_03780_aligned.jpg
happiness,all_test\happiness\train_train_03781_aligned.jpg
happiness,all_test\happiness\train_train_03784_aligned.jpg
happiness,all_test\happiness\train_train_03785_aligned.jpg
happiness,all_test\happiness\train_train_03786_aligned.jpg
happiness,all_test\happiness\train_train_03792_aligned.jpg
happiness,all_test\happiness\train_train_03793_aligned.jpg
happiness,all_test\happiness\train_train_03795_aligned.jpg
happiness,all_test\happiness\train_train_03798_aligned.jpg
happiness,all_test\happiness\train_train_03806_aligned.jpg
happiness,all_test\happiness\train_train_03807_aligned.jpg
happiness,all_test\happiness\train_train_03809_aligned.jpg
happiness,all_test\happiness\train_train_03810_aligned.jpg
happiness,all_test\happiness\train_train_03811_aligned.jpg
happiness,all_test\happiness\train_train_03813_aligned.jpg
happiness,all_test\happiness\train_train_03814_aligned.jpg
happiness,all_test\happiness\train_train_03816_aligned.jpg
happiness,all_test\happiness\train_train_03817_aligned.jpg
happiness,all_test\happiness\train_train_03820_aligned.jpg
happiness,all_test\happiness\train_train_03823_aligned.jpg
happiness,all_test\happiness\train_train_03825_aligned.jpg
happiness,all_test\happiness\train_train_03831_aligned.jpg
happiness,all_test\happiness\train_train_03836_aligned.jpg
happiness,all_test\happiness\train_train_03837_aligned.jpg
happiness,all_test\happiness\train_train_03841_aligned.jpg
happiness,all_test\happiness\train_train_03844_aligned.jpg
happiness,all_test\happiness\train_train_03849_aligned.jpg
happiness,all_test\happiness\train_train_03852_aligned.jpg
happiness,all_test\happiness\train_train_03857_aligned.jpg
happiness,all_test\happiness\train_train_03861_aligned.jpg
happiness,all_test\happiness\train_train_03864_aligned.jpg
happiness,all_test\happiness\train_train_03868_aligned.jpg
happiness,all_test\happiness\train_train_03870_aligned.jpg
happiness,all_test\happiness\train_train_03872_aligned.jpg
happiness,all_test\happiness\train_train_03873_aligned.jpg
happiness,all_test\happiness\train_train_03876_aligned.jpg
happiness,all_test\happiness\train_train_03884_aligned.jpg
happiness,all_test\happiness\train_train_03887_aligned.jpg
happiness,all_test\happiness\train_train_03890_aligned.jpg
happiness,all_test\happiness\train_train_03891_aligned.jpg
happiness,all_test\happiness\train_train_03892_aligned.jpg
happiness,all_test\happiness\train_train_03893_aligned.jpg
happiness,all_test\happiness\train_train_03894_aligned.jpg
happiness,all_test\happiness\train_train_03895_aligned.jpg
happiness,all_test\happiness\train_train_03896_aligned.jpg
happiness,all_test\happiness\train_train_03899_aligned.jpg
happiness,all_test\happiness\train_train_03905_aligned.jpg
happiness,all_test\happiness\train_train_03906_aligned.jpg
happiness,all_test\happiness\train_train_03907_aligned.jpg
happiness,all_test\happiness\train_train_03908_aligned.jpg
happiness,all_test\happiness\train_train_03909_aligned.jpg
happiness,all_test\happiness\train_train_03912_aligned.jpg
happiness,all_test\happiness\train_train_03913_aligned.jpg
happiness,all_test\happiness\train_train_03915_aligned.jpg
happiness,all_test\happiness\train_train_03916_aligned.jpg
happiness,all_test\happiness\train_train_03919_aligned.jpg
happiness,all_test\happiness\train_train_03931_aligned.jpg
happiness,all_test\happiness\train_train_03932_aligned.jpg
happiness,all_test\happiness\train_train_03933_aligned.jpg
happiness,all_test\happiness\train_train_03934_aligned.jpg
happiness,all_test\happiness\train_train_03936_aligned.jpg
happiness,all_test\happiness\train_train_03937_aligned.jpg
happiness,all_test\happiness\train_train_03939_aligned.jpg
happiness,all_test\happiness\train_train_03940_aligned.jpg
happiness,all_test\happiness\train_train_03944_aligned.jpg
happiness,all_test\happiness\train_train_03946_aligned.jpg
happiness,all_test\happiness\train_train_03947_aligned.jpg
happiness,all_test\happiness\train_train_03948_aligned.jpg
happiness,all_test\happiness\train_train_03949_aligned.jpg
happiness,all_test\happiness\train_train_03950_aligned.jpg
happiness,all_test\happiness\train_train_03951_aligned.jpg
happiness,all_test\happiness\train_train_03952_aligned.jpg
happiness,all_test\happiness\train_train_03953_aligned.jpg
happiness,all_test\happiness\train_train_03954_aligned.jpg
happiness,all_test\happiness\train_train_03955_aligned.jpg
happiness,all_test\happiness\train_train_03956_aligned.jpg
happiness,all_test\happiness\train_train_03957_aligned.jpg
happiness,all_test\happiness\train_train_03958_aligned.jpg
happiness,all_test\happiness\train_train_03959_aligned.jpg
happiness,all_test\happiness\train_train_03962_aligned.jpg
happiness,all_test\happiness\train_train_03963_aligned.jpg
happiness,all_test\happiness\train_train_03973_aligned.jpg
happiness,all_test\happiness\train_train_03978_aligned.jpg
happiness,all_test\happiness\train_train_03980_aligned.jpg
happiness,all_test\happiness\train_train_03981_aligned.jpg
happiness,all_test\happiness\train_train_03982_aligned.jpg
happiness,all_test\happiness\train_train_03986_aligned.jpg
happiness,all_test\happiness\train_train_03987_aligned.jpg
happiness,all_test\happiness\train_train_03991_aligned.jpg
happiness,all_test\happiness\train_train_03992_aligned.jpg
happiness,all_test\happiness\train_train_03994_aligned.jpg
happiness,all_test\happiness\train_train_04000_aligned.jpg
happiness,all_test\happiness\train_train_04001_aligned.jpg
happiness,all_test\happiness\train_train_04005_aligned.jpg
happiness,all_test\happiness\train_train_04006_aligned.jpg
happiness,all_test\happiness\train_train_04010_aligned.jpg
happiness,all_test\happiness\train_train_04011_aligned.jpg
happiness,all_test\happiness\train_train_04012_aligned.jpg
happiness,all_test\happiness\train_train_04016_aligned.jpg
happiness,all_test\happiness\train_train_04018_aligned.jpg
happiness,all_test\happiness\train_train_04023_aligned.jpg
happiness,all_test\happiness\train_train_04024_aligned.jpg
happiness,all_test\happiness\train_train_04026_aligned.jpg
happiness,all_test\happiness\train_train_04028_aligned.jpg
happiness,all_test\happiness\train_train_04030_aligned.jpg
happiness,all_test\happiness\train_train_04032_aligned.jpg
happiness,all_test\happiness\train_train_04034_aligned.jpg
happiness,all_test\happiness\train_train_04035_aligned.jpg
happiness,all_test\happiness\train_train_04041_aligned.jpg
happiness,all_test\happiness\train_train_04042_aligned.jpg
happiness,all_test\happiness\train_train_04043_aligned.jpg
happiness,all_test\happiness\train_train_04045_aligned.jpg
happiness,all_test\happiness\train_train_04050_aligned.jpg
happiness,all_test\happiness\train_train_04052_aligned.jpg
happiness,all_test\happiness\train_train_04059_aligned.jpg
happiness,all_test\happiness\train_train_04064_aligned.jpg
happiness,all_test\happiness\train_train_04065_aligned.jpg
happiness,all_test\happiness\train_train_04070_aligned.jpg
happiness,all_test\happiness\train_train_04071_aligned.jpg
happiness,all_test\happiness\train_train_04076_aligned.jpg
happiness,all_test\happiness\train_train_04077_aligned.jpg
happiness,all_test\happiness\train_train_04083_aligned.jpg
happiness,all_test\happiness\train_train_04084_aligned.jpg
happiness,all_test\happiness\train_train_04085_aligned.jpg
happiness,all_test\happiness\train_train_04087_aligned.jpg
happiness,all_test\happiness\train_train_04088_aligned.jpg
happiness,all_test\happiness\train_train_04089_aligned.jpg
happiness,all_test\happiness\train_train_04090_aligned.jpg
happiness,all_test\happiness\train_train_04091_aligned.jpg
happiness,all_test\happiness\train_train_04093_aligned.jpg
happiness,all_test\happiness\train_train_04094_aligned.jpg
happiness,all_test\happiness\train_train_04095_aligned.jpg
happiness,all_test\happiness\train_train_04097_aligned.jpg
happiness,all_test\happiness\train_train_04105_aligned.jpg
happiness,all_test\happiness\train_train_04114_aligned.jpg
happiness,all_test\happiness\train_train_04117_aligned.jpg
happiness,all_test\happiness\train_train_04118_aligned.jpg
happiness,all_test\happiness\train_train_04119_aligned.jpg
happiness,all_test\happiness\train_train_04120_aligned.jpg
happiness,all_test\happiness\train_train_04121_aligned.jpg
happiness,all_test\happiness\train_train_04125_aligned.jpg
happiness,all_test\happiness\train_train_04126_aligned.jpg
happiness,all_test\happiness\train_train_04127_aligned.jpg
happiness,all_test\happiness\train_train_04129_aligned.jpg
happiness,all_test\happiness\train_train_04133_aligned.jpg
happiness,all_test\happiness\train_train_04135_aligned.jpg
happiness,all_test\happiness\train_train_04137_aligned.jpg
happiness,all_test\happiness\train_train_04138_aligned.jpg
happiness,all_test\happiness\train_train_04141_aligned.jpg
happiness,all_test\happiness\train_train_04144_aligned.jpg
happiness,all_test\happiness\train_train_04145_aligned.jpg
happiness,all_test\happiness\train_train_04147_aligned.jpg
happiness,all_test\happiness\train_train_04152_aligned.jpg
happiness,all_test\happiness\train_train_04153_aligned.jpg
happiness,all_test\happiness\train_train_04154_aligned.jpg
happiness,all_test\happiness\train_train_04156_aligned.jpg
happiness,all_test\happiness\train_train_04157_aligned.jpg
happiness,all_test\happiness\train_train_04160_aligned.jpg
happiness,all_test\happiness\train_train_04161_aligned.jpg
happiness,all_test\happiness\train_train_04165_aligned.jpg
happiness,all_test\happiness\train_train_04167_aligned.jpg
happiness,all_test\happiness\train_train_04169_aligned.jpg
happiness,all_test\happiness\train_train_04171_aligned.jpg
happiness,all_test\happiness\train_train_04172_aligned.jpg
happiness,all_test\happiness\train_train_04173_aligned.jpg
happiness,all_test\happiness\train_train_04174_aligned.jpg
happiness,all_test\happiness\train_train_04176_aligned.jpg
happiness,all_test\happiness\train_train_04177_aligned.jpg
happiness,all_test\happiness\train_train_04179_aligned.jpg
happiness,all_test\happiness\train_train_04180_aligned.jpg
happiness,all_test\happiness\train_train_04181_aligned.jpg
happiness,all_test\happiness\train_train_04182_aligned.jpg
happiness,all_test\happiness\train_train_04187_aligned.jpg
happiness,all_test\happiness\train_train_04188_aligned.jpg
happiness,all_test\happiness\train_train_04189_aligned.jpg
happiness,all_test\happiness\train_train_04195_aligned.jpg
happiness,all_test\happiness\train_train_04199_aligned.jpg
happiness,all_test\happiness\train_train_04203_aligned.jpg
happiness,all_test\happiness\train_train_04204_aligned.jpg
happiness,all_test\happiness\train_train_04205_aligned.jpg
happiness,all_test\happiness\train_train_04208_aligned.jpg
happiness,all_test\happiness\train_train_04211_aligned.jpg
happiness,all_test\happiness\train_train_04212_aligned.jpg
happiness,all_test\happiness\train_train_04215_aligned.jpg
happiness,all_test\happiness\train_train_04235_aligned.jpg
happiness,all_test\happiness\train_train_04237_aligned.jpg
happiness,all_test\happiness\train_train_04238_aligned.jpg
happiness,all_test\happiness\train_train_04239_aligned.jpg
happiness,all_test\happiness\train_train_04240_aligned.jpg
happiness,all_test\happiness\train_train_04241_aligned.jpg
happiness,all_test\happiness\train_train_04242_aligned.jpg
happiness,all_test\happiness\train_train_04243_aligned.jpg
happiness,all_test\happiness\train_train_04244_aligned.jpg
happiness,all_test\happiness\train_train_04246_aligned.jpg
happiness,all_test\happiness\train_train_04247_aligned.jpg
happiness,all_test\happiness\train_train_04249_aligned.jpg
happiness,all_test\happiness\train_train_04252_aligned.jpg
happiness,all_test\happiness\train_train_04254_aligned.jpg
happiness,all_test\happiness\train_train_04255_aligned.jpg
happiness,all_test\happiness\train_train_04256_aligned.jpg
happiness,all_test\happiness\train_train_04257_aligned.jpg
happiness,all_test\happiness\train_train_04260_aligned.jpg
happiness,all_test\happiness\train_train_04261_aligned.jpg
happiness,all_test\happiness\train_train_04264_aligned.jpg
happiness,all_test\happiness\train_train_04266_aligned.jpg
happiness,all_test\happiness\train_train_04267_aligned.jpg
happiness,all_test\happiness\train_train_04268_aligned.jpg
happiness,all_test\happiness\train_train_04277_aligned.jpg
happiness,all_test\happiness\train_train_04279_aligned.jpg
happiness,all_test\happiness\train_train_04280_aligned.jpg
happiness,all_test\happiness\train_train_04281_aligned.jpg
happiness,all_test\happiness\train_train_04282_aligned.jpg
happiness,all_test\happiness\train_train_04283_aligned.jpg
happiness,all_test\happiness\train_train_04294_aligned.jpg
happiness,all_test\happiness\train_train_04298_aligned.jpg
happiness,all_test\happiness\train_train_04301_aligned.jpg
happiness,all_test\happiness\train_train_04307_aligned.jpg
happiness,all_test\happiness\train_train_04327_aligned.jpg
happiness,all_test\happiness\train_train_04328_aligned.jpg
happiness,all_test\happiness\train_train_04329_aligned.jpg
happiness,all_test\happiness\train_train_04330_aligned.jpg
happiness,all_test\happiness\train_train_04332_aligned.jpg
happiness,all_test\happiness\train_train_04338_aligned.jpg
happiness,all_test\happiness\train_train_04340_aligned.jpg
happiness,all_test\happiness\train_train_04343_aligned.jpg
happiness,all_test\happiness\train_train_04344_aligned.jpg
happiness,all_test\happiness\train_train_04350_aligned.jpg
happiness,all_test\happiness\train_train_04362_aligned.jpg
happiness,all_test\happiness\train_train_04363_aligned.jpg
happiness,all_test\happiness\train_train_04368_aligned.jpg
happiness,all_test\happiness\train_train_04376_aligned.jpg
happiness,all_test\happiness\train_train_04377_aligned.jpg
happiness,all_test\happiness\train_train_04378_aligned.jpg
happiness,all_test\happiness\train_train_04380_aligned.jpg
happiness,all_test\happiness\train_train_04381_aligned.jpg
happiness,all_test\happiness\train_train_04382_aligned.jpg
happiness,all_test\happiness\train_train_04384_aligned.jpg
happiness,all_test\happiness\train_train_04387_aligned.jpg
happiness,all_test\happiness\train_train_04400_aligned.jpg
happiness,all_test\happiness\train_train_04401_aligned.jpg
happiness,all_test\happiness\train_train_04403_aligned.jpg
happiness,all_test\happiness\train_train_04404_aligned.jpg
happiness,all_test\happiness\train_train_04405_aligned.jpg
happiness,all_test\happiness\train_train_04406_aligned.jpg
happiness,all_test\happiness\train_train_04407_aligned.jpg
happiness,all_test\happiness\train_train_04412_aligned.jpg
happiness,all_test\happiness\train_train_04416_aligned.jpg
happiness,all_test\happiness\train_train_04417_aligned.jpg
happiness,all_test\happiness\train_train_04422_aligned.jpg
happiness,all_test\happiness\train_train_04434_aligned.jpg
happiness,all_test\happiness\train_train_04449_aligned.jpg
happiness,all_test\happiness\train_train_04452_aligned.jpg
happiness,all_test\happiness\train_train_04454_aligned.jpg
happiness,all_test\happiness\train_train_04455_aligned.jpg
happiness,all_test\happiness\train_train_04456_aligned.jpg
happiness,all_test\happiness\train_train_04459_aligned.jpg
happiness,all_test\happiness\train_train_04462_aligned.jpg
happiness,all_test\happiness\train_train_04487_aligned.jpg
happiness,all_test\happiness\train_train_04488_aligned.jpg
happiness,all_test\happiness\train_train_04492_aligned.jpg
happiness,all_test\happiness\train_train_04493_aligned.jpg
happiness,all_test\happiness\train_train_04494_aligned.jpg
happiness,all_test\happiness\train_train_04495_aligned.jpg
happiness,all_test\happiness\train_train_04498_aligned.jpg
happiness,all_test\happiness\train_train_04505_aligned.jpg
happiness,all_test\happiness\train_train_04508_aligned.jpg
happiness,all_test\happiness\train_train_04511_aligned.jpg
happiness,all_test\happiness\train_train_04514_aligned.jpg
happiness,all_test\happiness\train_train_04515_aligned.jpg
happiness,all_test\happiness\train_train_04518_aligned.jpg
happiness,all_test\happiness\train_train_04521_aligned.jpg
happiness,all_test\happiness\train_train_04524_aligned.jpg
happiness,all_test\happiness\train_train_04525_aligned.jpg
happiness,all_test\happiness\train_train_04526_aligned.jpg
happiness,all_test\happiness\train_train_04531_aligned.jpg
happiness,all_test\happiness\train_train_04533_aligned.jpg
happiness,all_test\happiness\train_train_04534_aligned.jpg
happiness,all_test\happiness\train_train_04539_aligned.jpg
happiness,all_test\happiness\train_train_04542_aligned.jpg
happiness,all_test\happiness\train_train_04549_aligned.jpg
happiness,all_test\happiness\train_train_04551_aligned.jpg
happiness,all_test\happiness\train_train_04556_aligned.jpg
happiness,all_test\happiness\train_train_04569_aligned.jpg
happiness,all_test\happiness\train_train_04570_aligned.jpg
happiness,all_test\happiness\train_train_04571_aligned.jpg
happiness,all_test\happiness\train_train_04573_aligned.jpg
happiness,all_test\happiness\train_train_04574_aligned.jpg
happiness,all_test\happiness\train_train_04576_aligned.jpg
happiness,all_test\happiness\train_train_04578_aligned.jpg
happiness,all_test\happiness\train_train_04580_aligned.jpg
happiness,all_test\happiness\train_train_04583_aligned.jpg
happiness,all_test\happiness\train_train_04584_aligned.jpg
happiness,all_test\happiness\train_train_04585_aligned.jpg
happiness,all_test\happiness\train_train_04587_aligned.jpg
happiness,all_test\happiness\train_train_04589_aligned.jpg
happiness,all_test\happiness\train_train_04591_aligned.jpg
happiness,all_test\happiness\train_train_04593_aligned.jpg
happiness,all_test\happiness\train_train_04594_aligned.jpg
happiness,all_test\happiness\train_train_04595_aligned.jpg
happiness,all_test\happiness\train_train_04597_aligned.jpg
happiness,all_test\happiness\train_train_04605_aligned.jpg
happiness,all_test\happiness\train_train_04606_aligned.jpg
happiness,all_test\happiness\train_train_04607_aligned.jpg
happiness,all_test\happiness\train_train_04610_aligned.jpg
happiness,all_test\happiness\train_train_04612_aligned.jpg
happiness,all_test\happiness\train_train_04614_aligned.jpg
happiness,all_test\happiness\train_train_04619_aligned.jpg
happiness,all_test\happiness\train_train_04622_aligned.jpg
happiness,all_test\happiness\train_train_04623_aligned.jpg
happiness,all_test\happiness\train_train_04627_aligned.jpg
happiness,all_test\happiness\train_train_04628_aligned.jpg
happiness,all_test\happiness\train_train_04630_aligned.jpg
happiness,all_test\happiness\train_train_04631_aligned.jpg
happiness,all_test\happiness\train_train_04635_aligned.jpg
happiness,all_test\happiness\train_train_04636_aligned.jpg
happiness,all_test\happiness\train_train_04639_aligned.jpg
happiness,all_test\happiness\train_train_04643_aligned.jpg
happiness,all_test\happiness\train_train_04644_aligned.jpg
happiness,all_test\happiness\train_train_04645_aligned.jpg
happiness,all_test\happiness\train_train_04646_aligned.jpg
happiness,all_test\happiness\train_train_04649_aligned.jpg
happiness,all_test\happiness\train_train_04657_aligned.jpg
happiness,all_test\happiness\train_train_04661_aligned.jpg
happiness,all_test\happiness\train_train_04662_aligned.jpg
happiness,all_test\happiness\train_train_04663_aligned.jpg
happiness,all_test\happiness\train_train_04665_aligned.jpg
happiness,all_test\happiness\train_train_04666_aligned.jpg
happiness,all_test\happiness\train_train_04668_aligned.jpg
happiness,all_test\happiness\train_train_04669_aligned.jpg
happiness,all_test\happiness\train_train_04671_aligned.jpg
happiness,all_test\happiness\train_train_04675_aligned.jpg
happiness,all_test\happiness\train_train_04679_aligned.jpg
happiness,all_test\happiness\train_train_04685_aligned.jpg
happiness,all_test\happiness\train_train_04687_aligned.jpg
happiness,all_test\happiness\train_train_04690_aligned.jpg
happiness,all_test\happiness\train_train_04691_aligned.jpg
happiness,all_test\happiness\train_train_04692_aligned.jpg
happiness,all_test\happiness\train_train_04694_aligned.jpg
happiness,all_test\happiness\train_train_04702_aligned.jpg
happiness,all_test\happiness\train_train_04703_aligned.jpg
happiness,all_test\happiness\train_train_04704_aligned.jpg
happiness,all_test\happiness\train_train_04707_aligned.jpg
happiness,all_test\happiness\train_train_04710_aligned.jpg
happiness,all_test\happiness\train_train_04711_aligned.jpg
happiness,all_test\happiness\train_train_04712_aligned.jpg
happiness,all_test\happiness\train_train_04713_aligned.jpg
happiness,all_test\happiness\train_train_04714_aligned.jpg
happiness,all_test\happiness\train_train_04715_aligned.jpg
happiness,all_test\happiness\train_train_04716_aligned.jpg
happiness,all_test\happiness\train_train_04720_aligned.jpg
happiness,all_test\happiness\train_train_04724_aligned.jpg
happiness,all_test\happiness\train_train_04725_aligned.jpg
happiness,all_test\happiness\train_train_04726_aligned.jpg
happiness,all_test\happiness\train_train_04727_aligned.jpg
happiness,all_test\happiness\train_train_04728_aligned.jpg
happiness,all_test\happiness\train_train_04729_aligned.jpg
happiness,all_test\happiness\train_train_04732_aligned.jpg
happiness,all_test\happiness\train_train_04733_aligned.jpg
happiness,all_test\happiness\train_train_04734_aligned.jpg
happiness,all_test\happiness\train_train_04735_aligned.jpg
happiness,all_test\happiness\train_train_04738_aligned.jpg
happiness,all_test\happiness\train_train_04739_aligned.jpg
happiness,all_test\happiness\train_train_04740_aligned.jpg
happiness,all_test\happiness\train_train_04741_aligned.jpg
happiness,all_test\happiness\train_train_04742_aligned.jpg
happiness,all_test\happiness\train_train_04745_aligned.jpg
happiness,all_test\happiness\train_train_04747_aligned.jpg
happiness,all_test\happiness\train_train_04748_aligned.jpg
happiness,all_test\happiness\train_train_04751_aligned.jpg
happiness,all_test\happiness\train_train_04756_aligned.jpg
happiness,all_test\happiness\train_train_04758_aligned.jpg
happiness,all_test\happiness\train_train_04761_aligned.jpg
happiness,all_test\happiness\train_train_04762_aligned.jpg
happiness,all_test\happiness\train_train_04763_aligned.jpg
happiness,all_test\happiness\train_train_04769_aligned.jpg
happiness,all_test\happiness\train_train_04770_aligned.jpg
happiness,all_test\happiness\train_train_04772_aligned.jpg
happiness,all_test\happiness\train_train_04773_aligned.jpg
happiness,all_test\happiness\train_train_04774_aligned.jpg
happiness,all_test\happiness\train_train_04777_aligned.jpg
happiness,all_test\happiness\train_train_04778_aligned.jpg
happiness,all_test\happiness\train_train_04779_aligned.jpg
happiness,all_test\happiness\train_train_04782_aligned.jpg
happiness,all_test\happiness\train_train_04784_aligned.jpg
happiness,all_test\happiness\train_train_04785_aligned.jpg
happiness,all_test\happiness\train_train_04786_aligned.jpg
happiness,all_test\happiness\train_train_04788_aligned.jpg
happiness,all_test\happiness\train_train_04792_aligned.jpg
happiness,all_test\happiness\train_train_04794_aligned.jpg
happiness,all_test\happiness\train_train_04795_aligned.jpg
happiness,all_test\happiness\train_train_04796_aligned.jpg
happiness,all_test\happiness\train_train_04797_aligned.jpg
happiness,all_test\happiness\train_train_04798_aligned.jpg
happiness,all_test\happiness\train_train_04800_aligned.jpg
happiness,all_test\happiness\train_train_04803_aligned.jpg
happiness,all_test\happiness\train_train_04806_aligned.jpg
happiness,all_test\happiness\train_train_04807_aligned.jpg
happiness,all_test\happiness\train_train_04808_aligned.jpg
happiness,all_test\happiness\train_train_04811_aligned.jpg
happiness,all_test\happiness\train_train_04814_aligned.jpg
happiness,all_test\happiness\train_train_04816_aligned.jpg
happiness,all_test\happiness\train_train_04817_aligned.jpg
happiness,all_test\happiness\train_train_04818_aligned.jpg
happiness,all_test\happiness\train_train_04819_aligned.jpg
happiness,all_test\happiness\train_train_04820_aligned.jpg
happiness,all_test\happiness\train_train_04821_aligned.jpg
happiness,all_test\happiness\train_train_04822_aligned.jpg
happiness,all_test\happiness\train_train_04823_aligned.jpg
happiness,all_test\happiness\train_train_04824_aligned.jpg
happiness,all_test\happiness\train_train_04831_aligned.jpg
happiness,all_test\happiness\train_train_04833_aligned.jpg
happiness,all_test\happiness\train_train_04836_aligned.jpg
happiness,all_test\happiness\train_train_04839_aligned.jpg
happiness,all_test\happiness\train_train_04840_aligned.jpg
happiness,all_test\happiness\train_train_04845_aligned.jpg
happiness,all_test\happiness\train_train_04846_aligned.jpg
happiness,all_test\happiness\train_train_04847_aligned.jpg
happiness,all_test\happiness\train_train_04849_aligned.jpg
happiness,all_test\happiness\train_train_04851_aligned.jpg
happiness,all_test\happiness\train_train_04852_aligned.jpg
happiness,all_test\happiness\train_train_04856_aligned.jpg
happiness,all_test\happiness\train_train_04860_aligned.jpg
happiness,all_test\happiness\train_train_04862_aligned.jpg
happiness,all_test\happiness\train_train_04863_aligned.jpg
happiness,all_test\happiness\train_train_04867_aligned.jpg
happiness,all_test\happiness\train_train_04868_aligned.jpg
happiness,all_test\happiness\train_train_04869_aligned.jpg
happiness,all_test\happiness\train_train_04870_aligned.jpg
happiness,all_test\happiness\train_train_04873_aligned.jpg
happiness,all_test\happiness\train_train_04874_aligned.jpg
happiness,all_test\happiness\train_train_04875_aligned.jpg
happiness,all_test\happiness\train_train_04876_aligned.jpg
happiness,all_test\happiness\train_train_04878_aligned.jpg
happiness,all_test\happiness\train_train_04879_aligned.jpg
happiness,all_test\happiness\train_train_04880_aligned.jpg
happiness,all_test\happiness\train_train_04884_aligned.jpg
happiness,all_test\happiness\train_train_04885_aligned.jpg
happiness,all_test\happiness\train_train_04886_aligned.jpg
happiness,all_test\happiness\train_train_04888_aligned.jpg
happiness,all_test\happiness\train_train_04889_aligned.jpg
happiness,all_test\happiness\train_train_04893_aligned.jpg
happiness,all_test\happiness\train_train_04895_aligned.jpg
happiness,all_test\happiness\train_train_04897_aligned.jpg
happiness,all_test\happiness\train_train_04898_aligned.jpg
happiness,all_test\happiness\train_train_04900_aligned.jpg
happiness,all_test\happiness\train_train_04903_aligned.jpg
happiness,all_test\happiness\train_train_04906_aligned.jpg
happiness,all_test\happiness\train_train_04912_aligned.jpg
happiness,all_test\happiness\train_train_04913_aligned.jpg
happiness,all_test\happiness\train_train_04914_aligned.jpg
happiness,all_test\happiness\train_train_04915_aligned.jpg
happiness,all_test\happiness\train_train_04917_aligned.jpg
happiness,all_test\happiness\train_train_04918_aligned.jpg
happiness,all_test\happiness\train_train_04919_aligned.jpg
happiness,all_test\happiness\train_train_04924_aligned.jpg
happiness,all_test\happiness\train_train_04934_aligned.jpg
happiness,all_test\happiness\train_train_04948_aligned.jpg
happiness,all_test\happiness\train_train_04949_aligned.jpg
happiness,all_test\happiness\train_train_04952_aligned.jpg
happiness,all_test\happiness\train_train_04953_aligned.jpg
happiness,all_test\happiness\train_train_04954_aligned.jpg
happiness,all_test\happiness\train_train_04955_aligned.jpg
happiness,all_test\happiness\train_train_04956_aligned.jpg
happiness,all_test\happiness\train_train_04957_aligned.jpg
happiness,all_test\happiness\train_train_04958_aligned.jpg
happiness,all_test\happiness\train_train_04959_aligned.jpg
happiness,all_test\happiness\train_train_04960_aligned.jpg
happiness,all_test\happiness\train_train_04963_aligned.jpg
happiness,all_test\happiness\train_train_04965_aligned.jpg
happiness,all_test\happiness\train_train_04966_aligned.jpg
happiness,all_test\happiness\train_train_04967_aligned.jpg
happiness,all_test\happiness\train_train_04968_aligned.jpg
happiness,all_test\happiness\train_train_04970_aligned.jpg
happiness,all_test\happiness\train_train_04976_aligned.jpg
happiness,all_test\happiness\train_train_04977_aligned.jpg
happiness,all_test\happiness\train_train_04978_aligned.jpg
happiness,all_test\happiness\train_train_04980_aligned.jpg
happiness,all_test\happiness\train_train_04981_aligned.jpg
happiness,all_test\happiness\train_train_04982_aligned.jpg
happiness,all_test\happiness\train_train_04984_aligned.jpg
happiness,all_test\happiness\train_train_04985_aligned.jpg
happiness,all_test\happiness\train_train_04987_aligned.jpg
happiness,all_test\happiness\train_train_04988_aligned.jpg
happiness,all_test\happiness\train_train_04989_aligned.jpg
happiness,all_test\happiness\train_train_04992_aligned.jpg
happiness,all_test\happiness\train_train_04995_aligned.jpg
happiness,all_test\happiness\train_train_04998_aligned.jpg
happiness,all_test\happiness\train_train_05001_aligned.jpg
happiness,all_test\happiness\train_train_05003_aligned.jpg
happiness,all_test\happiness\train_train_05004_aligned.jpg
happiness,all_test\happiness\train_train_05008_aligned.jpg
happiness,all_test\happiness\train_train_05015_aligned.jpg
happiness,all_test\happiness\train_train_05021_aligned.jpg
happiness,all_test\happiness\train_train_05024_aligned.jpg
happiness,all_test\happiness\train_train_05028_aligned.jpg
happiness,all_test\happiness\train_train_05029_aligned.jpg
happiness,all_test\happiness\train_train_05033_aligned.jpg
happiness,all_test\happiness\train_train_05034_aligned.jpg
happiness,all_test\happiness\train_train_05036_aligned.jpg
happiness,all_test\happiness\train_train_05038_aligned.jpg
happiness,all_test\happiness\train_train_05040_aligned.jpg
happiness,all_test\happiness\train_train_05041_aligned.jpg
happiness,all_test\happiness\train_train_05042_aligned.jpg
happiness,all_test\happiness\train_train_05043_aligned.jpg
happiness,all_test\happiness\train_train_05045_aligned.jpg
happiness,all_test\happiness\train_train_05046_aligned.jpg
happiness,all_test\happiness\train_train_05049_aligned.jpg
happiness,all_test\happiness\train_train_05050_aligned.jpg
happiness,all_test\happiness\train_train_05054_aligned.jpg
happiness,all_test\happiness\train_train_05060_aligned.jpg
happiness,all_test\happiness\train_train_05061_aligned.jpg
happiness,all_test\happiness\train_train_05063_aligned.jpg
happiness,all_test\happiness\train_train_05064_aligned.jpg
happiness,all_test\happiness\train_train_05066_aligned.jpg
happiness,all_test\happiness\train_train_05069_aligned.jpg
happiness,all_test\happiness\train_train_05072_aligned.jpg
happiness,all_test\happiness\train_train_05075_aligned.jpg
happiness,all_test\happiness\train_train_05076_aligned.jpg
happiness,all_test\happiness\train_train_05077_aligned.jpg
happiness,all_test\happiness\train_train_05078_aligned.jpg
happiness,all_test\happiness\train_train_05079_aligned.jpg
happiness,all_test\happiness\train_train_05080_aligned.jpg
happiness,all_test\happiness\train_train_05082_aligned.jpg
happiness,all_test\happiness\train_train_05083_aligned.jpg
happiness,all_test\happiness\train_train_05087_aligned.jpg
happiness,all_test\happiness\train_train_05088_aligned.jpg
happiness,all_test\happiness\train_train_05091_aligned.jpg
happiness,all_test\happiness\train_train_05093_aligned.jpg
happiness,all_test\happiness\train_train_05094_aligned.jpg
happiness,all_test\happiness\train_train_05095_aligned.jpg
happiness,all_test\happiness\train_train_05096_aligned.jpg
happiness,all_test\happiness\train_train_05097_aligned.jpg
happiness,all_test\happiness\train_train_05100_aligned.jpg
happiness,all_test\happiness\train_train_05103_aligned.jpg
happiness,all_test\happiness\train_train_05104_aligned.jpg
happiness,all_test\happiness\train_train_05105_aligned.jpg
happiness,all_test\happiness\train_train_05106_aligned.jpg
happiness,all_test\happiness\train_train_05107_aligned.jpg
happiness,all_test\happiness\train_train_05110_aligned.jpg
happiness,all_test\happiness\train_train_05112_aligned.jpg
happiness,all_test\happiness\train_train_05115_aligned.jpg
happiness,all_test\happiness\train_train_05117_aligned.jpg
happiness,all_test\happiness\train_train_05123_aligned.jpg
happiness,all_test\happiness\train_train_05125_aligned.jpg
happiness,all_test\happiness\train_train_05126_aligned.jpg
happiness,all_test\happiness\train_train_05128_aligned.jpg
happiness,all_test\happiness\train_train_05131_aligned.jpg
happiness,all_test\happiness\train_train_05132_aligned.jpg
happiness,all_test\happiness\train_train_05133_aligned.jpg
happiness,all_test\happiness\train_train_05134_aligned.jpg
happiness,all_test\happiness\train_train_05135_aligned.jpg
happiness,all_test\happiness\train_train_05136_aligned.jpg
happiness,all_test\happiness\train_train_05141_aligned.jpg
happiness,all_test\happiness\train_train_05142_aligned.jpg
happiness,all_test\happiness\train_train_05143_aligned.jpg
happiness,all_test\happiness\train_train_05146_aligned.jpg
happiness,all_test\happiness\train_train_05147_aligned.jpg
happiness,all_test\happiness\train_train_05152_aligned.jpg
happiness,all_test\happiness\train_train_05153_aligned.jpg
happiness,all_test\happiness\train_train_05154_aligned.jpg
happiness,all_test\happiness\train_train_05155_aligned.jpg
happiness,all_test\happiness\train_train_05156_aligned.jpg
happiness,all_test\happiness\train_train_05161_aligned.jpg
happiness,all_test\happiness\train_train_05163_aligned.jpg
happiness,all_test\happiness\train_train_05165_aligned.jpg
happiness,all_test\happiness\train_train_05166_aligned.jpg
happiness,all_test\happiness\train_train_05183_aligned.jpg
happiness,all_test\happiness\train_train_05184_aligned.jpg
happiness,all_test\happiness\train_train_05186_aligned.jpg
happiness,all_test\happiness\train_train_05187_aligned.jpg
happiness,all_test\happiness\train_train_05189_aligned.jpg
happiness,all_test\happiness\train_train_05194_aligned.jpg
happiness,all_test\happiness\train_train_05195_aligned.jpg
happiness,all_test\happiness\train_train_05198_aligned.jpg
happiness,all_test\happiness\train_train_05199_aligned.jpg
happiness,all_test\happiness\train_train_05203_aligned.jpg
happiness,all_test\happiness\train_train_05205_aligned.jpg
happiness,all_test\happiness\train_train_05207_aligned.jpg
happiness,all_test\happiness\train_train_05209_aligned.jpg
happiness,all_test\happiness\train_train_05210_aligned.jpg
happiness,all_test\happiness\train_train_05211_aligned.jpg
happiness,all_test\happiness\train_train_05214_aligned.jpg
happiness,all_test\happiness\train_train_05215_aligned.jpg
happiness,all_test\happiness\train_train_05216_aligned.jpg
happiness,all_test\happiness\train_train_05218_aligned.jpg
happiness,all_test\happiness\train_train_05221_aligned.jpg
happiness,all_test\happiness\train_train_05222_aligned.jpg
happiness,all_test\happiness\train_train_05223_aligned.jpg
happiness,all_test\happiness\train_train_05224_aligned.jpg
happiness,all_test\happiness\train_train_05229_aligned.jpg
happiness,all_test\happiness\train_train_05230_aligned.jpg
happiness,all_test\happiness\train_train_05231_aligned.jpg
happiness,all_test\happiness\train_train_05233_aligned.jpg
happiness,all_test\happiness\train_train_05235_aligned.jpg
happiness,all_test\happiness\train_train_05236_aligned.jpg
happiness,all_test\happiness\train_train_05241_aligned.jpg
happiness,all_test\happiness\train_train_05242_aligned.jpg
happiness,all_test\happiness\train_train_05243_aligned.jpg
happiness,all_test\happiness\train_train_05244_aligned.jpg
happiness,all_test\happiness\train_train_05245_aligned.jpg
happiness,all_test\happiness\train_train_05250_aligned.jpg
happiness,all_test\happiness\train_train_05251_aligned.jpg
happiness,all_test\happiness\train_train_05252_aligned.jpg
happiness,all_test\happiness\train_train_05253_aligned.jpg
happiness,all_test\happiness\train_train_05256_aligned.jpg
happiness,all_test\happiness\train_train_05257_aligned.jpg
happiness,all_test\happiness\train_train_05258_aligned.jpg
happiness,all_test\happiness\train_train_05259_aligned.jpg
happiness,all_test\happiness\train_train_05261_aligned.jpg
happiness,all_test\happiness\train_train_05263_aligned.jpg
happiness,all_test\happiness\train_train_05264_aligned.jpg
happiness,all_test\happiness\train_train_05268_aligned.jpg
happiness,all_test\happiness\train_train_05270_aligned.jpg
happiness,all_test\happiness\train_train_05271_aligned.jpg
happiness,all_test\happiness\train_train_05274_aligned.jpg
happiness,all_test\happiness\train_train_05275_aligned.jpg
happiness,all_test\happiness\train_train_05276_aligned.jpg
happiness,all_test\happiness\train_train_05278_aligned.jpg
happiness,all_test\happiness\train_train_05282_aligned.jpg
happiness,all_test\happiness\train_train_05284_aligned.jpg
happiness,all_test\happiness\train_train_05285_aligned.jpg
happiness,all_test\happiness\train_train_05286_aligned.jpg
happiness,all_test\happiness\train_train_05287_aligned.jpg
happiness,all_test\happiness\train_train_05288_aligned.jpg
happiness,all_test\happiness\train_train_05289_aligned.jpg
happiness,all_test\happiness\train_train_05290_aligned.jpg
happiness,all_test\happiness\train_train_05291_aligned.jpg
happiness,all_test\happiness\train_train_05292_aligned.jpg
happiness,all_test\happiness\train_train_05296_aligned.jpg
happiness,all_test\happiness\train_train_05302_aligned.jpg
happiness,all_test\happiness\train_train_05308_aligned.jpg
happiness,all_test\happiness\train_train_05309_aligned.jpg
happiness,all_test\happiness\train_train_05310_aligned.jpg
happiness,all_test\happiness\train_train_05311_aligned.jpg
happiness,all_test\happiness\train_train_05315_aligned.jpg
happiness,all_test\happiness\train_train_05316_aligned.jpg
happiness,all_test\happiness\train_train_05317_aligned.jpg
happiness,all_test\happiness\train_train_05319_aligned.jpg
happiness,all_test\happiness\train_train_05321_aligned.jpg
happiness,all_test\happiness\train_train_05322_aligned.jpg
happiness,all_test\happiness\train_train_05324_aligned.jpg
happiness,all_test\happiness\train_train_05325_aligned.jpg
happiness,all_test\happiness\train_train_05327_aligned.jpg
happiness,all_test\happiness\train_train_05328_aligned.jpg
happiness,all_test\happiness\train_train_05329_aligned.jpg
happiness,all_test\happiness\train_train_05333_aligned.jpg
happiness,all_test\happiness\train_train_05338_aligned.jpg
happiness,all_test\happiness\train_train_05339_aligned.jpg
happiness,all_test\happiness\train_train_05340_aligned.jpg
happiness,all_test\happiness\train_train_05341_aligned.jpg
happiness,all_test\happiness\train_train_05342_aligned.jpg
happiness,all_test\happiness\train_train_05345_aligned.jpg
happiness,all_test\happiness\train_train_05347_aligned.jpg
happiness,all_test\happiness\train_train_05350_aligned.jpg
happiness,all_test\happiness\train_train_05352_aligned.jpg
happiness,all_test\happiness\train_train_05353_aligned.jpg
happiness,all_test\happiness\train_train_05356_aligned.jpg
happiness,all_test\happiness\train_train_05357_aligned.jpg
happiness,all_test\happiness\train_train_05358_aligned.jpg
happiness,all_test\happiness\train_train_05360_aligned.jpg
happiness,all_test\happiness\train_train_05361_aligned.jpg
happiness,all_test\happiness\train_train_05367_aligned.jpg
happiness,all_test\happiness\train_train_05368_aligned.jpg
happiness,all_test\happiness\train_train_05369_aligned.jpg
happiness,all_test\happiness\train_train_05370_aligned.jpg
happiness,all_test\happiness\train_train_05371_aligned.jpg
happiness,all_test\happiness\train_train_05374_aligned.jpg
happiness,all_test\happiness\train_train_05375_aligned.jpg
happiness,all_test\happiness\train_train_05376_aligned.jpg
happiness,all_test\happiness\train_train_05377_aligned.jpg
happiness,all_test\happiness\train_train_05379_aligned.jpg
happiness,all_test\happiness\train_train_05382_aligned.jpg
happiness,all_test\happiness\train_train_05385_aligned.jpg
happiness,all_test\happiness\train_train_05386_aligned.jpg
happiness,all_test\happiness\train_train_05389_aligned.jpg
happiness,all_test\happiness\train_train_05392_aligned.jpg
happiness,all_test\happiness\train_train_05393_aligned.jpg
happiness,all_test\happiness\train_train_05394_aligned.jpg
happiness,all_test\happiness\train_train_05395_aligned.jpg
happiness,all_test\happiness\train_train_05396_aligned.jpg
happiness,all_test\happiness\train_train_05397_aligned.jpg
happiness,all_test\happiness\train_train_05400_aligned.jpg
happiness,all_test\happiness\train_train_05401_aligned.jpg
happiness,all_test\happiness\train_train_05402_aligned.jpg
happiness,all_test\happiness\train_train_05406_aligned.jpg
happiness,all_test\happiness\train_train_05408_aligned.jpg
happiness,all_test\happiness\train_train_05409_aligned.jpg
happiness,all_test\happiness\train_train_05410_aligned.jpg
happiness,all_test\happiness\train_train_05411_aligned.jpg
happiness,all_test\happiness\train_train_05413_aligned.jpg
happiness,all_test\happiness\train_train_05419_aligned.jpg
happiness,all_test\happiness\train_train_05421_aligned.jpg
happiness,all_test\happiness\train_train_05424_aligned.jpg
happiness,all_test\happiness\train_train_05429_aligned.jpg
happiness,all_test\happiness\train_train_05435_aligned.jpg
happiness,all_test\happiness\train_train_05438_aligned.jpg
happiness,all_test\happiness\train_train_05443_aligned.jpg
happiness,all_test\happiness\train_train_05445_aligned.jpg
happiness,all_test\happiness\train_train_05446_aligned.jpg
happiness,all_test\happiness\train_train_05447_aligned.jpg
happiness,all_test\happiness\train_train_05448_aligned.jpg
happiness,all_test\happiness\train_train_05449_aligned.jpg
happiness,all_test\happiness\train_train_05453_aligned.jpg
happiness,all_test\happiness\train_train_05454_aligned.jpg
happiness,all_test\happiness\train_train_05457_aligned.jpg
happiness,all_test\happiness\train_train_05460_aligned.jpg
happiness,all_test\happiness\train_train_05461_aligned.jpg
happiness,all_test\happiness\train_train_05463_aligned.jpg
happiness,all_test\happiness\train_train_05469_aligned.jpg
happiness,all_test\happiness\train_train_05470_aligned.jpg
happiness,all_test\happiness\train_train_05471_aligned.jpg
happiness,all_test\happiness\train_train_05472_aligned.jpg
happiness,all_test\happiness\train_train_05478_aligned.jpg
happiness,all_test\happiness\train_train_05479_aligned.jpg
happiness,all_test\happiness\train_train_05480_aligned.jpg
happiness,all_test\happiness\train_train_05481_aligned.jpg
happiness,all_test\happiness\train_train_05482_aligned.jpg
happiness,all_test\happiness\train_train_05483_aligned.jpg
happiness,all_test\happiness\train_train_05484_aligned.jpg
happiness,all_test\happiness\train_train_05485_aligned.jpg
happiness,all_test\happiness\train_train_05490_aligned.jpg
happiness,all_test\happiness\train_train_05491_aligned.jpg
happiness,all_test\happiness\train_train_05494_aligned.jpg
happiness,all_test\happiness\train_train_05497_aligned.jpg
happiness,all_test\happiness\train_train_05500_aligned.jpg
happiness,all_test\happiness\train_train_05502_aligned.jpg
happiness,all_test\happiness\train_train_05503_aligned.jpg
happiness,all_test\happiness\train_train_05504_aligned.jpg
happiness,all_test\happiness\train_train_05508_aligned.jpg
happiness,all_test\happiness\train_train_05510_aligned.jpg
happiness,all_test\happiness\train_train_05511_aligned.jpg
happiness,all_test\happiness\train_train_05512_aligned.jpg
happiness,all_test\happiness\train_train_05513_aligned.jpg
happiness,all_test\happiness\train_train_05514_aligned.jpg
happiness,all_test\happiness\train_train_05515_aligned.jpg
happiness,all_test\happiness\train_train_05516_aligned.jpg
happiness,all_test\happiness\train_train_05517_aligned.jpg
happiness,all_test\happiness\train_train_05518_aligned.jpg
happiness,all_test\happiness\train_train_05520_aligned.jpg
happiness,all_test\happiness\train_train_05522_aligned.jpg
happiness,all_test\happiness\train_train_05524_aligned.jpg
happiness,all_test\happiness\train_train_05525_aligned.jpg
happiness,all_test\happiness\train_train_05527_aligned.jpg
happiness,all_test\happiness\train_train_05530_aligned.jpg
happiness,all_test\happiness\train_train_05531_aligned.jpg
happiness,all_test\happiness\train_train_05533_aligned.jpg
happiness,all_test\happiness\train_train_05535_aligned.jpg
happiness,all_test\happiness\train_train_05536_aligned.jpg
happiness,all_test\happiness\train_train_05537_aligned.jpg
happiness,all_test\happiness\train_train_05538_aligned.jpg
happiness,all_test\happiness\train_train_05541_aligned.jpg
happiness,all_test\happiness\train_train_05542_aligned.jpg
happiness,all_test\happiness\train_train_05543_aligned.jpg
happiness,all_test\happiness\train_train_05544_aligned.jpg
happiness,all_test\happiness\train_train_05545_aligned.jpg
happiness,all_test\happiness\train_train_05546_aligned.jpg
happiness,all_test\happiness\train_train_05548_aligned.jpg
happiness,all_test\happiness\train_train_05550_aligned.jpg
happiness,all_test\happiness\train_train_05551_aligned.jpg
happiness,all_test\happiness\train_train_05553_aligned.jpg
happiness,all_test\happiness\train_train_05554_aligned.jpg
happiness,all_test\happiness\train_train_05556_aligned.jpg
happiness,all_test\happiness\train_train_05557_aligned.jpg
happiness,all_test\happiness\train_train_05558_aligned.jpg
happiness,all_test\happiness\train_train_05559_aligned.jpg
happiness,all_test\happiness\train_train_05560_aligned.jpg
happiness,all_test\happiness\train_train_05562_aligned.jpg
happiness,all_test\happiness\train_train_05565_aligned.jpg
happiness,all_test\happiness\train_train_05566_aligned.jpg
happiness,all_test\happiness\train_train_05567_aligned.jpg
happiness,all_test\happiness\train_train_05568_aligned.jpg
happiness,all_test\happiness\train_train_05571_aligned.jpg
happiness,all_test\happiness\train_train_05577_aligned.jpg
happiness,all_test\happiness\train_train_05578_aligned.jpg
happiness,all_test\happiness\train_train_05582_aligned.jpg
happiness,all_test\happiness\train_train_05584_aligned.jpg
happiness,all_test\happiness\train_train_05588_aligned.jpg
happiness,all_test\happiness\train_train_05596_aligned.jpg
happiness,all_test\happiness\train_train_05597_aligned.jpg
happiness,all_test\happiness\train_train_05599_aligned.jpg
happiness,all_test\happiness\train_train_05600_aligned.jpg
happiness,all_test\happiness\train_train_05601_aligned.jpg
happiness,all_test\happiness\train_train_05604_aligned.jpg
happiness,all_test\happiness\train_train_05605_aligned.jpg
happiness,all_test\happiness\train_train_05606_aligned.jpg
happiness,all_test\happiness\train_train_05607_aligned.jpg
happiness,all_test\happiness\train_train_05609_aligned.jpg
happiness,all_test\happiness\train_train_05611_aligned.jpg
happiness,all_test\happiness\train_train_05612_aligned.jpg
happiness,all_test\happiness\train_train_05613_aligned.jpg
happiness,all_test\happiness\train_train_05614_aligned.jpg
happiness,all_test\happiness\train_train_05617_aligned.jpg
happiness,all_test\happiness\train_train_05618_aligned.jpg
happiness,all_test\happiness\train_train_05622_aligned.jpg
happiness,all_test\happiness\train_train_05624_aligned.jpg
happiness,all_test\happiness\train_train_05625_aligned.jpg
happiness,all_test\happiness\train_train_05627_aligned.jpg
happiness,all_test\happiness\train_train_05628_aligned.jpg
happiness,all_test\happiness\train_train_05629_aligned.jpg
happiness,all_test\happiness\train_train_05630_aligned.jpg
happiness,all_test\happiness\train_train_05633_aligned.jpg
happiness,all_test\happiness\train_train_05634_aligned.jpg
happiness,all_test\happiness\train_train_05635_aligned.jpg
happiness,all_test\happiness\train_train_05636_aligned.jpg
happiness,all_test\happiness\train_train_05638_aligned.jpg
happiness,all_test\happiness\train_train_05639_aligned.jpg
happiness,all_test\happiness\train_train_05641_aligned.jpg
happiness,all_test\happiness\train_train_05643_aligned.jpg
happiness,all_test\happiness\train_train_05644_aligned.jpg
happiness,all_test\happiness\train_train_05645_aligned.jpg
happiness,all_test\happiness\train_train_05646_aligned.jpg
happiness,all_test\happiness\train_train_05647_aligned.jpg
happiness,all_test\happiness\train_train_05649_aligned.jpg
happiness,all_test\happiness\train_train_05650_aligned.jpg
happiness,all_test\happiness\train_train_05654_aligned.jpg
happiness,all_test\happiness\train_train_05655_aligned.jpg
happiness,all_test\happiness\train_train_05656_aligned.jpg
happiness,all_test\happiness\train_train_05660_aligned.jpg
happiness,all_test\happiness\train_train_05665_aligned.jpg
happiness,all_test\happiness\train_train_05667_aligned.jpg
happiness,all_test\happiness\train_train_05668_aligned.jpg
happiness,all_test\happiness\train_train_05669_aligned.jpg
happiness,all_test\happiness\train_train_05670_aligned.jpg
happiness,all_test\happiness\train_train_05678_aligned.jpg
happiness,all_test\happiness\train_train_05679_aligned.jpg
happiness,all_test\happiness\train_train_05681_aligned.jpg
happiness,all_test\happiness\train_train_05682_aligned.jpg
happiness,all_test\happiness\train_train_05684_aligned.jpg
happiness,all_test\happiness\train_train_05686_aligned.jpg
happiness,all_test\happiness\train_train_05687_aligned.jpg
happiness,all_test\happiness\train_train_05688_aligned.jpg
happiness,all_test\happiness\train_train_05691_aligned.jpg
happiness,all_test\happiness\train_train_05692_aligned.jpg
happiness,all_test\happiness\train_train_05693_aligned.jpg
happiness,all_test\happiness\train_train_05696_aligned.jpg
happiness,all_test\happiness\train_train_05701_aligned.jpg
happiness,all_test\happiness\train_train_05707_aligned.jpg
happiness,all_test\happiness\train_train_05711_aligned.jpg
happiness,all_test\happiness\train_train_05712_aligned.jpg
happiness,all_test\happiness\train_train_05713_aligned.jpg
happiness,all_test\happiness\train_train_05714_aligned.jpg
happiness,all_test\happiness\train_train_05716_aligned.jpg
happiness,all_test\happiness\train_train_05717_aligned.jpg
happiness,all_test\happiness\train_train_05718_aligned.jpg
happiness,all_test\happiness\train_train_05719_aligned.jpg
happiness,all_test\happiness\train_train_05720_aligned.jpg
happiness,all_test\happiness\train_train_05721_aligned.jpg
happiness,all_test\happiness\train_train_05722_aligned.jpg
happiness,all_test\happiness\train_train_05723_aligned.jpg
happiness,all_test\happiness\train_train_05724_aligned.jpg
happiness,all_test\happiness\train_train_05725_aligned.jpg
happiness,all_test\happiness\train_train_05727_aligned.jpg
happiness,all_test\happiness\train_train_05728_aligned.jpg
happiness,all_test\happiness\train_train_05729_aligned.jpg
happiness,all_test\happiness\train_train_05730_aligned.jpg
happiness,all_test\happiness\train_train_05731_aligned.jpg
happiness,all_test\happiness\train_train_05734_aligned.jpg
happiness,all_test\happiness\train_train_05736_aligned.jpg
happiness,all_test\happiness\train_train_05738_aligned.jpg
happiness,all_test\happiness\train_train_05740_aligned.jpg
happiness,all_test\happiness\train_train_05742_aligned.jpg
happiness,all_test\happiness\train_train_05751_aligned.jpg
happiness,all_test\happiness\train_train_05759_aligned.jpg
happiness,all_test\happiness\train_train_05763_aligned.jpg
happiness,all_test\happiness\train_train_05764_aligned.jpg
happiness,all_test\happiness\train_train_05767_aligned.jpg
happiness,all_test\happiness\train_train_05771_aligned.jpg
happiness,all_test\happiness\train_train_05772_aligned.jpg
happiness,all_test\happiness\train_train_05773_aligned.jpg
happiness,all_test\happiness\train_train_05774_aligned.jpg
happiness,all_test\happiness\train_train_05776_aligned.jpg
happiness,all_test\happiness\train_train_05790_aligned.jpg
happiness,all_test\happiness\train_train_05796_aligned.jpg
happiness,all_test\happiness\train_train_05799_aligned.jpg
happiness,all_test\happiness\train_train_05801_aligned.jpg
happiness,all_test\happiness\train_train_05803_aligned.jpg
happiness,all_test\happiness\train_train_05805_aligned.jpg
happiness,all_test\happiness\train_train_05806_aligned.jpg
happiness,all_test\happiness\train_train_05807_aligned.jpg
happiness,all_test\happiness\train_train_05811_aligned.jpg
happiness,all_test\happiness\train_train_05812_aligned.jpg
happiness,all_test\happiness\train_train_05813_aligned.jpg
happiness,all_test\happiness\train_train_05816_aligned.jpg
happiness,all_test\happiness\train_train_05817_aligned.jpg
happiness,all_test\happiness\train_train_05819_aligned.jpg
happiness,all_test\happiness\train_train_05825_aligned.jpg
happiness,all_test\happiness\train_train_05826_aligned.jpg
happiness,all_test\happiness\train_train_05828_aligned.jpg
happiness,all_test\happiness\train_train_05829_aligned.jpg
happiness,all_test\happiness\train_train_05831_aligned.jpg
happiness,all_test\happiness\train_train_05832_aligned.jpg
happiness,all_test\happiness\train_train_05833_aligned.jpg
happiness,all_test\happiness\train_train_05835_aligned.jpg
happiness,all_test\happiness\train_train_05837_aligned.jpg
happiness,all_test\happiness\train_train_05838_aligned.jpg
happiness,all_test\happiness\train_train_05839_aligned.jpg
happiness,all_test\happiness\train_train_05840_aligned.jpg
happiness,all_test\happiness\train_train_05845_aligned.jpg
happiness,all_test\happiness\train_train_05853_aligned.jpg
happiness,all_test\happiness\train_train_05854_aligned.jpg
happiness,all_test\happiness\train_train_05861_aligned.jpg
happiness,all_test\happiness\train_train_05862_aligned.jpg
happiness,all_test\happiness\train_train_05878_aligned.jpg
happiness,all_test\happiness\train_train_05881_aligned.jpg
happiness,all_test\happiness\train_train_05882_aligned.jpg
happiness,all_test\happiness\train_train_05888_aligned.jpg
happiness,all_test\happiness\train_train_05889_aligned.jpg
happiness,all_test\happiness\train_train_05890_aligned.jpg
happiness,all_test\happiness\train_train_05891_aligned.jpg
happiness,all_test\happiness\train_train_05892_aligned.jpg
happiness,all_test\happiness\train_train_05894_aligned.jpg
happiness,all_test\happiness\train_train_05895_aligned.jpg
happiness,all_test\happiness\train_train_05896_aligned.jpg
happiness,all_test\happiness\train_train_05907_aligned.jpg
happiness,all_test\happiness\train_train_05919_aligned.jpg
happiness,all_test\happiness\train_train_05922_aligned.jpg
happiness,all_test\happiness\train_train_05924_aligned.jpg
happiness,all_test\happiness\train_train_05925_aligned.jpg
happiness,all_test\happiness\train_train_05926_aligned.jpg
happiness,all_test\happiness\train_train_05927_aligned.jpg
happiness,all_test\happiness\train_train_05929_aligned.jpg
happiness,all_test\happiness\train_train_05931_aligned.jpg
happiness,all_test\happiness\train_train_05935_aligned.jpg
happiness,all_test\happiness\train_train_05938_aligned.jpg
happiness,all_test\happiness\train_train_05939_aligned.jpg
happiness,all_test\happiness\train_train_05942_aligned.jpg
happiness,all_test\happiness\train_train_05945_aligned.jpg
happiness,all_test\happiness\train_train_05946_aligned.jpg
happiness,all_test\happiness\train_train_05950_aligned.jpg
happiness,all_test\happiness\train_train_05951_aligned.jpg
happiness,all_test\happiness\train_train_05952_aligned.jpg
happiness,all_test\happiness\train_train_05953_aligned.jpg
happiness,all_test\happiness\train_train_05956_aligned.jpg
happiness,all_test\happiness\train_train_05957_aligned.jpg
happiness,all_test\happiness\train_train_05958_aligned.jpg
happiness,all_test\happiness\train_train_05963_aligned.jpg
happiness,all_test\happiness\train_train_05966_aligned.jpg
happiness,all_test\happiness\train_train_05967_aligned.jpg
happiness,all_test\happiness\train_train_05968_aligned.jpg
happiness,all_test\happiness\train_train_05970_aligned.jpg
happiness,all_test\happiness\train_train_05971_aligned.jpg
happiness,all_test\happiness\train_train_05975_aligned.jpg
happiness,all_test\happiness\train_train_05976_aligned.jpg
happiness,all_test\happiness\train_train_05982_aligned.jpg
happiness,all_test\happiness\train_train_05988_aligned.jpg
happiness,all_test\happiness\train_train_05989_aligned.jpg
happiness,all_test\happiness\train_train_05990_aligned.jpg
happiness,all_test\happiness\train_train_05991_aligned.jpg
happiness,all_test\happiness\train_train_05994_aligned.jpg
happiness,all_test\happiness\train_train_05997_aligned.jpg
happiness,all_test\happiness\train_train_05999_aligned.jpg
happiness,all_test\happiness\train_train_06001_aligned.jpg
happiness,all_test\happiness\train_train_06002_aligned.jpg
happiness,all_test\happiness\train_train_06007_aligned.jpg
happiness,all_test\happiness\train_train_06013_aligned.jpg
happiness,all_test\happiness\train_train_06014_aligned.jpg
happiness,all_test\happiness\train_train_06015_aligned.jpg
happiness,all_test\happiness\train_train_06016_aligned.jpg
happiness,all_test\happiness\train_train_06017_aligned.jpg
happiness,all_test\happiness\train_train_06022_aligned.jpg
happiness,all_test\happiness\train_train_06023_aligned.jpg
happiness,all_test\happiness\train_train_06024_aligned.jpg
happiness,all_test\happiness\train_train_06025_aligned.jpg
happiness,all_test\happiness\train_train_06041_aligned.jpg
happiness,all_test\happiness\train_train_06042_aligned.jpg
happiness,all_test\happiness\train_train_06043_aligned.jpg
happiness,all_test\happiness\train_train_06047_aligned.jpg
happiness,all_test\happiness\train_train_06052_aligned.jpg
happiness,all_test\happiness\train_train_06064_aligned.jpg
happiness,all_test\happiness\train_train_06065_aligned.jpg
happiness,all_test\happiness\train_train_06070_aligned.jpg
happiness,all_test\happiness\train_train_06071_aligned.jpg
happiness,all_test\happiness\train_train_06080_aligned.jpg
happiness,all_test\happiness\train_train_06081_aligned.jpg
happiness,all_test\happiness\train_train_06082_aligned.jpg
happiness,all_test\happiness\train_train_06084_aligned.jpg
happiness,all_test\happiness\train_train_06085_aligned.jpg
happiness,all_test\happiness\train_train_06087_aligned.jpg
happiness,all_test\happiness\train_train_06088_aligned.jpg
happiness,all_test\happiness\train_train_06089_aligned.jpg
happiness,all_test\happiness\train_train_06094_aligned.jpg
happiness,all_test\happiness\train_train_06095_aligned.jpg
happiness,all_test\happiness\train_train_06097_aligned.jpg
happiness,all_test\happiness\train_train_06098_aligned.jpg
happiness,all_test\happiness\train_train_06099_aligned.jpg
happiness,all_test\happiness\train_train_06101_aligned.jpg
happiness,all_test\happiness\train_train_06102_aligned.jpg
happiness,all_test\happiness\train_train_06104_aligned.jpg
happiness,all_test\happiness\train_train_06106_aligned.jpg
happiness,all_test\happiness\train_train_06108_aligned.jpg
happiness,all_test\happiness\train_train_06111_aligned.jpg
happiness,all_test\happiness\train_train_06112_aligned.jpg
happiness,all_test\happiness\train_train_06113_aligned.jpg
happiness,all_test\happiness\train_train_06116_aligned.jpg
happiness,all_test\happiness\train_train_06117_aligned.jpg
happiness,all_test\happiness\train_train_06120_aligned.jpg
happiness,all_test\happiness\train_train_06121_aligned.jpg
happiness,all_test\happiness\train_train_06124_aligned.jpg
happiness,all_test\happiness\train_train_06125_aligned.jpg
happiness,all_test\happiness\train_train_06126_aligned.jpg
happiness,all_test\happiness\train_train_06127_aligned.jpg
happiness,all_test\happiness\train_train_06128_aligned.jpg
happiness,all_test\happiness\train_train_06131_aligned.jpg
happiness,all_test\happiness\train_train_06136_aligned.jpg
happiness,all_test\happiness\train_train_06137_aligned.jpg
happiness,all_test\happiness\train_train_06141_aligned.jpg
happiness,all_test\happiness\train_train_06142_aligned.jpg
happiness,all_test\happiness\train_train_06144_aligned.jpg
happiness,all_test\happiness\train_train_06148_aligned.jpg
happiness,all_test\happiness\train_train_06150_aligned.jpg
happiness,all_test\happiness\train_train_06153_aligned.jpg
happiness,all_test\happiness\train_train_06154_aligned.jpg
happiness,all_test\happiness\train_train_06155_aligned.jpg
happiness,all_test\happiness\train_train_06156_aligned.jpg
happiness,all_test\happiness\train_train_06159_aligned.jpg
happiness,all_test\happiness\train_train_06160_aligned.jpg
happiness,all_test\happiness\train_train_06161_aligned.jpg
happiness,all_test\happiness\train_train_06163_aligned.jpg
happiness,all_test\happiness\train_train_06164_aligned.jpg
happiness,all_test\happiness\train_train_06168_aligned.jpg
happiness,all_test\happiness\train_train_06169_aligned.jpg
happiness,all_test\happiness\train_train_06172_aligned.jpg
happiness,all_test\happiness\train_train_06173_aligned.jpg
happiness,all_test\happiness\train_train_06174_aligned.jpg
happiness,all_test\happiness\train_train_06175_aligned.jpg
happiness,all_test\happiness\train_train_06176_aligned.jpg
happiness,all_test\happiness\train_train_06180_aligned.jpg
happiness,all_test\happiness\train_train_06181_aligned.jpg
happiness,all_test\happiness\train_train_06184_aligned.jpg
happiness,all_test\happiness\train_train_06186_aligned.jpg
happiness,all_test\happiness\train_train_06187_aligned.jpg
happiness,all_test\happiness\train_train_06188_aligned.jpg
happiness,all_test\happiness\train_train_06190_aligned.jpg
happiness,all_test\happiness\train_train_06192_aligned.jpg
happiness,all_test\happiness\train_train_06193_aligned.jpg
happiness,all_test\happiness\train_train_06195_aligned.jpg
happiness,all_test\happiness\train_train_06198_aligned.jpg
happiness,all_test\happiness\train_train_06199_aligned.jpg
happiness,all_test\happiness\train_train_06201_aligned.jpg
happiness,all_test\happiness\train_train_06205_aligned.jpg
happiness,all_test\happiness\train_train_06206_aligned.jpg
happiness,all_test\happiness\train_train_06207_aligned.jpg
happiness,all_test\happiness\train_train_06208_aligned.jpg
happiness,all_test\happiness\train_train_06210_aligned.jpg
happiness,all_test\happiness\train_train_06211_aligned.jpg
happiness,all_test\happiness\train_train_06213_aligned.jpg
happiness,all_test\happiness\train_train_06214_aligned.jpg
happiness,all_test\happiness\train_train_06215_aligned.jpg
happiness,all_test\happiness\train_train_06218_aligned.jpg
happiness,all_test\happiness\train_train_06222_aligned.jpg
happiness,all_test\happiness\train_train_06223_aligned.jpg
happiness,all_test\happiness\train_train_06224_aligned.jpg
happiness,all_test\happiness\train_train_06225_aligned.jpg
happiness,all_test\happiness\train_train_06226_aligned.jpg
happiness,all_test\happiness\train_train_06229_aligned.jpg
happiness,all_test\happiness\train_train_06230_aligned.jpg
happiness,all_test\happiness\train_train_06231_aligned.jpg
happiness,all_test\happiness\train_train_06232_aligned.jpg
happiness,all_test\happiness\train_train_06233_aligned.jpg
happiness,all_test\happiness\train_train_06234_aligned.jpg
happiness,all_test\happiness\train_train_06235_aligned.jpg
happiness,all_test\happiness\train_train_06237_aligned.jpg
happiness,all_test\happiness\train_train_06238_aligned.jpg
happiness,all_test\happiness\train_train_06239_aligned.jpg
happiness,all_test\happiness\train_train_06240_aligned.jpg
happiness,all_test\happiness\train_train_06241_aligned.jpg
happiness,all_test\happiness\train_train_06246_aligned.jpg
happiness,all_test\happiness\train_train_06247_aligned.jpg
happiness,all_test\happiness\train_train_06248_aligned.jpg
happiness,all_test\happiness\train_train_06249_aligned.jpg
happiness,all_test\happiness\train_train_06250_aligned.jpg
happiness,all_test\happiness\train_train_06251_aligned.jpg
happiness,all_test\happiness\train_train_06252_aligned.jpg
happiness,all_test\happiness\train_train_06253_aligned.jpg
happiness,all_test\happiness\train_train_06254_aligned.jpg
happiness,all_test\happiness\train_train_06256_aligned.jpg
happiness,all_test\happiness\train_train_06257_aligned.jpg
happiness,all_test\happiness\train_train_06258_aligned.jpg
happiness,all_test\happiness\train_train_06262_aligned.jpg
happiness,all_test\happiness\train_train_06264_aligned.jpg
happiness,all_test\happiness\train_train_06266_aligned.jpg
happiness,all_test\happiness\train_train_06268_aligned.jpg
happiness,all_test\happiness\train_train_06269_aligned.jpg
happiness,all_test\happiness\train_train_06270_aligned.jpg
happiness,all_test\happiness\train_train_06272_aligned.jpg
happiness,all_test\happiness\train_train_06274_aligned.jpg
happiness,all_test\happiness\train_train_06277_aligned.jpg
happiness,all_test\happiness\train_train_06282_aligned.jpg
happiness,all_test\happiness\train_train_06284_aligned.jpg
happiness,all_test\happiness\train_train_06285_aligned.jpg
happiness,all_test\happiness\train_train_06288_aligned.jpg
happiness,all_test\happiness\train_train_06292_aligned.jpg
happiness,all_test\happiness\train_train_06298_aligned.jpg
happiness,all_test\happiness\train_train_06299_aligned.jpg
happiness,all_test\happiness\train_train_06300_aligned.jpg
happiness,all_test\happiness\train_train_06301_aligned.jpg
happiness,all_test\happiness\train_train_06302_aligned.jpg
happiness,all_test\happiness\train_train_06306_aligned.jpg
happiness,all_test\happiness\train_train_06308_aligned.jpg
happiness,all_test\happiness\train_train_06309_aligned.jpg
happiness,all_test\happiness\train_train_06310_aligned.jpg
happiness,all_test\happiness\train_train_06311_aligned.jpg
happiness,all_test\happiness\train_train_06312_aligned.jpg
happiness,all_test\happiness\train_train_06313_aligned.jpg
happiness,all_test\happiness\train_train_06314_aligned.jpg
happiness,all_test\happiness\train_train_06316_aligned.jpg
happiness,all_test\happiness\train_train_06327_aligned.jpg
happiness,all_test\happiness\train_train_06329_aligned.jpg
happiness,all_test\happiness\train_train_06330_aligned.jpg
happiness,all_test\happiness\train_train_06331_aligned.jpg
happiness,all_test\happiness\train_train_06332_aligned.jpg
happiness,all_test\happiness\train_train_06333_aligned.jpg
happiness,all_test\happiness\train_train_06334_aligned.jpg
happiness,all_test\happiness\train_train_06337_aligned.jpg
happiness,all_test\happiness\train_train_06338_aligned.jpg
happiness,all_test\happiness\train_train_06339_aligned.jpg
happiness,all_test\happiness\train_train_06345_aligned.jpg
happiness,all_test\happiness\train_train_06346_aligned.jpg
happiness,all_test\happiness\train_train_06347_aligned.jpg
happiness,all_test\happiness\train_train_06348_aligned.jpg
happiness,all_test\happiness\train_train_06351_aligned.jpg
happiness,all_test\happiness\train_train_06352_aligned.jpg
happiness,all_test\happiness\train_train_06356_aligned.jpg
happiness,all_test\happiness\train_train_06358_aligned.jpg
happiness,all_test\happiness\train_train_06359_aligned.jpg
happiness,all_test\happiness\train_train_06360_aligned.jpg
happiness,all_test\happiness\train_train_06361_aligned.jpg
happiness,all_test\happiness\train_train_06362_aligned.jpg
happiness,all_test\happiness\train_train_06363_aligned.jpg
happiness,all_test\happiness\train_train_06364_aligned.jpg
happiness,all_test\happiness\train_train_06372_aligned.jpg
happiness,all_test\happiness\train_train_06373_aligned.jpg
happiness,all_test\happiness\train_train_06377_aligned.jpg
happiness,all_test\happiness\train_train_06378_aligned.jpg
happiness,all_test\happiness\train_train_06383_aligned.jpg
happiness,all_test\happiness\train_train_06384_aligned.jpg
happiness,all_test\happiness\train_train_06389_aligned.jpg
happiness,all_test\happiness\train_train_06390_aligned.jpg
happiness,all_test\happiness\train_train_06391_aligned.jpg
happiness,all_test\happiness\train_train_06392_aligned.jpg
happiness,all_test\happiness\train_train_06393_aligned.jpg
happiness,all_test\happiness\train_train_06394_aligned.jpg
happiness,all_test\happiness\train_train_06395_aligned.jpg
happiness,all_test\happiness\train_train_06396_aligned.jpg
happiness,all_test\happiness\train_train_06397_aligned.jpg
happiness,all_test\happiness\train_train_06398_aligned.jpg
happiness,all_test\happiness\train_train_06399_aligned.jpg
happiness,all_test\happiness\train_train_06403_aligned.jpg
happiness,all_test\happiness\train_train_06411_aligned.jpg
happiness,all_test\happiness\train_train_06415_aligned.jpg
happiness,all_test\happiness\train_train_06416_aligned.jpg
happiness,all_test\happiness\train_train_06417_aligned.jpg
happiness,all_test\happiness\train_train_06423_aligned.jpg
happiness,all_test\happiness\train_train_06425_aligned.jpg
happiness,all_test\happiness\train_train_06427_aligned.jpg
happiness,all_test\happiness\train_train_06428_aligned.jpg
happiness,all_test\happiness\train_train_06429_aligned.jpg
happiness,all_test\happiness\train_train_06430_aligned.jpg
happiness,all_test\happiness\train_train_06431_aligned.jpg
happiness,all_test\happiness\train_train_06432_aligned.jpg
happiness,all_test\happiness\train_train_06433_aligned.jpg
happiness,all_test\happiness\train_train_06434_aligned.jpg
happiness,all_test\happiness\train_train_06438_aligned.jpg
happiness,all_test\happiness\train_train_06439_aligned.jpg
happiness,all_test\happiness\train_train_06440_aligned.jpg
happiness,all_test\happiness\train_train_06441_aligned.jpg
happiness,all_test\happiness\train_train_06443_aligned.jpg
happiness,all_test\happiness\train_train_06449_aligned.jpg
happiness,all_test\happiness\train_train_06450_aligned.jpg
happiness,all_test\happiness\train_train_06451_aligned.jpg
happiness,all_test\happiness\train_train_06452_aligned.jpg
happiness,all_test\happiness\train_train_06453_aligned.jpg
happiness,all_test\happiness\train_train_06454_aligned.jpg
happiness,all_test\happiness\train_train_06455_aligned.jpg
happiness,all_test\happiness\train_train_06457_aligned.jpg
happiness,all_test\happiness\train_train_06458_aligned.jpg
happiness,all_test\happiness\train_train_06462_aligned.jpg
happiness,all_test\happiness\train_train_06463_aligned.jpg
happiness,all_test\happiness\train_train_06468_aligned.jpg
happiness,all_test\happiness\train_train_06470_aligned.jpg
happiness,all_test\happiness\train_train_06472_aligned.jpg
happiness,all_test\happiness\train_train_06473_aligned.jpg
happiness,all_test\happiness\train_train_06474_aligned.jpg
happiness,all_test\happiness\train_train_06475_aligned.jpg
happiness,all_test\happiness\train_train_06476_aligned.jpg
happiness,all_test\happiness\train_train_06477_aligned.jpg
happiness,all_test\happiness\train_train_06478_aligned.jpg
happiness,all_test\happiness\train_train_06480_aligned.jpg
happiness,all_test\happiness\train_train_06482_aligned.jpg
happiness,all_test\happiness\train_train_06490_aligned.jpg
happiness,all_test\happiness\train_train_06491_aligned.jpg
happiness,all_test\happiness\train_train_06492_aligned.jpg
happiness,all_test\happiness\train_train_06494_aligned.jpg
happiness,all_test\happiness\train_train_06498_aligned.jpg
happiness,all_test\happiness\train_train_06499_aligned.jpg
happiness,all_test\happiness\train_train_06500_aligned.jpg
happiness,all_test\happiness\train_train_06501_aligned.jpg
happiness,all_test\happiness\train_train_06502_aligned.jpg
happiness,all_test\happiness\train_train_06504_aligned.jpg
happiness,all_test\happiness\train_train_06509_aligned.jpg
happiness,all_test\happiness\train_train_06511_aligned.jpg
happiness,all_test\happiness\train_train_06512_aligned.jpg
happiness,all_test\happiness\train_train_06514_aligned.jpg
happiness,all_test\happiness\train_train_06515_aligned.jpg
happiness,all_test\happiness\train_train_06518_aligned.jpg
happiness,all_test\happiness\train_train_06525_aligned.jpg
happiness,all_test\happiness\train_train_06526_aligned.jpg
happiness,all_test\happiness\train_train_06529_aligned.jpg
happiness,all_test\happiness\train_train_06530_aligned.jpg
happiness,all_test\happiness\train_train_06531_aligned.jpg
happiness,all_test\happiness\train_train_06536_aligned.jpg
happiness,all_test\happiness\train_train_06539_aligned.jpg
happiness,all_test\happiness\train_train_06542_aligned.jpg
happiness,all_test\happiness\train_train_06543_aligned.jpg
happiness,all_test\happiness\train_train_06545_aligned.jpg
happiness,all_test\happiness\train_train_06546_aligned.jpg
happiness,all_test\happiness\train_train_06547_aligned.jpg
happiness,all_test\happiness\train_train_06548_aligned.jpg
happiness,all_test\happiness\train_train_06552_aligned.jpg
happiness,all_test\happiness\train_train_06553_aligned.jpg
happiness,all_test\happiness\train_train_06554_aligned.jpg
happiness,all_test\happiness\train_train_06557_aligned.jpg
happiness,all_test\happiness\train_train_06560_aligned.jpg
happiness,all_test\happiness\train_train_06562_aligned.jpg
happiness,all_test\happiness\train_train_06567_aligned.jpg
happiness,all_test\happiness\train_train_06572_aligned.jpg
happiness,all_test\happiness\train_train_06573_aligned.jpg
happiness,all_test\happiness\train_train_06574_aligned.jpg
happiness,all_test\happiness\train_train_06575_aligned.jpg
happiness,all_test\happiness\train_train_06576_aligned.jpg
happiness,all_test\happiness\train_train_06577_aligned.jpg
happiness,all_test\happiness\train_train_06578_aligned.jpg
happiness,all_test\happiness\train_train_06579_aligned.jpg
happiness,all_test\happiness\train_train_06582_aligned.jpg
happiness,all_test\happiness\train_train_06584_aligned.jpg
happiness,all_test\happiness\train_train_06585_aligned.jpg
happiness,all_test\happiness\train_train_06586_aligned.jpg
happiness,all_test\happiness\train_train_06589_aligned.jpg
happiness,all_test\happiness\train_train_06591_aligned.jpg
happiness,all_test\happiness\train_train_06596_aligned.jpg
happiness,all_test\happiness\train_train_06597_aligned.jpg
happiness,all_test\happiness\train_train_06599_aligned.jpg
happiness,all_test\happiness\train_train_06602_aligned.jpg
happiness,all_test\happiness\train_train_06607_aligned.jpg
happiness,all_test\happiness\train_train_06608_aligned.jpg
happiness,all_test\happiness\train_train_06609_aligned.jpg
happiness,all_test\happiness\train_train_06610_aligned.jpg
happiness,all_test\happiness\train_train_06612_aligned.jpg
happiness,all_test\happiness\train_train_06613_aligned.jpg
happiness,all_test\happiness\train_train_06614_aligned.jpg
happiness,all_test\happiness\train_train_06619_aligned.jpg
happiness,all_test\happiness\train_train_06621_aligned.jpg
happiness,all_test\happiness\train_train_06624_aligned.jpg
happiness,all_test\happiness\train_train_06625_aligned.jpg
happiness,all_test\happiness\train_train_06626_aligned.jpg
happiness,all_test\happiness\train_train_06633_aligned.jpg
happiness,all_test\happiness\train_train_06634_aligned.jpg
happiness,all_test\happiness\train_train_06635_aligned.jpg
happiness,all_test\happiness\train_train_06636_aligned.jpg
happiness,all_test\happiness\train_train_06637_aligned.jpg
happiness,all_test\happiness\train_train_06638_aligned.jpg
happiness,all_test\happiness\train_train_06642_aligned.jpg
happiness,all_test\happiness\train_train_06650_aligned.jpg
happiness,all_test\happiness\train_train_06651_aligned.jpg
happiness,all_test\happiness\train_train_06652_aligned.jpg
happiness,all_test\happiness\train_train_06657_aligned.jpg
happiness,all_test\happiness\train_train_06659_aligned.jpg
happiness,all_test\happiness\train_train_06664_aligned.jpg
happiness,all_test\happiness\train_train_06665_aligned.jpg
happiness,all_test\happiness\train_train_06667_aligned.jpg
happiness,all_test\happiness\train_train_06668_aligned.jpg
happiness,all_test\happiness\train_train_06670_aligned.jpg
happiness,all_test\happiness\train_train_06671_aligned.jpg
happiness,all_test\happiness\train_train_06673_aligned.jpg
happiness,all_test\happiness\train_train_06675_aligned.jpg
happiness,all_test\happiness\train_train_06678_aligned.jpg
happiness,all_test\happiness\train_train_06684_aligned.jpg
happiness,all_test\happiness\train_train_06687_aligned.jpg
happiness,all_test\happiness\train_train_06688_aligned.jpg
happiness,all_test\happiness\train_train_06689_aligned.jpg
happiness,all_test\happiness\train_train_06692_aligned.jpg
happiness,all_test\happiness\train_train_06696_aligned.jpg
happiness,all_test\happiness\train_train_06697_aligned.jpg
happiness,all_test\happiness\train_train_06698_aligned.jpg
happiness,all_test\happiness\train_train_06700_aligned.jpg
happiness,all_test\happiness\train_train_06706_aligned.jpg
happiness,all_test\happiness\train_train_06707_aligned.jpg
happiness,all_test\happiness\train_train_06710_aligned.jpg
happiness,all_test\happiness\train_train_06711_aligned.jpg
happiness,all_test\happiness\train_train_06723_aligned.jpg
happiness,all_test\happiness\train_train_06724_aligned.jpg
happiness,all_test\happiness\train_train_06725_aligned.jpg
happiness,all_test\happiness\train_train_06726_aligned.jpg
happiness,all_test\happiness\train_train_06737_aligned.jpg
happiness,all_test\happiness\train_train_06750_aligned.jpg
happiness,all_test\happiness\train_train_06753_aligned.jpg
happiness,all_test\happiness\train_train_06764_aligned.jpg
happiness,all_test\happiness\train_train_06765_aligned.jpg
happiness,all_test\happiness\train_train_06775_aligned.jpg
happiness,all_test\happiness\train_train_06784_aligned.jpg
happiness,all_test\happiness\train_train_06789_aligned.jpg
happiness,all_test\happiness\train_train_06790_aligned.jpg
happiness,all_test\happiness\train_train_06796_aligned.jpg
happiness,all_test\happiness\train_train_06799_aligned.jpg
happiness,all_test\happiness\train_train_06800_aligned.jpg
happiness,all_test\happiness\train_train_06801_aligned.jpg
happiness,all_test\happiness\train_train_06804_aligned.jpg
happiness,all_test\happiness\train_train_06805_aligned.jpg
happiness,all_test\happiness\train_train_06807_aligned.jpg
happiness,all_test\happiness\train_train_06812_aligned.jpg
happiness,all_test\happiness\train_train_06813_aligned.jpg
happiness,all_test\happiness\train_train_06816_aligned.jpg
happiness,all_test\happiness\train_train_06817_aligned.jpg
happiness,all_test\happiness\train_train_06820_aligned.jpg
happiness,all_test\happiness\train_train_06822_aligned.jpg
happiness,all_test\happiness\train_train_06823_aligned.jpg
happiness,all_test\happiness\train_train_06824_aligned.jpg
happiness,all_test\happiness\train_train_06825_aligned.jpg
happiness,all_test\happiness\train_train_06826_aligned.jpg
happiness,all_test\happiness\train_train_06839_aligned.jpg
happiness,all_test\happiness\train_train_06840_aligned.jpg
happiness,all_test\happiness\train_train_06841_aligned.jpg
happiness,all_test\happiness\train_train_06847_aligned.jpg
happiness,all_test\happiness\train_train_06848_aligned.jpg
happiness,all_test\happiness\train_train_06849_aligned.jpg
happiness,all_test\happiness\train_train_06850_aligned.jpg
happiness,all_test\happiness\train_train_06851_aligned.jpg
happiness,all_test\happiness\train_train_06852_aligned.jpg
happiness,all_test\happiness\train_train_06853_aligned.jpg
happiness,all_test\happiness\train_train_06856_aligned.jpg
happiness,all_test\happiness\train_train_06857_aligned.jpg
happiness,all_test\happiness\train_train_06858_aligned.jpg
happiness,all_test\happiness\train_train_06859_aligned.jpg
happiness,all_test\happiness\train_train_06860_aligned.jpg
happiness,all_test\happiness\train_train_06861_aligned.jpg
happiness,all_test\happiness\train_train_06862_aligned.jpg
happiness,all_test\happiness\train_train_06863_aligned.jpg
happiness,all_test\happiness\train_train_06864_aligned.jpg
happiness,all_test\happiness\train_train_06875_aligned.jpg
happiness,all_test\happiness\train_train_06879_aligned.jpg
happiness,all_test\happiness\train_train_06880_aligned.jpg
happiness,all_test\happiness\train_train_06883_aligned.jpg
happiness,all_test\happiness\train_train_06885_aligned.jpg
happiness,all_test\happiness\train_train_06891_aligned.jpg
happiness,all_test\happiness\train_train_06892_aligned.jpg
happiness,all_test\happiness\train_train_06897_aligned.jpg
happiness,all_test\happiness\train_train_06898_aligned.jpg
happiness,all_test\happiness\train_train_06914_aligned.jpg
happiness,all_test\happiness\train_train_06916_aligned.jpg
happiness,all_test\happiness\train_train_06917_aligned.jpg
happiness,all_test\happiness\train_train_06923_aligned.jpg
happiness,all_test\happiness\train_train_06925_aligned.jpg
happiness,all_test\happiness\train_train_06928_aligned.jpg
happiness,all_test\happiness\train_train_06946_aligned.jpg
happiness,all_test\happiness\train_train_06955_aligned.jpg
happiness,all_test\happiness\train_train_06957_aligned.jpg
happiness,all_test\happiness\train_train_06959_aligned.jpg
happiness,all_test\happiness\train_train_06960_aligned.jpg
happiness,all_test\happiness\train_train_06961_aligned.jpg
happiness,all_test\happiness\train_train_06962_aligned.jpg
happiness,all_test\happiness\train_train_06966_aligned.jpg
happiness,all_test\happiness\train_train_06975_aligned.jpg
happiness,all_test\happiness\train_train_06976_aligned.jpg
happiness,all_test\happiness\train_train_06994_aligned.jpg
happiness,all_test\happiness\train_train_06995_aligned.jpg
happiness,all_test\happiness\train_train_07009_aligned.jpg
happiness,all_test\happiness\train_train_07014_aligned.jpg
happiness,all_test\happiness\train_train_07022_aligned.jpg
happiness,all_test\happiness\train_train_07030_aligned.jpg
happiness,all_test\happiness\train_train_07036_aligned.jpg
happiness,all_test\happiness\train_train_07037_aligned.jpg
happiness,all_test\happiness\train_train_07040_aligned.jpg
happiness,all_test\happiness\train_train_07051_aligned.jpg
happiness,all_test\happiness\train_train_07052_aligned.jpg
happiness,all_test\happiness\train_train_07054_aligned.jpg
happiness,all_test\happiness\train_train_07060_aligned.jpg
happiness,all_test\happiness\train_train_07064_aligned.jpg
happiness,all_test\happiness\train_train_07065_aligned.jpg
happiness,all_test\happiness\train_train_07068_aligned.jpg
happiness,all_test\happiness\train_train_07069_aligned.jpg
happiness,all_test\happiness\train_train_07087_aligned.jpg
happiness,all_test\happiness\train_train_07091_aligned.jpg
happiness,all_test\happiness\train_train_07095_aligned.jpg
happiness,all_test\happiness\train_train_07096_aligned.jpg
happiness,all_test\happiness\train_train_07097_aligned.jpg
happiness,all_test\happiness\train_train_07099_aligned.jpg
happiness,all_test\happiness\train_train_07107_aligned.jpg
happiness,all_test\happiness\train_train_07108_aligned.jpg
happiness,all_test\happiness\train_train_07124_aligned.jpg
happiness,all_test\happiness\train_train_07125_aligned.jpg
happiness,all_test\happiness\train_train_07126_aligned.jpg
happiness,all_test\happiness\train_train_07127_aligned.jpg
happiness,all_test\happiness\train_train_07128_aligned.jpg
happiness,all_test\happiness\train_train_07129_aligned.jpg
happiness,all_test\happiness\train_train_07130_aligned.jpg
happiness,all_test\happiness\train_train_07131_aligned.jpg
happiness,all_test\happiness\train_train_07132_aligned.jpg
happiness,all_test\happiness\train_train_07133_aligned.jpg
happiness,all_test\happiness\train_train_07134_aligned.jpg
happiness,all_test\happiness\train_train_07135_aligned.jpg
happiness,all_test\happiness\train_train_07136_aligned.jpg
happiness,all_test\happiness\train_train_07139_aligned.jpg
happiness,all_test\happiness\train_train_07144_aligned.jpg
happiness,all_test\happiness\train_train_07147_aligned.jpg
happiness,all_test\happiness\train_train_07149_aligned.jpg
happiness,all_test\happiness\train_train_07150_aligned.jpg
happiness,all_test\happiness\train_train_07151_aligned.jpg
happiness,all_test\happiness\train_train_07152_aligned.jpg
happiness,all_test\happiness\train_train_07153_aligned.jpg
happiness,all_test\happiness\train_train_07154_aligned.jpg
happiness,all_test\happiness\train_train_07155_aligned.jpg
happiness,all_test\happiness\train_train_07156_aligned.jpg
happiness,all_test\happiness\train_train_07157_aligned.jpg
happiness,all_test\happiness\train_train_07162_aligned.jpg
happiness,all_test\happiness\train_train_07163_aligned.jpg
happiness,all_test\happiness\train_train_07164_aligned.jpg
happiness,all_test\happiness\train_train_07175_aligned.jpg
happiness,all_test\happiness\train_train_07184_aligned.jpg
happiness,all_test\happiness\train_train_07187_aligned.jpg
happiness,all_test\happiness\train_train_07190_aligned.jpg
happiness,all_test\happiness\train_train_07192_aligned.jpg
happiness,all_test\happiness\train_train_07193_aligned.jpg
happiness,all_test\happiness\train_train_07197_aligned.jpg
happiness,all_test\happiness\train_train_07198_aligned.jpg
happiness,all_test\happiness\train_train_07200_aligned.jpg
happiness,all_test\happiness\train_train_07201_aligned.jpg
happiness,all_test\happiness\train_train_07203_aligned.jpg
happiness,all_test\happiness\train_train_07205_aligned.jpg
happiness,all_test\happiness\train_train_07206_aligned.jpg
happiness,all_test\happiness\train_train_07207_aligned.jpg
happiness,all_test\happiness\train_train_07210_aligned.jpg
happiness,all_test\happiness\train_train_07211_aligned.jpg
happiness,all_test\happiness\train_train_07212_aligned.jpg
happiness,all_test\happiness\train_train_07213_aligned.jpg
happiness,all_test\happiness\train_train_07214_aligned.jpg
happiness,all_test\happiness\train_train_07218_aligned.jpg
happiness,all_test\happiness\train_train_07226_aligned.jpg
happiness,all_test\happiness\train_train_07227_aligned.jpg
happiness,all_test\happiness\train_train_07228_aligned.jpg
happiness,all_test\happiness\train_train_07229_aligned.jpg
happiness,all_test\happiness\train_train_07234_aligned.jpg
happiness,all_test\happiness\train_train_07235_aligned.jpg
happiness,all_test\happiness\train_train_07237_aligned.jpg
happiness,all_test\happiness\train_train_07238_aligned.jpg
happiness,all_test\happiness\train_train_07239_aligned.jpg
happiness,all_test\happiness\train_train_07243_aligned.jpg
happiness,all_test\happiness\train_train_07245_aligned.jpg
happiness,all_test\happiness\train_train_07247_aligned.jpg
happiness,all_test\happiness\train_train_07248_aligned.jpg
happiness,all_test\happiness\train_train_07253_aligned.jpg
happiness,all_test\happiness\train_train_07255_aligned.jpg
happiness,all_test\happiness\train_train_07256_aligned.jpg
happiness,all_test\happiness\train_train_07264_aligned.jpg
happiness,all_test\happiness\train_train_07267_aligned.jpg
happiness,all_test\happiness\train_train_07270_aligned.jpg
happiness,all_test\happiness\train_train_07271_aligned.jpg
happiness,all_test\happiness\train_train_07273_aligned.jpg
happiness,all_test\happiness\train_train_07276_aligned.jpg
happiness,all_test\happiness\train_train_07280_aligned.jpg
happiness,all_test\happiness\train_train_07288_aligned.jpg
happiness,all_test\happiness\train_train_07321_aligned.jpg
happiness,all_test\happiness\train_train_07322_aligned.jpg
happiness,all_test\happiness\train_train_07323_aligned.jpg
happiness,all_test\happiness\train_train_07325_aligned.jpg
happiness,all_test\happiness\train_train_07326_aligned.jpg
happiness,all_test\happiness\train_train_07328_aligned.jpg
happiness,all_test\happiness\train_train_07343_aligned.jpg
happiness,all_test\happiness\train_train_07344_aligned.jpg
happiness,all_test\happiness\train_train_07354_aligned.jpg
happiness,all_test\happiness\train_train_07359_aligned.jpg
happiness,all_test\happiness\train_train_07360_aligned.jpg
happiness,all_test\happiness\train_train_07362_aligned.jpg
happiness,all_test\happiness\train_train_07369_aligned.jpg
happiness,all_test\happiness\train_train_07377_aligned.jpg
happiness,all_test\happiness\train_train_07397_aligned.jpg
happiness,all_test\happiness\train_train_07398_aligned.jpg
happiness,all_test\happiness\train_train_07410_aligned.jpg
happiness,all_test\happiness\train_train_07411_aligned.jpg
happiness,all_test\happiness\train_train_07412_aligned.jpg
happiness,all_test\happiness\train_train_07428_aligned.jpg
happiness,all_test\happiness\train_train_07429_aligned.jpg
happiness,all_test\happiness\train_train_07431_aligned.jpg
happiness,all_test\happiness\train_train_07441_aligned.jpg
happiness,all_test\happiness\train_train_07442_aligned.jpg
happiness,all_test\happiness\train_train_07444_aligned.jpg
happiness,all_test\happiness\train_train_07447_aligned.jpg
happiness,all_test\happiness\train_train_07450_aligned.jpg
happiness,all_test\happiness\train_train_07452_aligned.jpg
happiness,all_test\happiness\train_train_07454_aligned.jpg
happiness,all_test\happiness\train_train_07455_aligned.jpg
happiness,all_test\happiness\train_train_07456_aligned.jpg
happiness,all_test\happiness\train_train_07461_aligned.jpg
happiness,all_test\happiness\train_train_07465_aligned.jpg
happiness,all_test\happiness\train_train_07467_aligned.jpg
happiness,all_test\happiness\train_train_07468_aligned.jpg
happiness,all_test\happiness\train_train_07469_aligned.jpg
happiness,all_test\happiness\train_train_07478_aligned.jpg
happiness,all_test\happiness\train_train_07480_aligned.jpg
happiness,all_test\happiness\train_train_07481_aligned.jpg
happiness,all_test\happiness\train_train_07482_aligned.jpg
happiness,all_test\happiness\train_train_07483_aligned.jpg
happiness,all_test\happiness\train_train_07484_aligned.jpg
happiness,all_test\happiness\train_train_07485_aligned.jpg
happiness,all_test\happiness\train_train_07486_aligned.jpg
happiness,all_test\happiness\train_train_07487_aligned.jpg
happiness,all_test\happiness\train_train_07488_aligned.jpg
happiness,all_test\happiness\train_train_07497_aligned.jpg
happiness,all_test\happiness\train_train_07501_aligned.jpg
happiness,all_test\happiness\train_train_07508_aligned.jpg
happiness,all_test\happiness\train_train_07511_aligned.jpg
happiness,all_test\happiness\train_train_07513_aligned.jpg
happiness,all_test\happiness\train_train_07519_aligned.jpg
happiness,all_test\happiness\train_train_07520_aligned.jpg
happiness,all_test\happiness\train_train_07521_aligned.jpg
happiness,all_test\happiness\train_train_07524_aligned.jpg
happiness,all_test\happiness\train_train_07530_aligned.jpg
happiness,all_test\happiness\train_train_07531_aligned.jpg
happiness,all_test\happiness\train_train_07532_aligned.jpg
happiness,all_test\happiness\train_train_07533_aligned.jpg
happiness,all_test\happiness\train_train_07535_aligned.jpg
happiness,all_test\happiness\train_train_07536_aligned.jpg
happiness,all_test\happiness\train_train_07537_aligned.jpg
happiness,all_test\happiness\train_train_07538_aligned.jpg
happiness,all_test\happiness\train_train_07541_aligned.jpg
happiness,all_test\happiness\train_train_07542_aligned.jpg
happiness,all_test\happiness\train_train_07544_aligned.jpg
happiness,all_test\happiness\train_train_07548_aligned.jpg
happiness,all_test\happiness\train_train_07552_aligned.jpg
happiness,all_test\happiness\train_train_07553_aligned.jpg
happiness,all_test\happiness\train_train_07557_aligned.jpg
happiness,all_test\happiness\train_train_07559_aligned.jpg
happiness,all_test\happiness\train_train_07560_aligned.jpg
happiness,all_test\happiness\train_train_07565_aligned.jpg
happiness,all_test\happiness\train_train_07566_aligned.jpg
happiness,all_test\happiness\train_train_07567_aligned.jpg
happiness,all_test\happiness\train_train_07568_aligned.jpg
happiness,all_test\happiness\train_train_07572_aligned.jpg
happiness,all_test\happiness\train_train_07573_aligned.jpg
happiness,all_test\happiness\train_train_07575_aligned.jpg
happiness,all_test\happiness\train_train_07577_aligned.jpg
happiness,all_test\happiness\train_train_07578_aligned.jpg
happiness,all_test\happiness\train_train_07579_aligned.jpg
happiness,all_test\happiness\train_train_07581_aligned.jpg
happiness,all_test\happiness\train_train_07589_aligned.jpg
happiness,all_test\happiness\train_train_07592_aligned.jpg
happiness,all_test\happiness\train_train_07593_aligned.jpg
happiness,all_test\happiness\train_train_07595_aligned.jpg
happiness,all_test\happiness\train_train_07596_aligned.jpg
happiness,all_test\happiness\train_train_07598_aligned.jpg
happiness,all_test\happiness\train_train_07599_aligned.jpg
happiness,all_test\happiness\train_train_07600_aligned.jpg
happiness,all_test\happiness\train_train_07602_aligned.jpg
happiness,all_test\happiness\train_train_07607_aligned.jpg
happiness,all_test\happiness\train_train_07608_aligned.jpg
happiness,all_test\happiness\train_train_07609_aligned.jpg
happiness,all_test\happiness\train_train_07610_aligned.jpg
happiness,all_test\happiness\train_train_07611_aligned.jpg
happiness,all_test\happiness\train_train_07612_aligned.jpg
happiness,all_test\happiness\train_train_07615_aligned.jpg
happiness,all_test\happiness\train_train_07618_aligned.jpg
happiness,all_test\happiness\train_train_07624_aligned.jpg
happiness,all_test\happiness\train_train_07625_aligned.jpg
happiness,all_test\happiness\train_train_07628_aligned.jpg
happiness,all_test\happiness\train_train_07634_aligned.jpg
happiness,all_test\happiness\train_train_07638_aligned.jpg
happiness,all_test\happiness\train_train_07641_aligned.jpg
happiness,all_test\happiness\train_train_07642_aligned.jpg
happiness,all_test\happiness\train_train_07643_aligned.jpg
happiness,all_test\happiness\train_train_07645_aligned.jpg
happiness,all_test\happiness\train_train_07647_aligned.jpg
happiness,all_test\happiness\train_train_07648_aligned.jpg
happiness,all_test\happiness\train_train_07650_aligned.jpg
happiness,all_test\happiness\train_train_07652_aligned.jpg
happiness,all_test\happiness\train_train_07653_aligned.jpg
happiness,all_test\happiness\train_train_07655_aligned.jpg
happiness,all_test\happiness\train_train_07656_aligned.jpg
happiness,all_test\happiness\train_train_07660_aligned.jpg
happiness,all_test\happiness\train_train_07662_aligned.jpg
happiness,all_test\happiness\train_train_07663_aligned.jpg
happiness,all_test\happiness\train_train_07664_aligned.jpg
happiness,all_test\happiness\train_train_07665_aligned.jpg
happiness,all_test\happiness\train_train_07666_aligned.jpg
happiness,all_test\happiness\train_train_07668_aligned.jpg
happiness,all_test\happiness\train_train_07670_aligned.jpg
happiness,all_test\happiness\train_train_07672_aligned.jpg
happiness,all_test\happiness\train_train_07674_aligned.jpg
happiness,all_test\happiness\train_train_07675_aligned.jpg
happiness,all_test\happiness\train_train_07676_aligned.jpg
happiness,all_test\happiness\train_train_07681_aligned.jpg
happiness,all_test\happiness\train_train_07685_aligned.jpg
happiness,all_test\happiness\train_train_07686_aligned.jpg
happiness,all_test\happiness\train_train_07687_aligned.jpg
happiness,all_test\happiness\train_train_07688_aligned.jpg
happiness,all_test\happiness\train_train_07689_aligned.jpg
happiness,all_test\happiness\train_train_07696_aligned.jpg
happiness,all_test\happiness\train_train_07698_aligned.jpg
happiness,all_test\happiness\train_train_07699_aligned.jpg
happiness,all_test\happiness\train_train_07700_aligned.jpg
happiness,all_test\happiness\train_train_07701_aligned.jpg
happiness,all_test\happiness\train_train_07702_aligned.jpg
happiness,all_test\happiness\train_train_07704_aligned.jpg
happiness,all_test\happiness\train_train_07705_aligned.jpg
happiness,all_test\happiness\train_train_07706_aligned.jpg
happiness,all_test\happiness\train_train_07707_aligned.jpg
happiness,all_test\happiness\train_train_07708_aligned.jpg
happiness,all_test\happiness\train_train_07709_aligned.jpg
happiness,all_test\happiness\train_train_07710_aligned.jpg
happiness,all_test\happiness\train_train_07711_aligned.jpg
happiness,all_test\happiness\train_train_07712_aligned.jpg
happiness,all_test\happiness\train_train_07714_aligned.jpg
happiness,all_test\happiness\train_train_07716_aligned.jpg
happiness,all_test\happiness\train_train_07717_aligned.jpg
happiness,all_test\happiness\train_train_07720_aligned.jpg
happiness,all_test\happiness\train_train_07721_aligned.jpg
happiness,all_test\happiness\train_train_07722_aligned.jpg
happiness,all_test\happiness\train_train_07723_aligned.jpg
happiness,all_test\happiness\train_train_07724_aligned.jpg
happiness,all_test\happiness\train_train_07728_aligned.jpg
happiness,all_test\happiness\train_train_07730_aligned.jpg
happiness,all_test\happiness\train_train_07732_aligned.jpg
happiness,all_test\happiness\train_train_07735_aligned.jpg
happiness,all_test\happiness\train_train_07737_aligned.jpg
happiness,all_test\happiness\train_train_07738_aligned.jpg
happiness,all_test\happiness\train_train_07740_aligned.jpg
happiness,all_test\happiness\train_train_07748_aligned.jpg
happiness,all_test\happiness\train_train_07749_aligned.jpg
happiness,all_test\happiness\train_train_07750_aligned.jpg
happiness,all_test\happiness\train_train_07751_aligned.jpg
happiness,all_test\happiness\train_train_07752_aligned.jpg
happiness,all_test\happiness\train_train_07755_aligned.jpg
happiness,all_test\happiness\train_train_07757_aligned.jpg
happiness,all_test\happiness\train_train_07758_aligned.jpg
happiness,all_test\happiness\train_train_07761_aligned.jpg
happiness,all_test\happiness\train_train_07762_aligned.jpg
happiness,all_test\happiness\train_train_07763_aligned.jpg
happiness,all_test\happiness\train_train_07764_aligned.jpg
happiness,all_test\happiness\train_train_07768_aligned.jpg
happiness,all_test\happiness\train_train_07771_aligned.jpg
happiness,all_test\happiness\train_train_07772_aligned.jpg
happiness,all_test\happiness\train_train_07774_aligned.jpg
happiness,all_test\happiness\train_train_07781_aligned.jpg
happiness,all_test\happiness\train_train_07782_aligned.jpg
happiness,all_test\happiness\train_train_07783_aligned.jpg
happiness,all_test\happiness\train_train_07785_aligned.jpg
happiness,all_test\happiness\train_train_07786_aligned.jpg
happiness,all_test\happiness\train_train_07790_aligned.jpg
happiness,all_test\happiness\train_train_07794_aligned.jpg
happiness,all_test\happiness\train_train_07795_aligned.jpg
happiness,all_test\happiness\train_train_07796_aligned.jpg
happiness,all_test\happiness\train_train_07797_aligned.jpg
happiness,all_test\happiness\train_train_07798_aligned.jpg
happiness,all_test\happiness\train_train_07799_aligned.jpg
happiness,all_test\happiness\train_train_07800_aligned.jpg
happiness,all_test\happiness\train_train_07802_aligned.jpg
happiness,all_test\happiness\train_train_07806_aligned.jpg
happiness,all_test\happiness\train_train_07808_aligned.jpg
happiness,all_test\happiness\train_train_07810_aligned.jpg
happiness,all_test\happiness\train_train_07812_aligned.jpg
happiness,all_test\happiness\train_train_07814_aligned.jpg
happiness,all_test\happiness\train_train_07825_aligned.jpg
happiness,all_test\happiness\train_train_07826_aligned.jpg
happiness,all_test\happiness\train_train_07827_aligned.jpg
happiness,all_test\happiness\train_train_07828_aligned.jpg
happiness,all_test\happiness\train_train_07830_aligned.jpg
happiness,all_test\happiness\train_train_07833_aligned.jpg
happiness,all_test\happiness\train_train_07834_aligned.jpg
happiness,all_test\happiness\train_train_07836_aligned.jpg
happiness,all_test\happiness\train_train_07837_aligned.jpg
happiness,all_test\happiness\train_train_07840_aligned.jpg
happiness,all_test\happiness\train_train_07841_aligned.jpg
happiness,all_test\happiness\train_train_07843_aligned.jpg
happiness,all_test\happiness\train_train_07845_aligned.jpg
happiness,all_test\happiness\train_train_07846_aligned.jpg
happiness,all_test\happiness\train_train_07847_aligned.jpg
happiness,all_test\happiness\train_train_07848_aligned.jpg
happiness,all_test\happiness\train_train_07852_aligned.jpg
happiness,all_test\happiness\train_train_07854_aligned.jpg
happiness,all_test\happiness\train_train_07855_aligned.jpg
happiness,all_test\happiness\train_train_07856_aligned.jpg
happiness,all_test\happiness\train_train_07857_aligned.jpg
happiness,all_test\happiness\train_train_07858_aligned.jpg
happiness,all_test\happiness\train_train_07859_aligned.jpg
happiness,all_test\happiness\train_train_07860_aligned.jpg
happiness,all_test\happiness\train_train_07863_aligned.jpg
happiness,all_test\happiness\train_train_07864_aligned.jpg
happiness,all_test\happiness\train_train_07865_aligned.jpg
happiness,all_test\happiness\train_train_07866_aligned.jpg
happiness,all_test\happiness\train_train_07867_aligned.jpg
happiness,all_test\happiness\train_train_07868_aligned.jpg
happiness,all_test\happiness\train_train_07869_aligned.jpg
happiness,all_test\happiness\train_train_07874_aligned.jpg
happiness,all_test\happiness\train_train_07876_aligned.jpg
happiness,all_test\happiness\train_train_07878_aligned.jpg
happiness,all_test\happiness\train_train_07879_aligned.jpg
happiness,all_test\happiness\train_train_07881_aligned.jpg
happiness,all_test\happiness\train_train_07884_aligned.jpg
happiness,all_test\happiness\train_train_07885_aligned.jpg
happiness,all_test\happiness\train_train_07887_aligned.jpg
happiness,all_test\happiness\train_train_07889_aligned.jpg
happiness,all_test\happiness\train_train_07890_aligned.jpg
happiness,all_test\happiness\train_train_07891_aligned.jpg
happiness,all_test\happiness\train_train_07892_aligned.jpg
happiness,all_test\happiness\train_train_07894_aligned.jpg
happiness,all_test\happiness\train_train_07895_aligned.jpg
happiness,all_test\happiness\train_train_07897_aligned.jpg
happiness,all_test\happiness\train_train_07900_aligned.jpg
happiness,all_test\happiness\train_train_07901_aligned.jpg
happiness,all_test\happiness\train_train_07902_aligned.jpg
happiness,all_test\happiness\train_train_07904_aligned.jpg
happiness,all_test\happiness\train_train_07905_aligned.jpg
happiness,all_test\happiness\train_train_07909_aligned.jpg
happiness,all_test\happiness\train_train_07910_aligned.jpg
happiness,all_test\happiness\train_train_07911_aligned.jpg
happiness,all_test\happiness\train_train_07912_aligned.jpg
happiness,all_test\happiness\train_train_07913_aligned.jpg
happiness,all_test\happiness\train_train_07917_aligned.jpg
happiness,all_test\happiness\train_train_07918_aligned.jpg
happiness,all_test\happiness\train_train_07919_aligned.jpg
happiness,all_test\happiness\train_train_07920_aligned.jpg
happiness,all_test\happiness\train_train_07921_aligned.jpg
happiness,all_test\happiness\train_train_07922_aligned.jpg
happiness,all_test\happiness\train_train_07923_aligned.jpg
happiness,all_test\happiness\train_train_07924_aligned.jpg
happiness,all_test\happiness\train_train_07925_aligned.jpg
happiness,all_test\happiness\train_train_07929_aligned.jpg
happiness,all_test\happiness\train_train_07932_aligned.jpg
happiness,all_test\happiness\train_train_07934_aligned.jpg
happiness,all_test\happiness\train_train_07937_aligned.jpg
happiness,all_test\happiness\train_train_07952_aligned.jpg
happiness,all_test\happiness\train_train_07953_aligned.jpg
happiness,all_test\happiness\train_train_07955_aligned.jpg
happiness,all_test\happiness\train_train_07957_aligned.jpg
happiness,all_test\happiness\train_train_07960_aligned.jpg
happiness,all_test\happiness\train_train_07964_aligned.jpg
happiness,all_test\happiness\train_train_07966_aligned.jpg
happiness,all_test\happiness\train_train_07967_aligned.jpg
happiness,all_test\happiness\train_train_07968_aligned.jpg
happiness,all_test\happiness\train_train_07979_aligned.jpg
happiness,all_test\happiness\train_train_07980_aligned.jpg
happiness,all_test\happiness\train_train_07982_aligned.jpg
happiness,all_test\happiness\train_train_07992_aligned.jpg
happiness,all_test\happiness\train_train_07993_aligned.jpg
happiness,all_test\happiness\train_train_08007_aligned.jpg
happiness,all_test\happiness\train_train_08008_aligned.jpg
happiness,all_test\happiness\train_train_08009_aligned.jpg
happiness,all_test\happiness\train_train_08010_aligned.jpg
happiness,all_test\happiness\train_train_08015_aligned.jpg
happiness,all_test\happiness\train_train_08018_aligned.jpg
happiness,all_test\happiness\train_train_08019_aligned.jpg
happiness,all_test\happiness\train_train_08025_aligned.jpg
happiness,all_test\happiness\train_train_08027_aligned.jpg
happiness,all_test\happiness\train_train_08028_aligned.jpg
happiness,all_test\happiness\train_train_08038_aligned.jpg
happiness,all_test\happiness\train_train_08040_aligned.jpg
happiness,all_test\happiness\train_train_08042_aligned.jpg
happiness,all_test\happiness\train_train_08043_aligned.jpg
happiness,all_test\happiness\train_train_08050_aligned.jpg
happiness,all_test\happiness\train_train_08058_aligned.jpg
happiness,all_test\happiness\train_train_08059_aligned.jpg
happiness,all_test\happiness\train_train_08060_aligned.jpg
happiness,all_test\happiness\train_train_08061_aligned.jpg
happiness,all_test\happiness\train_train_08064_aligned.jpg
happiness,all_test\happiness\train_train_08065_aligned.jpg
happiness,all_test\happiness\train_train_08069_aligned.jpg
happiness,all_test\happiness\train_train_08070_aligned.jpg
happiness,all_test\happiness\train_train_08071_aligned.jpg
happiness,all_test\happiness\train_train_08072_aligned.jpg
happiness,all_test\happiness\train_train_08073_aligned.jpg
happiness,all_test\happiness\train_train_08075_aligned.jpg
happiness,all_test\happiness\train_train_08076_aligned.jpg
happiness,all_test\happiness\train_train_08077_aligned.jpg
happiness,all_test\happiness\train_train_08078_aligned.jpg
happiness,all_test\happiness\train_train_08079_aligned.jpg
happiness,all_test\happiness\train_train_08080_aligned.jpg
happiness,all_test\happiness\train_train_08082_aligned.jpg
happiness,all_test\happiness\train_train_08083_aligned.jpg
happiness,all_test\happiness\train_train_08086_aligned.jpg
happiness,all_test\happiness\train_train_08089_aligned.jpg
happiness,all_test\happiness\train_train_08091_aligned.jpg
happiness,all_test\happiness\train_train_08098_aligned.jpg
happiness,all_test\happiness\train_train_08100_aligned.jpg
happiness,all_test\happiness\train_train_08106_aligned.jpg
happiness,all_test\happiness\train_train_08110_aligned.jpg
happiness,all_test\happiness\train_train_08115_aligned.jpg
happiness,all_test\happiness\train_train_08118_aligned.jpg
happiness,all_test\happiness\train_train_08119_aligned.jpg
happiness,all_test\happiness\train_train_08120_aligned.jpg
happiness,all_test\happiness\train_train_08129_aligned.jpg
happiness,all_test\happiness\train_train_08130_aligned.jpg
happiness,all_test\happiness\train_train_08133_aligned.jpg
happiness,all_test\happiness\train_train_08136_aligned.jpg
happiness,all_test\happiness\train_train_08137_aligned.jpg
happiness,all_test\happiness\train_train_08138_aligned.jpg
happiness,all_test\happiness\train_train_08139_aligned.jpg
happiness,all_test\happiness\train_train_08140_aligned.jpg
happiness,all_test\happiness\train_train_08141_aligned.jpg
happiness,all_test\happiness\train_train_08142_aligned.jpg
happiness,all_test\happiness\train_train_08144_aligned.jpg
happiness,all_test\happiness\train_train_08145_aligned.jpg
happiness,all_test\happiness\train_train_08146_aligned.jpg
happiness,all_test\happiness\train_train_08149_aligned.jpg
happiness,all_test\happiness\train_train_08150_aligned.jpg
happiness,all_test\happiness\train_train_08151_aligned.jpg
happiness,all_test\happiness\train_train_08152_aligned.jpg
happiness,all_test\happiness\train_train_08154_aligned.jpg
happiness,all_test\happiness\train_train_08155_aligned.jpg
happiness,all_test\happiness\train_train_08157_aligned.jpg
happiness,all_test\happiness\train_train_08159_aligned.jpg
happiness,all_test\happiness\train_train_08160_aligned.jpg
happiness,all_test\happiness\train_train_08162_aligned.jpg
happiness,all_test\happiness\train_train_08165_aligned.jpg
happiness,all_test\happiness\train_train_08166_aligned.jpg
happiness,all_test\happiness\train_train_08167_aligned.jpg
happiness,all_test\happiness\train_train_08169_aligned.jpg
happiness,all_test\happiness\train_train_08174_aligned.jpg
happiness,all_test\happiness\train_train_08179_aligned.jpg
happiness,all_test\happiness\train_train_08180_aligned.jpg
happiness,all_test\happiness\train_train_08182_aligned.jpg
happiness,all_test\happiness\train_train_08184_aligned.jpg
happiness,all_test\happiness\train_train_08187_aligned.jpg
happiness,all_test\happiness\train_train_08188_aligned.jpg
happiness,all_test\happiness\train_train_08190_aligned.jpg
happiness,all_test\happiness\train_train_08191_aligned.jpg
happiness,all_test\happiness\train_train_08195_aligned.jpg
happiness,all_test\happiness\train_train_08197_aligned.jpg
happiness,all_test\happiness\train_train_08201_aligned.jpg
happiness,all_test\happiness\train_train_08202_aligned.jpg
happiness,all_test\happiness\train_train_08204_aligned.jpg
happiness,all_test\happiness\train_train_08205_aligned.jpg
happiness,all_test\happiness\train_train_08206_aligned.jpg
happiness,all_test\happiness\train_train_08209_aligned.jpg
happiness,all_test\happiness\train_train_08210_aligned.jpg
happiness,all_test\happiness\train_train_08211_aligned.jpg
happiness,all_test\happiness\train_train_08213_aligned.jpg
happiness,all_test\happiness\train_train_08214_aligned.jpg
happiness,all_test\happiness\train_train_08216_aligned.jpg
happiness,all_test\happiness\train_train_08219_aligned.jpg
happiness,all_test\happiness\train_train_08220_aligned.jpg
happiness,all_test\happiness\train_train_08223_aligned.jpg
happiness,all_test\happiness\train_train_08227_aligned.jpg
happiness,all_test\happiness\train_train_08230_aligned.jpg
happiness,all_test\happiness\train_train_08231_aligned.jpg
happiness,all_test\happiness\train_train_08238_aligned.jpg
happiness,all_test\happiness\train_train_08241_aligned.jpg
happiness,all_test\happiness\train_train_08246_aligned.jpg
happiness,all_test\happiness\train_train_08254_aligned.jpg
happiness,all_test\happiness\train_train_08256_aligned.jpg
happiness,all_test\happiness\train_train_08263_aligned.jpg
happiness,all_test\happiness\train_train_08266_aligned.jpg
happiness,all_test\happiness\train_train_08272_aligned.jpg
happiness,all_test\happiness\train_train_08274_aligned.jpg
happiness,all_test\happiness\train_train_08277_aligned.jpg
happiness,all_test\happiness\train_train_08278_aligned.jpg
happiness,all_test\happiness\train_train_08282_aligned.jpg
happiness,all_test\happiness\train_train_08283_aligned.jpg
happiness,all_test\happiness\train_train_08284_aligned.jpg
happiness,all_test\happiness\train_train_08285_aligned.jpg
happiness,all_test\happiness\train_train_08286_aligned.jpg
happiness,all_test\happiness\train_train_08287_aligned.jpg
happiness,all_test\happiness\train_train_08289_aligned.jpg
happiness,all_test\happiness\train_train_08291_aligned.jpg
happiness,all_test\happiness\train_train_08292_aligned.jpg
happiness,all_test\happiness\train_train_08299_aligned.jpg
happiness,all_test\happiness\train_train_08303_aligned.jpg
happiness,all_test\happiness\train_train_08307_aligned.jpg
happiness,all_test\happiness\train_train_08316_aligned.jpg
happiness,all_test\happiness\train_train_08320_aligned.jpg
happiness,all_test\happiness\train_train_08322_aligned.jpg
happiness,all_test\happiness\train_train_08323_aligned.jpg
happiness,all_test\happiness\train_train_08324_aligned.jpg
happiness,all_test\happiness\train_train_08325_aligned.jpg
happiness,all_test\happiness\train_train_08326_aligned.jpg
happiness,all_test\happiness\train_train_08327_aligned.jpg
happiness,all_test\happiness\train_train_08328_aligned.jpg
happiness,all_test\happiness\train_train_08331_aligned.jpg
happiness,all_test\happiness\train_train_08332_aligned.jpg
happiness,all_test\happiness\train_train_08333_aligned.jpg
happiness,all_test\happiness\train_train_08334_aligned.jpg
happiness,all_test\happiness\train_train_08336_aligned.jpg
happiness,all_test\happiness\train_train_08337_aligned.jpg
happiness,all_test\happiness\train_train_08338_aligned.jpg
happiness,all_test\happiness\train_train_08339_aligned.jpg
happiness,all_test\happiness\train_train_08340_aligned.jpg
happiness,all_test\happiness\train_train_08341_aligned.jpg
happiness,all_test\happiness\train_train_08342_aligned.jpg
happiness,all_test\happiness\train_train_08343_aligned.jpg
happiness,all_test\happiness\train_train_08344_aligned.jpg
happiness,all_test\happiness\train_train_08345_aligned.jpg
happiness,all_test\happiness\train_train_08346_aligned.jpg
happiness,all_test\happiness\train_train_08347_aligned.jpg
happiness,all_test\happiness\train_train_08348_aligned.jpg
happiness,all_test\happiness\train_train_08349_aligned.jpg
happiness,all_test\happiness\train_train_08351_aligned.jpg
happiness,all_test\happiness\train_train_08352_aligned.jpg
happiness,all_test\happiness\train_train_08353_aligned.jpg
happiness,all_test\happiness\train_train_08354_aligned.jpg
happiness,all_test\happiness\train_train_08355_aligned.jpg
happiness,all_test\happiness\train_train_08356_aligned.jpg
happiness,all_test\happiness\train_train_08362_aligned.jpg
happiness,all_test\happiness\train_train_08363_aligned.jpg
happiness,all_test\happiness\train_train_08364_aligned.jpg
happiness,all_test\happiness\train_train_08365_aligned.jpg
happiness,all_test\happiness\train_train_08366_aligned.jpg
happiness,all_test\happiness\train_train_08367_aligned.jpg
happiness,all_test\happiness\train_train_08368_aligned.jpg
happiness,all_test\happiness\train_train_08370_aligned.jpg
happiness,all_test\happiness\train_train_08371_aligned.jpg
happiness,all_test\happiness\train_train_08372_aligned.jpg
happiness,all_test\happiness\train_train_08373_aligned.jpg
happiness,all_test\happiness\train_train_08376_aligned.jpg
happiness,all_test\happiness\train_train_08380_aligned.jpg
happiness,all_test\happiness\train_train_08381_aligned.jpg
happiness,all_test\happiness\train_train_08382_aligned.jpg
happiness,all_test\happiness\train_train_08383_aligned.jpg
happiness,all_test\happiness\train_train_08384_aligned.jpg
happiness,all_test\happiness\train_train_08385_aligned.jpg
happiness,all_test\happiness\train_train_08386_aligned.jpg
happiness,all_test\happiness\train_train_08387_aligned.jpg
happiness,all_test\happiness\train_train_08388_aligned.jpg
happiness,all_test\happiness\train_train_08389_aligned.jpg
happiness,all_test\happiness\train_train_08390_aligned.jpg
happiness,all_test\happiness\train_train_08391_aligned.jpg
happiness,all_test\happiness\train_train_08392_aligned.jpg
happiness,all_test\happiness\train_train_08393_aligned.jpg
happiness,all_test\happiness\train_train_08394_aligned.jpg
happiness,all_test\happiness\train_train_08395_aligned.jpg
happiness,all_test\happiness\train_train_08396_aligned.jpg
happiness,all_test\happiness\train_train_08397_aligned.jpg
happiness,all_test\happiness\train_train_08398_aligned.jpg
happiness,all_test\happiness\train_train_08401_aligned.jpg
happiness,all_test\happiness\train_train_08404_aligned.jpg
happiness,all_test\happiness\train_train_08405_aligned.jpg
happiness,all_test\happiness\train_train_08406_aligned.jpg
happiness,all_test\happiness\train_train_08407_aligned.jpg
happiness,all_test\happiness\train_train_08408_aligned.jpg
happiness,all_test\happiness\train_train_08409_aligned.jpg
happiness,all_test\happiness\train_train_08410_aligned.jpg
happiness,all_test\happiness\train_train_08411_aligned.jpg
happiness,all_test\happiness\train_train_08412_aligned.jpg
happiness,all_test\happiness\train_train_08418_aligned.jpg
happiness,all_test\happiness\train_train_08420_aligned.jpg
happiness,all_test\happiness\train_train_08423_aligned.jpg
happiness,all_test\happiness\train_train_08427_aligned.jpg
happiness,all_test\happiness\train_train_08428_aligned.jpg
happiness,all_test\happiness\train_train_08430_aligned.jpg
happiness,all_test\happiness\train_train_08431_aligned.jpg
happiness,all_test\happiness\train_train_08432_aligned.jpg
happiness,all_test\happiness\train_train_08433_aligned.jpg
happiness,all_test\happiness\train_train_08435_aligned.jpg
happiness,all_test\happiness\train_train_08439_aligned.jpg
happiness,all_test\happiness\train_train_08442_aligned.jpg
happiness,all_test\happiness\train_train_08445_aligned.jpg
happiness,all_test\happiness\train_train_08448_aligned.jpg
happiness,all_test\happiness\train_train_08449_aligned.jpg
happiness,all_test\happiness\train_train_08450_aligned.jpg
happiness,all_test\happiness\train_train_08451_aligned.jpg
happiness,all_test\happiness\train_train_08452_aligned.jpg
happiness,all_test\happiness\train_train_08455_aligned.jpg
happiness,all_test\happiness\train_train_08459_aligned.jpg
happiness,all_test\happiness\train_train_08460_aligned.jpg
happiness,all_test\happiness\train_train_08461_aligned.jpg
happiness,all_test\happiness\train_train_08476_aligned.jpg
happiness,all_test\happiness\train_train_08479_aligned.jpg
happiness,all_test\happiness\train_train_08484_aligned.jpg
happiness,all_test\happiness\train_train_08488_aligned.jpg
happiness,all_test\happiness\train_train_08490_aligned.jpg
happiness,all_test\happiness\train_train_08491_aligned.jpg
happiness,all_test\happiness\train_train_08494_aligned.jpg
happiness,all_test\happiness\train_train_08495_aligned.jpg
happiness,all_test\happiness\train_train_08505_aligned.jpg
happiness,all_test\happiness\train_train_08507_aligned.jpg
happiness,all_test\happiness\train_train_08508_aligned.jpg
happiness,all_test\happiness\train_train_08511_aligned.jpg
happiness,all_test\happiness\train_train_08515_aligned.jpg
happiness,all_test\happiness\train_train_08520_aligned.jpg
happiness,all_test\happiness\train_train_08523_aligned.jpg
happiness,all_test\happiness\train_train_08525_aligned.jpg
happiness,all_test\happiness\train_train_08530_aligned.jpg
happiness,all_test\happiness\train_train_08533_aligned.jpg
happiness,all_test\happiness\train_train_08534_aligned.jpg
happiness,all_test\happiness\train_train_08535_aligned.jpg
happiness,all_test\happiness\train_train_08536_aligned.jpg
happiness,all_test\happiness\train_train_08537_aligned.jpg
happiness,all_test\happiness\train_train_08538_aligned.jpg
happiness,all_test\happiness\train_train_08541_aligned.jpg
happiness,all_test\happiness\train_train_08542_aligned.jpg
happiness,all_test\happiness\train_train_08544_aligned.jpg
happiness,all_test\happiness\train_train_08545_aligned.jpg
happiness,all_test\happiness\train_train_08546_aligned.jpg
happiness,all_test\happiness\train_train_08547_aligned.jpg
happiness,all_test\happiness\train_train_08551_aligned.jpg
happiness,all_test\happiness\train_train_08552_aligned.jpg
happiness,all_test\happiness\train_train_08553_aligned.jpg
happiness,all_test\happiness\train_train_08554_aligned.jpg
happiness,all_test\happiness\train_train_08558_aligned.jpg
happiness,all_test\happiness\train_train_08559_aligned.jpg
happiness,all_test\happiness\train_train_08562_aligned.jpg
happiness,all_test\happiness\train_train_08563_aligned.jpg
happiness,all_test\happiness\train_train_08564_aligned.jpg
happiness,all_test\happiness\train_train_08568_aligned.jpg
happiness,all_test\happiness\train_train_08569_aligned.jpg
happiness,all_test\happiness\train_train_08570_aligned.jpg
happiness,all_test\happiness\train_train_08571_aligned.jpg
happiness,all_test\happiness\train_train_08572_aligned.jpg
happiness,all_test\happiness\train_train_08573_aligned.jpg
happiness,all_test\happiness\train_train_08574_aligned.jpg
happiness,all_test\happiness\train_train_08575_aligned.jpg
happiness,all_test\happiness\train_train_08579_aligned.jpg
happiness,all_test\happiness\train_train_08580_aligned.jpg
happiness,all_test\happiness\train_train_08581_aligned.jpg
happiness,all_test\happiness\train_train_08590_aligned.jpg
happiness,all_test\happiness\train_train_08591_aligned.jpg
happiness,all_test\happiness\train_train_08592_aligned.jpg
happiness,all_test\happiness\train_train_08593_aligned.jpg
happiness,all_test\happiness\train_train_08596_aligned.jpg
happiness,all_test\happiness\train_train_08598_aligned.jpg
happiness,all_test\happiness\train_train_08599_aligned.jpg
happiness,all_test\happiness\train_train_08600_aligned.jpg
happiness,all_test\happiness\train_train_08601_aligned.jpg
happiness,all_test\happiness\train_train_08606_aligned.jpg
happiness,all_test\happiness\train_train_08612_aligned.jpg
happiness,all_test\happiness\train_train_08613_aligned.jpg
happiness,all_test\happiness\train_train_08614_aligned.jpg
happiness,all_test\happiness\train_train_08615_aligned.jpg
happiness,all_test\happiness\train_train_08617_aligned.jpg
happiness,all_test\happiness\train_train_08619_aligned.jpg
happiness,all_test\happiness\train_train_08622_aligned.jpg
happiness,all_test\happiness\train_train_08624_aligned.jpg
happiness,all_test\happiness\train_train_08625_aligned.jpg
happiness,all_test\happiness\train_train_08627_aligned.jpg
happiness,all_test\happiness\train_train_08628_aligned.jpg
happiness,all_test\happiness\train_train_08630_aligned.jpg
happiness,all_test\happiness\train_train_08632_aligned.jpg
happiness,all_test\happiness\train_train_08633_aligned.jpg
happiness,all_test\happiness\train_train_08634_aligned.jpg
happiness,all_test\happiness\train_train_08636_aligned.jpg
happiness,all_test\happiness\train_train_08638_aligned.jpg
happiness,all_test\happiness\train_train_08639_aligned.jpg
happiness,all_test\happiness\train_train_08640_aligned.jpg
happiness,all_test\happiness\train_train_08641_aligned.jpg
happiness,all_test\happiness\train_train_08643_aligned.jpg
happiness,all_test\happiness\train_train_08644_aligned.jpg
happiness,all_test\happiness\train_train_08647_aligned.jpg
happiness,all_test\happiness\train_train_08648_aligned.jpg
happiness,all_test\happiness\train_train_08649_aligned.jpg
happiness,all_test\happiness\train_train_08650_aligned.jpg
happiness,all_test\happiness\train_train_08655_aligned.jpg
happiness,all_test\happiness\train_train_08656_aligned.jpg
happiness,all_test\happiness\train_train_08657_aligned.jpg
happiness,all_test\happiness\train_train_08659_aligned.jpg
happiness,all_test\happiness\train_train_08662_aligned.jpg
happiness,all_test\happiness\train_train_08667_aligned.jpg
happiness,all_test\happiness\train_train_08668_aligned.jpg
happiness,all_test\happiness\train_train_08669_aligned.jpg
happiness,all_test\happiness\train_train_08670_aligned.jpg
happiness,all_test\happiness\train_train_08672_aligned.jpg
happiness,all_test\happiness\train_train_08674_aligned.jpg
happiness,all_test\happiness\train_train_08676_aligned.jpg
happiness,all_test\happiness\train_train_08677_aligned.jpg
happiness,all_test\happiness\train_train_08678_aligned.jpg
happiness,all_test\happiness\train_train_08679_aligned.jpg
happiness,all_test\happiness\train_train_08680_aligned.jpg
happiness,all_test\happiness\train_train_08681_aligned.jpg
happiness,all_test\happiness\train_train_08682_aligned.jpg
happiness,all_test\happiness\train_train_08683_aligned.jpg
happiness,all_test\happiness\train_train_08684_aligned.jpg
happiness,all_test\happiness\train_train_08685_aligned.jpg
happiness,all_test\happiness\train_train_08686_aligned.jpg
happiness,all_test\happiness\train_train_08688_aligned.jpg
happiness,all_test\happiness\train_train_08689_aligned.jpg
happiness,all_test\happiness\train_train_08690_aligned.jpg
happiness,all_test\happiness\train_train_08691_aligned.jpg
happiness,all_test\happiness\train_train_08695_aligned.jpg
happiness,all_test\happiness\train_train_08696_aligned.jpg
happiness,all_test\happiness\train_train_08697_aligned.jpg
happiness,all_test\happiness\train_train_08698_aligned.jpg
happiness,all_test\happiness\train_train_08699_aligned.jpg
happiness,all_test\happiness\train_train_08701_aligned.jpg
happiness,all_test\happiness\train_train_08703_aligned.jpg
happiness,all_test\happiness\train_train_08705_aligned.jpg
happiness,all_test\happiness\train_train_08706_aligned.jpg
happiness,all_test\happiness\train_train_08707_aligned.jpg
happiness,all_test\happiness\train_train_08708_aligned.jpg
happiness,all_test\happiness\train_train_08709_aligned.jpg
happiness,all_test\happiness\train_train_08710_aligned.jpg
happiness,all_test\happiness\train_train_08711_aligned.jpg
happiness,all_test\happiness\train_train_08713_aligned.jpg
happiness,all_test\happiness\train_train_08714_aligned.jpg
happiness,all_test\happiness\train_train_08715_aligned.jpg
happiness,all_test\happiness\train_train_08716_aligned.jpg
happiness,all_test\happiness\train_train_08717_aligned.jpg
happiness,all_test\happiness\train_train_08718_aligned.jpg
happiness,all_test\happiness\train_train_08719_aligned.jpg
happiness,all_test\happiness\train_train_08720_aligned.jpg
happiness,all_test\happiness\train_train_08721_aligned.jpg
happiness,all_test\happiness\train_train_08722_aligned.jpg
happiness,all_test\happiness\train_train_08723_aligned.jpg
happiness,all_test\happiness\train_train_08726_aligned.jpg
happiness,all_test\happiness\train_train_08727_aligned.jpg
happiness,all_test\happiness\train_train_08731_aligned.jpg
happiness,all_test\happiness\train_train_08732_aligned.jpg
happiness,all_test\happiness\train_train_08738_aligned.jpg
happiness,all_test\happiness\train_train_08739_aligned.jpg
happiness,all_test\happiness\train_train_08740_aligned.jpg
happiness,all_test\happiness\train_train_08741_aligned.jpg
happiness,all_test\happiness\train_train_08742_aligned.jpg
happiness,all_test\happiness\train_train_08743_aligned.jpg
happiness,all_test\happiness\train_train_08744_aligned.jpg
happiness,all_test\happiness\train_train_08745_aligned.jpg
happiness,all_test\happiness\train_train_08746_aligned.jpg
happiness,all_test\happiness\train_train_08747_aligned.jpg
happiness,all_test\happiness\train_train_08748_aligned.jpg
happiness,all_test\happiness\train_train_08752_aligned.jpg
happiness,all_test\happiness\train_train_08755_aligned.jpg
happiness,all_test\happiness\train_train_08757_aligned.jpg
happiness,all_test\happiness\train_train_08758_aligned.jpg
happiness,all_test\happiness\train_train_08759_aligned.jpg
happiness,all_test\happiness\train_train_08762_aligned.jpg
happiness,all_test\happiness\train_train_08763_aligned.jpg
happiness,all_test\happiness\train_train_08764_aligned.jpg
happiness,all_test\happiness\train_train_08768_aligned.jpg
happiness,all_test\happiness\train_train_08769_aligned.jpg
happiness,all_test\happiness\train_train_08770_aligned.jpg
happiness,all_test\happiness\train_train_08772_aligned.jpg
happiness,all_test\happiness\train_train_08773_aligned.jpg
happiness,all_test\happiness\train_train_08779_aligned.jpg
happiness,all_test\happiness\train_train_08781_aligned.jpg
happiness,all_test\happiness\train_train_08784_aligned.jpg
happiness,all_test\happiness\train_train_08785_aligned.jpg
happiness,all_test\happiness\train_train_08786_aligned.jpg
happiness,all_test\happiness\train_train_08788_aligned.jpg
happiness,all_test\happiness\train_train_08789_aligned.jpg
happiness,all_test\happiness\train_train_08790_aligned.jpg
happiness,all_test\happiness\train_train_08791_aligned.jpg
happiness,all_test\happiness\train_train_08792_aligned.jpg
happiness,all_test\happiness\train_train_08793_aligned.jpg
happiness,all_test\happiness\train_train_08796_aligned.jpg
happiness,all_test\happiness\train_train_08798_aligned.jpg
happiness,all_test\happiness\train_train_08799_aligned.jpg
happiness,all_test\happiness\train_train_08801_aligned.jpg
happiness,all_test\happiness\train_train_08804_aligned.jpg
happiness,all_test\happiness\train_train_08806_aligned.jpg
happiness,all_test\happiness\train_train_08807_aligned.jpg
happiness,all_test\happiness\train_train_08808_aligned.jpg
happiness,all_test\happiness\train_train_08813_aligned.jpg
happiness,all_test\happiness\train_train_08814_aligned.jpg
happiness,all_test\happiness\train_train_08815_aligned.jpg
happiness,all_test\happiness\train_train_08817_aligned.jpg
happiness,all_test\happiness\train_train_08819_aligned.jpg
happiness,all_test\happiness\train_train_08820_aligned.jpg
happiness,all_test\happiness\train_train_08821_aligned.jpg
happiness,all_test\happiness\train_train_08823_aligned.jpg
happiness,all_test\happiness\train_train_08825_aligned.jpg
happiness,all_test\happiness\train_train_08827_aligned.jpg
happiness,all_test\happiness\train_train_08828_aligned.jpg
happiness,all_test\happiness\train_train_08829_aligned.jpg
happiness,all_test\happiness\train_train_08832_aligned.jpg
happiness,all_test\happiness\train_train_08833_aligned.jpg
happiness,all_test\happiness\train_train_08834_aligned.jpg
happiness,all_test\happiness\train_train_08839_aligned.jpg
happiness,all_test\happiness\train_train_08840_aligned.jpg
happiness,all_test\happiness\train_train_08841_aligned.jpg
happiness,all_test\happiness\train_train_08842_aligned.jpg
happiness,all_test\happiness\train_train_08843_aligned.jpg
happiness,all_test\happiness\train_train_08848_aligned.jpg
happiness,all_test\happiness\train_train_08850_aligned.jpg
happiness,all_test\happiness\train_train_08851_aligned.jpg
happiness,all_test\happiness\train_train_08852_aligned.jpg
happiness,all_test\happiness\train_train_08855_aligned.jpg
happiness,all_test\happiness\train_train_08857_aligned.jpg
happiness,all_test\happiness\train_train_08862_aligned.jpg
happiness,all_test\happiness\train_train_08863_aligned.jpg
happiness,all_test\happiness\train_train_08864_aligned.jpg
happiness,all_test\happiness\train_train_08865_aligned.jpg
happiness,all_test\happiness\train_train_08866_aligned.jpg
happiness,all_test\happiness\train_train_08869_aligned.jpg
happiness,all_test\happiness\train_train_08873_aligned.jpg
happiness,all_test\happiness\train_train_08875_aligned.jpg
happiness,all_test\happiness\train_train_08879_aligned.jpg
happiness,all_test\happiness\train_train_08880_aligned.jpg
happiness,all_test\happiness\train_train_08881_aligned.jpg
happiness,all_test\happiness\train_train_08882_aligned.jpg
happiness,all_test\happiness\train_train_08883_aligned.jpg
happiness,all_test\happiness\train_train_08884_aligned.jpg
happiness,all_test\happiness\train_train_08885_aligned.jpg
happiness,all_test\happiness\train_train_08886_aligned.jpg
happiness,all_test\happiness\train_train_08887_aligned.jpg
happiness,all_test\happiness\train_train_08888_aligned.jpg
happiness,all_test\happiness\train_train_08889_aligned.jpg
happiness,all_test\happiness\train_train_08890_aligned.jpg
happiness,all_test\happiness\train_train_08891_aligned.jpg
happiness,all_test\happiness\train_train_08892_aligned.jpg
happiness,all_test\happiness\train_train_08894_aligned.jpg
happiness,all_test\happiness\train_train_08895_aligned.jpg
happiness,all_test\happiness\train_train_08896_aligned.jpg
happiness,all_test\happiness\train_train_08897_aligned.jpg
happiness,all_test\happiness\train_train_08898_aligned.jpg
happiness,all_test\happiness\train_train_08899_aligned.jpg
happiness,all_test\happiness\train_train_08900_aligned.jpg
happiness,all_test\happiness\train_train_08901_aligned.jpg
happiness,all_test\happiness\train_train_08902_aligned.jpg
happiness,all_test\happiness\train_train_08904_aligned.jpg
happiness,all_test\happiness\train_train_08905_aligned.jpg
happiness,all_test\happiness\train_train_08906_aligned.jpg
happiness,all_test\happiness\train_train_08908_aligned.jpg
happiness,all_test\happiness\train_train_08909_aligned.jpg
happiness,all_test\happiness\train_train_08914_aligned.jpg
happiness,all_test\happiness\train_train_08915_aligned.jpg
happiness,all_test\happiness\train_train_08916_aligned.jpg
happiness,all_test\happiness\train_train_08919_aligned.jpg
happiness,all_test\happiness\train_train_08921_aligned.jpg
happiness,all_test\happiness\train_train_08922_aligned.jpg
happiness,all_test\happiness\train_train_08926_aligned.jpg
happiness,all_test\happiness\train_train_08929_aligned.jpg
happiness,all_test\happiness\train_train_08930_aligned.jpg
happiness,all_test\happiness\train_train_08931_aligned.jpg
happiness,all_test\happiness\train_train_08932_aligned.jpg
happiness,all_test\happiness\train_train_08933_aligned.jpg
happiness,all_test\happiness\train_train_08935_aligned.jpg
happiness,all_test\happiness\train_train_08936_aligned.jpg
happiness,all_test\happiness\train_train_08937_aligned.jpg
happiness,all_test\happiness\train_train_08938_aligned.jpg
happiness,all_test\happiness\train_train_08939_aligned.jpg
happiness,all_test\happiness\train_train_08940_aligned.jpg
happiness,all_test\happiness\train_train_08945_aligned.jpg
happiness,all_test\happiness\train_train_08946_aligned.jpg
happiness,all_test\happiness\train_train_08947_aligned.jpg
happiness,all_test\happiness\train_train_08948_aligned.jpg
happiness,all_test\happiness\train_train_08953_aligned.jpg
happiness,all_test\happiness\train_train_08954_aligned.jpg
happiness,all_test\happiness\train_train_08956_aligned.jpg
happiness,all_test\happiness\train_train_08961_aligned.jpg
happiness,all_test\happiness\train_train_08964_aligned.jpg
happiness,all_test\happiness\train_train_08966_aligned.jpg
happiness,all_test\happiness\train_train_08969_aligned.jpg
happiness,all_test\happiness\train_train_08970_aligned.jpg
happiness,all_test\happiness\train_train_08972_aligned.jpg
happiness,all_test\happiness\train_train_08973_aligned.jpg
happiness,all_test\happiness\train_train_08974_aligned.jpg
happiness,all_test\happiness\train_train_08976_aligned.jpg
happiness,all_test\happiness\train_train_08978_aligned.jpg
happiness,all_test\happiness\train_train_08980_aligned.jpg
happiness,all_test\happiness\train_train_08983_aligned.jpg
happiness,all_test\happiness\train_train_08987_aligned.jpg
happiness,all_test\happiness\train_train_08988_aligned.jpg
happiness,all_test\happiness\train_train_08990_aligned.jpg
happiness,all_test\happiness\train_train_08991_aligned.jpg
happiness,all_test\happiness\train_train_08992_aligned.jpg
happiness,all_test\happiness\train_train_08993_aligned.jpg
happiness,all_test\happiness\train_train_08994_aligned.jpg
happiness,all_test\happiness\train_train_08995_aligned.jpg
happiness,all_test\happiness\train_train_08996_aligned.jpg
happiness,all_test\happiness\train_train_08997_aligned.jpg
happiness,all_test\happiness\train_train_08998_aligned.jpg
happiness,all_test\happiness\train_train_08999_aligned.jpg
happiness,all_test\happiness\train_train_09002_aligned.jpg
happiness,all_test\happiness\train_train_09005_aligned.jpg
happiness,all_test\happiness\train_train_09006_aligned.jpg
happiness,all_test\happiness\train_train_09012_aligned.jpg
happiness,all_test\happiness\train_train_09013_aligned.jpg
happiness,all_test\happiness\train_train_09016_aligned.jpg
happiness,all_test\happiness\train_train_09017_aligned.jpg
happiness,all_test\happiness\train_train_09018_aligned.jpg
happiness,all_test\happiness\train_train_09019_aligned.jpg
happiness,all_test\happiness\train_train_09020_aligned.jpg
happiness,all_test\happiness\train_train_09021_aligned.jpg
happiness,all_test\happiness\train_train_09022_aligned.jpg
happiness,all_test\happiness\train_train_09023_aligned.jpg
happiness,all_test\happiness\train_train_09024_aligned.jpg
happiness,all_test\happiness\train_train_09025_aligned.jpg
happiness,all_test\happiness\train_train_09026_aligned.jpg
happiness,all_test\happiness\train_train_09028_aligned.jpg
happiness,all_test\happiness\train_train_09029_aligned.jpg
happiness,all_test\happiness\train_train_09030_aligned.jpg
happiness,all_test\happiness\train_train_09032_aligned.jpg
happiness,all_test\happiness\train_train_09033_aligned.jpg
happiness,all_test\happiness\train_train_09034_aligned.jpg
happiness,all_test\happiness\train_train_09035_aligned.jpg
happiness,all_test\happiness\train_train_09036_aligned.jpg
happiness,all_test\happiness\train_train_09037_aligned.jpg
happiness,all_test\happiness\train_train_09038_aligned.jpg
happiness,all_test\happiness\train_train_09039_aligned.jpg
happiness,all_test\happiness\train_train_09040_aligned.jpg
happiness,all_test\happiness\train_train_09042_aligned.jpg
happiness,all_test\happiness\train_train_09043_aligned.jpg
happiness,all_test\happiness\train_train_09044_aligned.jpg
happiness,all_test\happiness\train_train_09046_aligned.jpg
happiness,all_test\happiness\train_train_09048_aligned.jpg
happiness,all_test\happiness\train_train_09049_aligned.jpg
happiness,all_test\happiness\train_train_09052_aligned.jpg
happiness,all_test\happiness\train_train_09053_aligned.jpg
happiness,all_test\happiness\train_train_09057_aligned.jpg
happiness,all_test\happiness\train_train_09058_aligned.jpg
happiness,all_test\happiness\train_train_09061_aligned.jpg
happiness,all_test\happiness\train_train_09063_aligned.jpg
happiness,all_test\happiness\train_train_09064_aligned.jpg
happiness,all_test\happiness\train_train_09065_aligned.jpg
happiness,all_test\happiness\train_train_09066_aligned.jpg
happiness,all_test\happiness\train_train_09067_aligned.jpg
happiness,all_test\happiness\train_train_09068_aligned.jpg
happiness,all_test\happiness\train_train_09069_aligned.jpg
happiness,all_test\happiness\train_train_09070_aligned.jpg
happiness,all_test\happiness\train_train_09071_aligned.jpg
happiness,all_test\happiness\train_train_09072_aligned.jpg
happiness,all_test\happiness\train_train_09073_aligned.jpg
happiness,all_test\happiness\train_train_09076_aligned.jpg
happiness,all_test\happiness\train_train_09077_aligned.jpg
happiness,all_test\happiness\train_train_09079_aligned.jpg
happiness,all_test\happiness\train_train_09080_aligned.jpg
happiness,all_test\happiness\train_train_09081_aligned.jpg
happiness,all_test\happiness\train_train_09082_aligned.jpg
happiness,all_test\happiness\train_train_09084_aligned.jpg
happiness,all_test\happiness\train_train_09089_aligned.jpg
happiness,all_test\happiness\train_train_09090_aligned.jpg
happiness,all_test\happiness\train_train_09091_aligned.jpg
happiness,all_test\happiness\train_train_09092_aligned.jpg
happiness,all_test\happiness\train_train_09093_aligned.jpg
happiness,all_test\happiness\train_train_09094_aligned.jpg
happiness,all_test\happiness\train_train_09095_aligned.jpg
happiness,all_test\happiness\train_train_09096_aligned.jpg
happiness,all_test\happiness\train_train_09097_aligned.jpg
happiness,all_test\happiness\train_train_09099_aligned.jpg
happiness,all_test\happiness\train_train_09104_aligned.jpg
happiness,all_test\happiness\train_train_09106_aligned.jpg
happiness,all_test\happiness\train_train_09107_aligned.jpg
happiness,all_test\happiness\train_train_09110_aligned.jpg
happiness,all_test\happiness\train_train_09111_aligned.jpg
happiness,all_test\happiness\train_train_09113_aligned.jpg
happiness,all_test\happiness\train_train_09114_aligned.jpg
happiness,all_test\happiness\train_train_09116_aligned.jpg
happiness,all_test\happiness\train_train_09117_aligned.jpg
happiness,all_test\happiness\train_train_09121_aligned.jpg
happiness,all_test\happiness\train_train_09127_aligned.jpg
happiness,all_test\happiness\train_train_09128_aligned.jpg
happiness,all_test\happiness\train_train_09129_aligned.jpg
happiness,all_test\happiness\train_train_09130_aligned.jpg
happiness,all_test\happiness\train_train_09132_aligned.jpg
happiness,all_test\happiness\train_train_09134_aligned.jpg
happiness,all_test\happiness\train_train_09140_aligned.jpg
happiness,all_test\happiness\train_train_09142_aligned.jpg
happiness,all_test\happiness\train_train_09143_aligned.jpg
happiness,all_test\happiness\train_train_09144_aligned.jpg
happiness,all_test\happiness\train_train_09146_aligned.jpg
happiness,all_test\happiness\train_train_09148_aligned.jpg
happiness,all_test\happiness\train_train_09149_aligned.jpg
happiness,all_test\happiness\train_train_09150_aligned.jpg
happiness,all_test\happiness\train_train_09152_aligned.jpg
happiness,all_test\happiness\train_train_09153_aligned.jpg
happiness,all_test\happiness\train_train_09154_aligned.jpg
happiness,all_test\happiness\train_train_09157_aligned.jpg
neutral,all_test\neutral\test_test_2389_aligned.jpg
neutral,all_test\neutral\test_test_2390_aligned.jpg
neutral,all_test\neutral\test_test_2391_aligned.jpg
neutral,all_test\neutral\test_test_2392_aligned.jpg
neutral,all_test\neutral\test_test_2393_aligned.jpg
neutral,all_test\neutral\test_test_2394_aligned.jpg
neutral,all_test\neutral\test_test_2395_aligned.jpg
neutral,all_test\neutral\test_test_2396_aligned.jpg
neutral,all_test\neutral\test_test_2397_aligned.jpg
neutral,all_test\neutral\test_test_2398_aligned.jpg
neutral,all_test\neutral\test_test_2399_aligned.jpg
neutral,all_test\neutral\test_test_2400_aligned.jpg
neutral,all_test\neutral\test_test_2401_aligned.jpg
neutral,all_test\neutral\test_test_2402_aligned.jpg
neutral,all_test\neutral\test_test_2403_aligned.jpg
neutral,all_test\neutral\test_test_2404_aligned.jpg
neutral,all_test\neutral\test_test_2405_aligned.jpg
neutral,all_test\neutral\test_test_2406_aligned.jpg
neutral,all_test\neutral\test_test_2407_aligned.jpg
neutral,all_test\neutral\test_test_2408_aligned.jpg
neutral,all_test\neutral\test_test_2409_aligned.jpg
neutral,all_test\neutral\test_test_2410_aligned.jpg
neutral,all_test\neutral\test_test_2411_aligned.jpg
neutral,all_test\neutral\test_test_2412_aligned.jpg
neutral,all_test\neutral\test_test_2413_aligned.jpg
neutral,all_test\neutral\test_test_2414_aligned.jpg
neutral,all_test\neutral\test_test_2415_aligned.jpg
neutral,all_test\neutral\test_test_2416_aligned.jpg
neutral,all_test\neutral\test_test_2417_aligned.jpg
neutral,all_test\neutral\test_test_2418_aligned.jpg
neutral,all_test\neutral\test_test_2419_aligned.jpg
neutral,all_test\neutral\test_test_2420_aligned.jpg
neutral,all_test\neutral\test_test_2421_aligned.jpg
neutral,all_test\neutral\test_test_2422_aligned.jpg
neutral,all_test\neutral\test_test_2423_aligned.jpg
neutral,all_test\neutral\test_test_2424_aligned.jpg
neutral,all_test\neutral\test_test_2425_aligned.jpg
neutral,all_test\neutral\test_test_2426_aligned.jpg
neutral,all_test\neutral\test_test_2427_aligned.jpg
neutral,all_test\neutral\test_test_2428_aligned.jpg
neutral,all_test\neutral\test_test_2429_aligned.jpg
neutral,all_test\neutral\test_test_2430_aligned.jpg
neutral,all_test\neutral\test_test_2431_aligned.jpg
neutral,all_test\neutral\test_test_2432_aligned.jpg
neutral,all_test\neutral\test_test_2433_aligned.jpg
neutral,all_test\neutral\test_test_2434_aligned.jpg
neutral,all_test\neutral\test_test_2435_aligned.jpg
neutral,all_test\neutral\test_test_2436_aligned.jpg
neutral,all_test\neutral\test_test_2437_aligned.jpg
neutral,all_test\neutral\test_test_2438_aligned.jpg
neutral,all_test\neutral\test_test_2439_aligned.jpg
neutral,all_test\neutral\test_test_2440_aligned.jpg
neutral,all_test\neutral\test_test_2441_aligned.jpg
neutral,all_test\neutral\test_test_2442_aligned.jpg
neutral,all_test\neutral\test_test_2443_aligned.jpg
neutral,all_test\neutral\test_test_2444_aligned.jpg
neutral,all_test\neutral\test_test_2445_aligned.jpg
neutral,all_test\neutral\test_test_2446_aligned.jpg
neutral,all_test\neutral\test_test_2447_aligned.jpg
neutral,all_test\neutral\test_test_2448_aligned.jpg
neutral,all_test\neutral\test_test_2449_aligned.jpg
neutral,all_test\neutral\test_test_2450_aligned.jpg
neutral,all_test\neutral\test_test_2451_aligned.jpg
neutral,all_test\neutral\test_test_2452_aligned.jpg
neutral,all_test\neutral\test_test_2453_aligned.jpg
neutral,all_test\neutral\test_test_2454_aligned.jpg
neutral,all_test\neutral\test_test_2455_aligned.jpg
neutral,all_test\neutral\test_test_2456_aligned.jpg
neutral,all_test\neutral\test_test_2457_aligned.jpg
neutral,all_test\neutral\test_test_2458_aligned.jpg
neutral,all_test\neutral\test_test_2459_aligned.jpg
neutral,all_test\neutral\test_test_2460_aligned.jpg
neutral,all_test\neutral\test_test_2461_aligned.jpg
neutral,all_test\neutral\test_test_2462_aligned.jpg
neutral,all_test\neutral\test_test_2463_aligned.jpg
neutral,all_test\neutral\test_test_2464_aligned.jpg
neutral,all_test\neutral\test_test_2465_aligned.jpg
neutral,all_test\neutral\test_test_2466_aligned.jpg
neutral,all_test\neutral\test_test_2467_aligned.jpg
neutral,all_test\neutral\test_test_2468_aligned.jpg
neutral,all_test\neutral\test_test_2469_aligned.jpg
neutral,all_test\neutral\test_test_2470_aligned.jpg
neutral,all_test\neutral\test_test_2471_aligned.jpg
neutral,all_test\neutral\test_test_2472_aligned.jpg
neutral,all_test\neutral\test_test_2473_aligned.jpg
neutral,all_test\neutral\test_test_2474_aligned.jpg
neutral,all_test\neutral\test_test_2475_aligned.jpg
neutral,all_test\neutral\test_test_2476_aligned.jpg
neutral,all_test\neutral\test_test_2477_aligned.jpg
neutral,all_test\neutral\test_test_2478_aligned.jpg
neutral,all_test\neutral\test_test_2479_aligned.jpg
neutral,all_test\neutral\test_test_2480_aligned.jpg
neutral,all_test\neutral\test_test_2481_aligned.jpg
neutral,all_test\neutral\test_test_2482_aligned.jpg
neutral,all_test\neutral\test_test_2483_aligned.jpg
neutral,all_test\neutral\test_test_2484_aligned.jpg
neutral,all_test\neutral\test_test_2485_aligned.jpg
neutral,all_test\neutral\test_test_2486_aligned.jpg
neutral,all_test\neutral\test_test_2487_aligned.jpg
neutral,all_test\neutral\test_test_2488_aligned.jpg
neutral,all_test\neutral\test_test_2489_aligned.jpg
neutral,all_test\neutral\test_test_2490_aligned.jpg
neutral,all_test\neutral\test_test_2491_aligned.jpg
neutral,all_test\neutral\test_test_2492_aligned.jpg
neutral,all_test\neutral\test_test_2493_aligned.jpg
neutral,all_test\neutral\test_test_2494_aligned.jpg
neutral,all_test\neutral\test_test_2495_aligned.jpg
neutral,all_test\neutral\test_test_2496_aligned.jpg
neutral,all_test\neutral\test_test_2497_aligned.jpg
neutral,all_test\neutral\test_test_2498_aligned.jpg
neutral,all_test\neutral\test_test_2499_aligned.jpg
neutral,all_test\neutral\test_test_2500_aligned.jpg
neutral,all_test\neutral\test_test_2501_aligned.jpg
neutral,all_test\neutral\test_test_2502_aligned.jpg
neutral,all_test\neutral\test_test_2503_aligned.jpg
neutral,all_test\neutral\test_test_2504_aligned.jpg
neutral,all_test\neutral\test_test_2505_aligned.jpg
neutral,all_test\neutral\test_test_2506_aligned.jpg
neutral,all_test\neutral\test_test_2507_aligned.jpg
neutral,all_test\neutral\test_test_2508_aligned.jpg
neutral,all_test\neutral\test_test_2509_aligned.jpg
neutral,all_test\neutral\test_test_2510_aligned.jpg
neutral,all_test\neutral\test_test_2511_aligned.jpg
neutral,all_test\neutral\test_test_2512_aligned.jpg
neutral,all_test\neutral\test_test_2513_aligned.jpg
neutral,all_test\neutral\test_test_2514_aligned.jpg
neutral,all_test\neutral\test_test_2515_aligned.jpg
neutral,all_test\neutral\test_test_2516_aligned.jpg
neutral,all_test\neutral\test_test_2517_aligned.jpg
neutral,all_test\neutral\test_test_2518_aligned.jpg
neutral,all_test\neutral\test_test_2519_aligned.jpg
neutral,all_test\neutral\test_test_2520_aligned.jpg
neutral,all_test\neutral\test_test_2521_aligned.jpg
neutral,all_test\neutral\test_test_2522_aligned.jpg
neutral,all_test\neutral\test_test_2523_aligned.jpg
neutral,all_test\neutral\test_test_2524_aligned.jpg
neutral,all_test\neutral\test_test_2525_aligned.jpg
neutral,all_test\neutral\test_test_2526_aligned.jpg
neutral,all_test\neutral\test_test_2527_aligned.jpg
neutral,all_test\neutral\test_test_2528_aligned.jpg
neutral,all_test\neutral\test_test_2529_aligned.jpg
neutral,all_test\neutral\test_test_2530_aligned.jpg
neutral,all_test\neutral\test_test_2531_aligned.jpg
neutral,all_test\neutral\test_test_2532_aligned.jpg
neutral,all_test\neutral\test_test_2533_aligned.jpg
neutral,all_test\neutral\test_test_2534_aligned.jpg
neutral,all_test\neutral\test_test_2535_aligned.jpg
neutral,all_test\neutral\test_test_2536_aligned.jpg
neutral,all_test\neutral\test_test_2537_aligned.jpg
neutral,all_test\neutral\test_test_2538_aligned.jpg
neutral,all_test\neutral\test_test_2539_aligned.jpg
neutral,all_test\neutral\test_test_2540_aligned.jpg
neutral,all_test\neutral\test_test_2541_aligned.jpg
neutral,all_test\neutral\test_test_2542_aligned.jpg
neutral,all_test\neutral\test_test_2543_aligned.jpg
neutral,all_test\neutral\test_test_2544_aligned.jpg
neutral,all_test\neutral\test_test_2545_aligned.jpg
neutral,all_test\neutral\test_test_2546_aligned.jpg
neutral,all_test\neutral\test_test_2547_aligned.jpg
neutral,all_test\neutral\test_test_2548_aligned.jpg
neutral,all_test\neutral\test_test_2549_aligned.jpg
neutral,all_test\neutral\test_test_2550_aligned.jpg
neutral,all_test\neutral\test_test_2551_aligned.jpg
neutral,all_test\neutral\test_test_2552_aligned.jpg
neutral,all_test\neutral\test_test_2553_aligned.jpg
neutral,all_test\neutral\test_test_2554_aligned.jpg
neutral,all_test\neutral\test_test_2555_aligned.jpg
neutral,all_test\neutral\test_test_2556_aligned.jpg
neutral,all_test\neutral\test_test_2557_aligned.jpg
neutral,all_test\neutral\test_test_2558_aligned.jpg
neutral,all_test\neutral\test_test_2559_aligned.jpg
neutral,all_test\neutral\test_test_2560_aligned.jpg
neutral,all_test\neutral\test_test_2561_aligned.jpg
neutral,all_test\neutral\test_test_2562_aligned.jpg
neutral,all_test\neutral\test_test_2563_aligned.jpg
neutral,all_test\neutral\test_test_2564_aligned.jpg
neutral,all_test\neutral\test_test_2565_aligned.jpg
neutral,all_test\neutral\test_test_2566_aligned.jpg
neutral,all_test\neutral\test_test_2567_aligned.jpg
neutral,all_test\neutral\test_test_2568_aligned.jpg
neutral,all_test\neutral\test_test_2569_aligned.jpg
neutral,all_test\neutral\test_test_2570_aligned.jpg
neutral,all_test\neutral\test_test_2571_aligned.jpg
neutral,all_test\neutral\test_test_2572_aligned.jpg
neutral,all_test\neutral\test_test_2573_aligned.jpg
neutral,all_test\neutral\test_test_2574_aligned.jpg
neutral,all_test\neutral\test_test_2575_aligned.jpg
neutral,all_test\neutral\test_test_2576_aligned.jpg
neutral,all_test\neutral\test_test_2577_aligned.jpg
neutral,all_test\neutral\test_test_2578_aligned.jpg
neutral,all_test\neutral\test_test_2579_aligned.jpg
neutral,all_test\neutral\test_test_2580_aligned.jpg
neutral,all_test\neutral\test_test_2581_aligned.jpg
neutral,all_test\neutral\test_test_2582_aligned.jpg
neutral,all_test\neutral\test_test_2583_aligned.jpg
neutral,all_test\neutral\test_test_2584_aligned.jpg
neutral,all_test\neutral\test_test_2585_aligned.jpg
neutral,all_test\neutral\test_test_2586_aligned.jpg
neutral,all_test\neutral\test_test_2587_aligned.jpg
neutral,all_test\neutral\test_test_2588_aligned.jpg
neutral,all_test\neutral\test_test_2589_aligned.jpg
neutral,all_test\neutral\test_test_2590_aligned.jpg
neutral,all_test\neutral\test_test_2591_aligned.jpg
neutral,all_test\neutral\test_test_2592_aligned.jpg
neutral,all_test\neutral\test_test_2593_aligned.jpg
neutral,all_test\neutral\test_test_2594_aligned.jpg
neutral,all_test\neutral\test_test_2595_aligned.jpg
neutral,all_test\neutral\test_test_2596_aligned.jpg
neutral,all_test\neutral\test_test_2597_aligned.jpg
neutral,all_test\neutral\test_test_2598_aligned.jpg
neutral,all_test\neutral\test_test_2599_aligned.jpg
neutral,all_test\neutral\test_test_2600_aligned.jpg
neutral,all_test\neutral\test_test_2601_aligned.jpg
neutral,all_test\neutral\test_test_2602_aligned.jpg
neutral,all_test\neutral\test_test_2603_aligned.jpg
neutral,all_test\neutral\test_test_2604_aligned.jpg
neutral,all_test\neutral\test_test_2605_aligned.jpg
neutral,all_test\neutral\test_test_2606_aligned.jpg
neutral,all_test\neutral\test_test_2607_aligned.jpg
neutral,all_test\neutral\test_test_2608_aligned.jpg
neutral,all_test\neutral\test_test_2609_aligned.jpg
neutral,all_test\neutral\test_test_2610_aligned.jpg
neutral,all_test\neutral\test_test_2611_aligned.jpg
neutral,all_test\neutral\test_test_2612_aligned.jpg
neutral,all_test\neutral\test_test_2613_aligned.jpg
neutral,all_test\neutral\test_test_2614_aligned.jpg
neutral,all_test\neutral\test_test_2615_aligned.jpg
neutral,all_test\neutral\test_test_2616_aligned.jpg
neutral,all_test\neutral\test_test_2617_aligned.jpg
neutral,all_test\neutral\test_test_2618_aligned.jpg
neutral,all_test\neutral\test_test_2619_aligned.jpg
neutral,all_test\neutral\test_test_2620_aligned.jpg
neutral,all_test\neutral\test_test_2621_aligned.jpg
neutral,all_test\neutral\test_test_2622_aligned.jpg
neutral,all_test\neutral\test_test_2623_aligned.jpg
neutral,all_test\neutral\test_test_2624_aligned.jpg
neutral,all_test\neutral\test_test_2625_aligned.jpg
neutral,all_test\neutral\test_test_2626_aligned.jpg
neutral,all_test\neutral\test_test_2627_aligned.jpg
neutral,all_test\neutral\test_test_2628_aligned.jpg
neutral,all_test\neutral\test_test_2629_aligned.jpg
neutral,all_test\neutral\test_test_2630_aligned.jpg
neutral,all_test\neutral\test_test_2631_aligned.jpg
neutral,all_test\neutral\test_test_2632_aligned.jpg
neutral,all_test\neutral\test_test_2633_aligned.jpg
neutral,all_test\neutral\test_test_2634_aligned.jpg
neutral,all_test\neutral\test_test_2635_aligned.jpg
neutral,all_test\neutral\test_test_2636_aligned.jpg
neutral,all_test\neutral\test_test_2637_aligned.jpg
neutral,all_test\neutral\test_test_2638_aligned.jpg
neutral,all_test\neutral\test_test_2639_aligned.jpg
neutral,all_test\neutral\test_test_2640_aligned.jpg
neutral,all_test\neutral\test_test_2641_aligned.jpg
neutral,all_test\neutral\test_test_2642_aligned.jpg
neutral,all_test\neutral\test_test_2643_aligned.jpg
neutral,all_test\neutral\test_test_2644_aligned.jpg
neutral,all_test\neutral\test_test_2645_aligned.jpg
neutral,all_test\neutral\test_test_2646_aligned.jpg
neutral,all_test\neutral\test_test_2647_aligned.jpg
neutral,all_test\neutral\test_test_2648_aligned.jpg
neutral,all_test\neutral\test_test_2649_aligned.jpg
neutral,all_test\neutral\test_test_2650_aligned.jpg
neutral,all_test\neutral\test_test_2651_aligned.jpg
neutral,all_test\neutral\test_test_2652_aligned.jpg
neutral,all_test\neutral\test_test_2653_aligned.jpg
neutral,all_test\neutral\test_test_2654_aligned.jpg
neutral,all_test\neutral\test_test_2655_aligned.jpg
neutral,all_test\neutral\test_test_2656_aligned.jpg
neutral,all_test\neutral\test_test_2657_aligned.jpg
neutral,all_test\neutral\test_test_2658_aligned.jpg
neutral,all_test\neutral\test_test_2659_aligned.jpg
neutral,all_test\neutral\test_test_2660_aligned.jpg
neutral,all_test\neutral\test_test_2661_aligned.jpg
neutral,all_test\neutral\test_test_2662_aligned.jpg
neutral,all_test\neutral\test_test_2663_aligned.jpg
neutral,all_test\neutral\test_test_2664_aligned.jpg
neutral,all_test\neutral\test_test_2665_aligned.jpg
neutral,all_test\neutral\test_test_2666_aligned.jpg
neutral,all_test\neutral\test_test_2667_aligned.jpg
neutral,all_test\neutral\test_test_2668_aligned.jpg
neutral,all_test\neutral\test_test_2669_aligned.jpg
neutral,all_test\neutral\test_test_2670_aligned.jpg
neutral,all_test\neutral\test_test_2671_aligned.jpg
neutral,all_test\neutral\test_test_2672_aligned.jpg
neutral,all_test\neutral\test_test_2673_aligned.jpg
neutral,all_test\neutral\test_test_2674_aligned.jpg
neutral,all_test\neutral\test_test_2675_aligned.jpg
neutral,all_test\neutral\test_test_2676_aligned.jpg
neutral,all_test\neutral\test_test_2677_aligned.jpg
neutral,all_test\neutral\test_test_2678_aligned.jpg
neutral,all_test\neutral\test_test_2679_aligned.jpg
neutral,all_test\neutral\test_test_2680_aligned.jpg
neutral,all_test\neutral\test_test_2681_aligned.jpg
neutral,all_test\neutral\test_test_2682_aligned.jpg
neutral,all_test\neutral\test_test_2683_aligned.jpg
neutral,all_test\neutral\test_test_2684_aligned.jpg
neutral,all_test\neutral\test_test_2685_aligned.jpg
neutral,all_test\neutral\test_test_2686_aligned.jpg
neutral,all_test\neutral\test_test_2687_aligned.jpg
neutral,all_test\neutral\test_test_2688_aligned.jpg
neutral,all_test\neutral\test_test_2689_aligned.jpg
neutral,all_test\neutral\test_test_2690_aligned.jpg
neutral,all_test\neutral\test_test_2691_aligned.jpg
neutral,all_test\neutral\test_test_2692_aligned.jpg
neutral,all_test\neutral\test_test_2693_aligned.jpg
neutral,all_test\neutral\test_test_2694_aligned.jpg
neutral,all_test\neutral\test_test_2695_aligned.jpg
neutral,all_test\neutral\test_test_2696_aligned.jpg
neutral,all_test\neutral\test_test_2697_aligned.jpg
neutral,all_test\neutral\test_test_2698_aligned.jpg
neutral,all_test\neutral\test_test_2699_aligned.jpg
neutral,all_test\neutral\test_test_2700_aligned.jpg
neutral,all_test\neutral\test_test_2701_aligned.jpg
neutral,all_test\neutral\test_test_2702_aligned.jpg
neutral,all_test\neutral\test_test_2703_aligned.jpg
neutral,all_test\neutral\test_test_2704_aligned.jpg
neutral,all_test\neutral\test_test_2705_aligned.jpg
neutral,all_test\neutral\test_test_2706_aligned.jpg
neutral,all_test\neutral\test_test_2707_aligned.jpg
neutral,all_test\neutral\test_test_2708_aligned.jpg
neutral,all_test\neutral\test_test_2709_aligned.jpg
neutral,all_test\neutral\test_test_2710_aligned.jpg
neutral,all_test\neutral\test_test_2711_aligned.jpg
neutral,all_test\neutral\test_test_2712_aligned.jpg
neutral,all_test\neutral\test_test_2713_aligned.jpg
neutral,all_test\neutral\test_test_2714_aligned.jpg
neutral,all_test\neutral\test_test_2715_aligned.jpg
neutral,all_test\neutral\test_test_2716_aligned.jpg
neutral,all_test\neutral\test_test_2717_aligned.jpg
neutral,all_test\neutral\test_test_2718_aligned.jpg
neutral,all_test\neutral\test_test_2719_aligned.jpg
neutral,all_test\neutral\test_test_2720_aligned.jpg
neutral,all_test\neutral\test_test_2721_aligned.jpg
neutral,all_test\neutral\test_test_2722_aligned.jpg
neutral,all_test\neutral\test_test_2723_aligned.jpg
neutral,all_test\neutral\test_test_2724_aligned.jpg
neutral,all_test\neutral\test_test_2725_aligned.jpg
neutral,all_test\neutral\test_test_2726_aligned.jpg
neutral,all_test\neutral\test_test_2727_aligned.jpg
neutral,all_test\neutral\test_test_2728_aligned.jpg
neutral,all_test\neutral\test_test_2729_aligned.jpg
neutral,all_test\neutral\test_test_2730_aligned.jpg
neutral,all_test\neutral\test_test_2731_aligned.jpg
neutral,all_test\neutral\test_test_2732_aligned.jpg
neutral,all_test\neutral\test_test_2733_aligned.jpg
neutral,all_test\neutral\test_test_2734_aligned.jpg
neutral,all_test\neutral\test_test_2735_aligned.jpg
neutral,all_test\neutral\test_test_2736_aligned.jpg
neutral,all_test\neutral\test_test_2737_aligned.jpg
neutral,all_test\neutral\test_test_2738_aligned.jpg
neutral,all_test\neutral\test_test_2739_aligned.jpg
neutral,all_test\neutral\test_test_2740_aligned.jpg
neutral,all_test\neutral\test_test_2741_aligned.jpg
neutral,all_test\neutral\test_test_2742_aligned.jpg
neutral,all_test\neutral\test_test_2743_aligned.jpg
neutral,all_test\neutral\test_test_2744_aligned.jpg
neutral,all_test\neutral\test_test_2745_aligned.jpg
neutral,all_test\neutral\test_test_2746_aligned.jpg
neutral,all_test\neutral\test_test_2747_aligned.jpg
neutral,all_test\neutral\test_test_2748_aligned.jpg
neutral,all_test\neutral\test_test_2749_aligned.jpg
neutral,all_test\neutral\test_test_2750_aligned.jpg
neutral,all_test\neutral\test_test_2751_aligned.jpg
neutral,all_test\neutral\test_test_2752_aligned.jpg
neutral,all_test\neutral\test_test_2753_aligned.jpg
neutral,all_test\neutral\test_test_2754_aligned.jpg
neutral,all_test\neutral\test_test_2755_aligned.jpg
neutral,all_test\neutral\test_test_2756_aligned.jpg
neutral,all_test\neutral\test_test_2757_aligned.jpg
neutral,all_test\neutral\test_test_2758_aligned.jpg
neutral,all_test\neutral\test_test_2759_aligned.jpg
neutral,all_test\neutral\test_test_2760_aligned.jpg
neutral,all_test\neutral\test_test_2761_aligned.jpg
neutral,all_test\neutral\test_test_2762_aligned.jpg
neutral,all_test\neutral\test_test_2763_aligned.jpg
neutral,all_test\neutral\test_test_2764_aligned.jpg
neutral,all_test\neutral\test_test_2765_aligned.jpg
neutral,all_test\neutral\test_test_2766_aligned.jpg
neutral,all_test\neutral\test_test_2767_aligned.jpg
neutral,all_test\neutral\test_test_2768_aligned.jpg
neutral,all_test\neutral\test_test_2769_aligned.jpg
neutral,all_test\neutral\test_test_2770_aligned.jpg
neutral,all_test\neutral\test_test_2771_aligned.jpg
neutral,all_test\neutral\test_test_2772_aligned.jpg
neutral,all_test\neutral\test_test_2773_aligned.jpg
neutral,all_test\neutral\test_test_2774_aligned.jpg
neutral,all_test\neutral\test_test_2775_aligned.jpg
neutral,all_test\neutral\test_test_2776_aligned.jpg
neutral,all_test\neutral\test_test_2777_aligned.jpg
neutral,all_test\neutral\test_test_2778_aligned.jpg
neutral,all_test\neutral\test_test_2779_aligned.jpg
neutral,all_test\neutral\test_test_2780_aligned.jpg
neutral,all_test\neutral\test_test_2781_aligned.jpg
neutral,all_test\neutral\test_test_2782_aligned.jpg
neutral,all_test\neutral\test_test_2783_aligned.jpg
neutral,all_test\neutral\test_test_2784_aligned.jpg
neutral,all_test\neutral\test_test_2785_aligned.jpg
neutral,all_test\neutral\test_test_2786_aligned.jpg
neutral,all_test\neutral\test_test_2787_aligned.jpg
neutral,all_test\neutral\test_test_2788_aligned.jpg
neutral,all_test\neutral\test_test_2789_aligned.jpg
neutral,all_test\neutral\test_test_2790_aligned.jpg
neutral,all_test\neutral\test_test_2791_aligned.jpg
neutral,all_test\neutral\test_test_2792_aligned.jpg
neutral,all_test\neutral\test_test_2793_aligned.jpg
neutral,all_test\neutral\test_test_2794_aligned.jpg
neutral,all_test\neutral\test_test_2795_aligned.jpg
neutral,all_test\neutral\test_test_2796_aligned.jpg
neutral,all_test\neutral\test_test_2797_aligned.jpg
neutral,all_test\neutral\test_test_2798_aligned.jpg
neutral,all_test\neutral\test_test_2799_aligned.jpg
neutral,all_test\neutral\test_test_2800_aligned.jpg
neutral,all_test\neutral\test_test_2801_aligned.jpg
neutral,all_test\neutral\test_test_2802_aligned.jpg
neutral,all_test\neutral\test_test_2803_aligned.jpg
neutral,all_test\neutral\test_test_2804_aligned.jpg
neutral,all_test\neutral\test_test_2805_aligned.jpg
neutral,all_test\neutral\test_test_2806_aligned.jpg
neutral,all_test\neutral\test_test_2807_aligned.jpg
neutral,all_test\neutral\test_test_2808_aligned.jpg
neutral,all_test\neutral\test_test_2809_aligned.jpg
neutral,all_test\neutral\test_test_2810_aligned.jpg
neutral,all_test\neutral\test_test_2811_aligned.jpg
neutral,all_test\neutral\test_test_2812_aligned.jpg
neutral,all_test\neutral\test_test_2813_aligned.jpg
neutral,all_test\neutral\test_test_2814_aligned.jpg
neutral,all_test\neutral\test_test_2815_aligned.jpg
neutral,all_test\neutral\test_test_2816_aligned.jpg
neutral,all_test\neutral\test_test_2817_aligned.jpg
neutral,all_test\neutral\test_test_2818_aligned.jpg
neutral,all_test\neutral\test_test_2819_aligned.jpg
neutral,all_test\neutral\test_test_2820_aligned.jpg
neutral,all_test\neutral\test_test_2821_aligned.jpg
neutral,all_test\neutral\test_test_2822_aligned.jpg
neutral,all_test\neutral\test_test_2823_aligned.jpg
neutral,all_test\neutral\test_test_2824_aligned.jpg
neutral,all_test\neutral\test_test_2825_aligned.jpg
neutral,all_test\neutral\test_test_2826_aligned.jpg
neutral,all_test\neutral\test_test_2827_aligned.jpg
neutral,all_test\neutral\test_test_2828_aligned.jpg
neutral,all_test\neutral\test_test_2829_aligned.jpg
neutral,all_test\neutral\test_test_2830_aligned.jpg
neutral,all_test\neutral\test_test_2831_aligned.jpg
neutral,all_test\neutral\test_test_2832_aligned.jpg
neutral,all_test\neutral\test_test_2833_aligned.jpg
neutral,all_test\neutral\test_test_2834_aligned.jpg
neutral,all_test\neutral\test_test_2835_aligned.jpg
neutral,all_test\neutral\test_test_2836_aligned.jpg
neutral,all_test\neutral\test_test_2837_aligned.jpg
neutral,all_test\neutral\test_test_2838_aligned.jpg
neutral,all_test\neutral\test_test_2839_aligned.jpg
neutral,all_test\neutral\test_test_2840_aligned.jpg
neutral,all_test\neutral\test_test_2841_aligned.jpg
neutral,all_test\neutral\test_test_2842_aligned.jpg
neutral,all_test\neutral\test_test_2843_aligned.jpg
neutral,all_test\neutral\test_test_2844_aligned.jpg
neutral,all_test\neutral\test_test_2845_aligned.jpg
neutral,all_test\neutral\test_test_2846_aligned.jpg
neutral,all_test\neutral\test_test_2847_aligned.jpg
neutral,all_test\neutral\test_test_2848_aligned.jpg
neutral,all_test\neutral\test_test_2849_aligned.jpg
neutral,all_test\neutral\test_test_2850_aligned.jpg
neutral,all_test\neutral\test_test_2851_aligned.jpg
neutral,all_test\neutral\test_test_2852_aligned.jpg
neutral,all_test\neutral\test_test_2853_aligned.jpg
neutral,all_test\neutral\test_test_2854_aligned.jpg
neutral,all_test\neutral\test_test_2855_aligned.jpg
neutral,all_test\neutral\test_test_2856_aligned.jpg
neutral,all_test\neutral\test_test_2857_aligned.jpg
neutral,all_test\neutral\test_test_2858_aligned.jpg
neutral,all_test\neutral\test_test_2859_aligned.jpg
neutral,all_test\neutral\test_test_2860_aligned.jpg
neutral,all_test\neutral\test_test_2861_aligned.jpg
neutral,all_test\neutral\test_test_2862_aligned.jpg
neutral,all_test\neutral\test_test_2863_aligned.jpg
neutral,all_test\neutral\test_test_2864_aligned.jpg
neutral,all_test\neutral\test_test_2865_aligned.jpg
neutral,all_test\neutral\test_test_2866_aligned.jpg
neutral,all_test\neutral\test_test_2867_aligned.jpg
neutral,all_test\neutral\test_test_2868_aligned.jpg
neutral,all_test\neutral\test_test_2869_aligned.jpg
neutral,all_test\neutral\test_test_2870_aligned.jpg
neutral,all_test\neutral\test_test_2871_aligned.jpg
neutral,all_test\neutral\test_test_2872_aligned.jpg
neutral,all_test\neutral\test_test_2873_aligned.jpg
neutral,all_test\neutral\test_test_2874_aligned.jpg
neutral,all_test\neutral\test_test_2875_aligned.jpg
neutral,all_test\neutral\test_test_2876_aligned.jpg
neutral,all_test\neutral\test_test_2877_aligned.jpg
neutral,all_test\neutral\test_test_2878_aligned.jpg
neutral,all_test\neutral\test_test_2879_aligned.jpg
neutral,all_test\neutral\test_test_2880_aligned.jpg
neutral,all_test\neutral\test_test_2881_aligned.jpg
neutral,all_test\neutral\test_test_2882_aligned.jpg
neutral,all_test\neutral\test_test_2883_aligned.jpg
neutral,all_test\neutral\test_test_2884_aligned.jpg
neutral,all_test\neutral\test_test_2885_aligned.jpg
neutral,all_test\neutral\test_test_2886_aligned.jpg
neutral,all_test\neutral\test_test_2887_aligned.jpg
neutral,all_test\neutral\test_test_2888_aligned.jpg
neutral,all_test\neutral\test_test_2889_aligned.jpg
neutral,all_test\neutral\test_test_2890_aligned.jpg
neutral,all_test\neutral\test_test_2891_aligned.jpg
neutral,all_test\neutral\test_test_2892_aligned.jpg
neutral,all_test\neutral\test_test_2893_aligned.jpg
neutral,all_test\neutral\test_test_2894_aligned.jpg
neutral,all_test\neutral\test_test_2895_aligned.jpg
neutral,all_test\neutral\test_test_2896_aligned.jpg
neutral,all_test\neutral\test_test_2897_aligned.jpg
neutral,all_test\neutral\test_test_2898_aligned.jpg
neutral,all_test\neutral\test_test_2899_aligned.jpg
neutral,all_test\neutral\test_test_2900_aligned.jpg
neutral,all_test\neutral\test_test_2901_aligned.jpg
neutral,all_test\neutral\test_test_2902_aligned.jpg
neutral,all_test\neutral\test_test_2903_aligned.jpg
neutral,all_test\neutral\test_test_2904_aligned.jpg
neutral,all_test\neutral\test_test_2905_aligned.jpg
neutral,all_test\neutral\test_test_2906_aligned.jpg
neutral,all_test\neutral\test_test_2907_aligned.jpg
neutral,all_test\neutral\test_test_2908_aligned.jpg
neutral,all_test\neutral\test_test_2909_aligned.jpg
neutral,all_test\neutral\test_test_2910_aligned.jpg
neutral,all_test\neutral\test_test_2911_aligned.jpg
neutral,all_test\neutral\test_test_2912_aligned.jpg
neutral,all_test\neutral\test_test_2913_aligned.jpg
neutral,all_test\neutral\test_test_2914_aligned.jpg
neutral,all_test\neutral\test_test_2915_aligned.jpg
neutral,all_test\neutral\test_test_2916_aligned.jpg
neutral,all_test\neutral\test_test_2917_aligned.jpg
neutral,all_test\neutral\test_test_2918_aligned.jpg
neutral,all_test\neutral\test_test_2919_aligned.jpg
neutral,all_test\neutral\test_test_2920_aligned.jpg
neutral,all_test\neutral\test_test_2921_aligned.jpg
neutral,all_test\neutral\test_test_2922_aligned.jpg
neutral,all_test\neutral\test_test_2923_aligned.jpg
neutral,all_test\neutral\test_test_2924_aligned.jpg
neutral,all_test\neutral\test_test_2925_aligned.jpg
neutral,all_test\neutral\test_test_2926_aligned.jpg
neutral,all_test\neutral\test_test_2927_aligned.jpg
neutral,all_test\neutral\test_test_2928_aligned.jpg
neutral,all_test\neutral\test_test_2929_aligned.jpg
neutral,all_test\neutral\test_test_2930_aligned.jpg
neutral,all_test\neutral\test_test_2931_aligned.jpg
neutral,all_test\neutral\test_test_2932_aligned.jpg
neutral,all_test\neutral\test_test_2933_aligned.jpg
neutral,all_test\neutral\test_test_2934_aligned.jpg
neutral,all_test\neutral\test_test_2935_aligned.jpg
neutral,all_test\neutral\test_test_2936_aligned.jpg
neutral,all_test\neutral\test_test_2937_aligned.jpg
neutral,all_test\neutral\test_test_2938_aligned.jpg
neutral,all_test\neutral\test_test_2939_aligned.jpg
neutral,all_test\neutral\test_test_2940_aligned.jpg
neutral,all_test\neutral\test_test_2941_aligned.jpg
neutral,all_test\neutral\test_test_2942_aligned.jpg
neutral,all_test\neutral\test_test_2943_aligned.jpg
neutral,all_test\neutral\test_test_2944_aligned.jpg
neutral,all_test\neutral\test_test_2945_aligned.jpg
neutral,all_test\neutral\test_test_2946_aligned.jpg
neutral,all_test\neutral\test_test_2947_aligned.jpg
neutral,all_test\neutral\test_test_2948_aligned.jpg
neutral,all_test\neutral\test_test_2949_aligned.jpg
neutral,all_test\neutral\test_test_2950_aligned.jpg
neutral,all_test\neutral\test_test_2951_aligned.jpg
neutral,all_test\neutral\test_test_2952_aligned.jpg
neutral,all_test\neutral\test_test_2953_aligned.jpg
neutral,all_test\neutral\test_test_2954_aligned.jpg
neutral,all_test\neutral\test_test_2955_aligned.jpg
neutral,all_test\neutral\test_test_2956_aligned.jpg
neutral,all_test\neutral\test_test_2957_aligned.jpg
neutral,all_test\neutral\test_test_2958_aligned.jpg
neutral,all_test\neutral\test_test_2959_aligned.jpg
neutral,all_test\neutral\test_test_2960_aligned.jpg
neutral,all_test\neutral\test_test_2961_aligned.jpg
neutral,all_test\neutral\test_test_2962_aligned.jpg
neutral,all_test\neutral\test_test_2963_aligned.jpg
neutral,all_test\neutral\test_test_2964_aligned.jpg
neutral,all_test\neutral\test_test_2965_aligned.jpg
neutral,all_test\neutral\test_test_2966_aligned.jpg
neutral,all_test\neutral\test_test_2967_aligned.jpg
neutral,all_test\neutral\test_test_2968_aligned.jpg
neutral,all_test\neutral\test_test_2969_aligned.jpg
neutral,all_test\neutral\test_test_2970_aligned.jpg
neutral,all_test\neutral\test_test_2971_aligned.jpg
neutral,all_test\neutral\test_test_2972_aligned.jpg
neutral,all_test\neutral\test_test_2973_aligned.jpg
neutral,all_test\neutral\test_test_2974_aligned.jpg
neutral,all_test\neutral\test_test_2975_aligned.jpg
neutral,all_test\neutral\test_test_2976_aligned.jpg
neutral,all_test\neutral\test_test_2977_aligned.jpg
neutral,all_test\neutral\test_test_2978_aligned.jpg
neutral,all_test\neutral\test_test_2979_aligned.jpg
neutral,all_test\neutral\test_test_2980_aligned.jpg
neutral,all_test\neutral\test_test_2981_aligned.jpg
neutral,all_test\neutral\test_test_2982_aligned.jpg
neutral,all_test\neutral\test_test_2983_aligned.jpg
neutral,all_test\neutral\test_test_2984_aligned.jpg
neutral,all_test\neutral\test_test_2985_aligned.jpg
neutral,all_test\neutral\test_test_2986_aligned.jpg
neutral,all_test\neutral\test_test_2987_aligned.jpg
neutral,all_test\neutral\test_test_2988_aligned.jpg
neutral,all_test\neutral\test_test_2989_aligned.jpg
neutral,all_test\neutral\test_test_2990_aligned.jpg
neutral,all_test\neutral\test_test_2991_aligned.jpg
neutral,all_test\neutral\test_test_2992_aligned.jpg
neutral,all_test\neutral\test_test_2993_aligned.jpg
neutral,all_test\neutral\test_test_2994_aligned.jpg
neutral,all_test\neutral\test_test_2995_aligned.jpg
neutral,all_test\neutral\test_test_2996_aligned.jpg
neutral,all_test\neutral\test_test_2997_aligned.jpg
neutral,all_test\neutral\test_test_2998_aligned.jpg
neutral,all_test\neutral\test_test_2999_aligned.jpg
neutral,all_test\neutral\test_test_3000_aligned.jpg
neutral,all_test\neutral\test_test_3001_aligned.jpg
neutral,all_test\neutral\test_test_3002_aligned.jpg
neutral,all_test\neutral\test_test_3003_aligned.jpg
neutral,all_test\neutral\test_test_3004_aligned.jpg
neutral,all_test\neutral\test_test_3005_aligned.jpg
neutral,all_test\neutral\test_test_3006_aligned.jpg
neutral,all_test\neutral\test_test_3007_aligned.jpg
neutral,all_test\neutral\test_test_3008_aligned.jpg
neutral,all_test\neutral\test_test_3009_aligned.jpg
neutral,all_test\neutral\test_test_3010_aligned.jpg
neutral,all_test\neutral\test_test_3011_aligned.jpg
neutral,all_test\neutral\test_test_3012_aligned.jpg
neutral,all_test\neutral\test_test_3013_aligned.jpg
neutral,all_test\neutral\test_test_3014_aligned.jpg
neutral,all_test\neutral\test_test_3015_aligned.jpg
neutral,all_test\neutral\test_test_3016_aligned.jpg
neutral,all_test\neutral\test_test_3017_aligned.jpg
neutral,all_test\neutral\test_test_3018_aligned.jpg
neutral,all_test\neutral\test_test_3019_aligned.jpg
neutral,all_test\neutral\test_test_3020_aligned.jpg
neutral,all_test\neutral\test_test_3021_aligned.jpg
neutral,all_test\neutral\test_test_3022_aligned.jpg
neutral,all_test\neutral\test_test_3023_aligned.jpg
neutral,all_test\neutral\test_test_3024_aligned.jpg
neutral,all_test\neutral\test_test_3025_aligned.jpg
neutral,all_test\neutral\test_test_3026_aligned.jpg
neutral,all_test\neutral\test_test_3027_aligned.jpg
neutral,all_test\neutral\test_test_3028_aligned.jpg
neutral,all_test\neutral\test_test_3029_aligned.jpg
neutral,all_test\neutral\test_test_3030_aligned.jpg
neutral,all_test\neutral\test_test_3031_aligned.jpg
neutral,all_test\neutral\test_test_3032_aligned.jpg
neutral,all_test\neutral\test_test_3033_aligned.jpg
neutral,all_test\neutral\test_test_3034_aligned.jpg
neutral,all_test\neutral\test_test_3035_aligned.jpg
neutral,all_test\neutral\test_test_3036_aligned.jpg
neutral,all_test\neutral\test_test_3037_aligned.jpg
neutral,all_test\neutral\test_test_3038_aligned.jpg
neutral,all_test\neutral\test_test_3039_aligned.jpg
neutral,all_test\neutral\test_test_3040_aligned.jpg
neutral,all_test\neutral\test_test_3041_aligned.jpg
neutral,all_test\neutral\test_test_3042_aligned.jpg
neutral,all_test\neutral\test_test_3043_aligned.jpg
neutral,all_test\neutral\test_test_3044_aligned.jpg
neutral,all_test\neutral\test_test_3045_aligned.jpg
neutral,all_test\neutral\test_test_3046_aligned.jpg
neutral,all_test\neutral\test_test_3047_aligned.jpg
neutral,all_test\neutral\test_test_3048_aligned.jpg
neutral,all_test\neutral\test_test_3049_aligned.jpg
neutral,all_test\neutral\test_test_3050_aligned.jpg
neutral,all_test\neutral\test_test_3051_aligned.jpg
neutral,all_test\neutral\test_test_3052_aligned.jpg
neutral,all_test\neutral\test_test_3053_aligned.jpg
neutral,all_test\neutral\test_test_3054_aligned.jpg
neutral,all_test\neutral\test_test_3055_aligned.jpg
neutral,all_test\neutral\test_test_3056_aligned.jpg
neutral,all_test\neutral\test_test_3057_aligned.jpg
neutral,all_test\neutral\test_test_3058_aligned.jpg
neutral,all_test\neutral\test_test_3059_aligned.jpg
neutral,all_test\neutral\test_test_3060_aligned.jpg
neutral,all_test\neutral\test_test_3061_aligned.jpg
neutral,all_test\neutral\test_test_3062_aligned.jpg
neutral,all_test\neutral\test_test_3063_aligned.jpg
neutral,all_test\neutral\test_test_3064_aligned.jpg
neutral,all_test\neutral\test_test_3065_aligned.jpg
neutral,all_test\neutral\test_test_3066_aligned.jpg
neutral,all_test\neutral\test_test_3067_aligned.jpg
neutral,all_test\neutral\test_test_3068_aligned.jpg
neutral,all_test\neutral\train_train_09748_aligned.jpg
neutral,all_test\neutral\train_train_09749_aligned.jpg
neutral,all_test\neutral\train_train_09750_aligned.jpg
neutral,all_test\neutral\train_train_09751_aligned.jpg
neutral,all_test\neutral\train_train_09752_aligned.jpg
neutral,all_test\neutral\train_train_09753_aligned.jpg
neutral,all_test\neutral\train_train_09754_aligned.jpg
neutral,all_test\neutral\train_train_09755_aligned.jpg
neutral,all_test\neutral\train_train_09756_aligned.jpg
neutral,all_test\neutral\train_train_09757_aligned.jpg
neutral,all_test\neutral\train_train_09758_aligned.jpg
neutral,all_test\neutral\train_train_09759_aligned.jpg
neutral,all_test\neutral\train_train_09760_aligned.jpg
neutral,all_test\neutral\train_train_09761_aligned.jpg
neutral,all_test\neutral\train_train_09762_aligned.jpg
neutral,all_test\neutral\train_train_09763_aligned.jpg
neutral,all_test\neutral\train_train_09764_aligned.jpg
neutral,all_test\neutral\train_train_09765_aligned.jpg
neutral,all_test\neutral\train_train_09766_aligned.jpg
neutral,all_test\neutral\train_train_09767_aligned.jpg
neutral,all_test\neutral\train_train_09768_aligned.jpg
neutral,all_test\neutral\train_train_09769_aligned.jpg
neutral,all_test\neutral\train_train_09770_aligned.jpg
neutral,all_test\neutral\train_train_09771_aligned.jpg
neutral,all_test\neutral\train_train_09772_aligned.jpg
neutral,all_test\neutral\train_train_09773_aligned.jpg
neutral,all_test\neutral\train_train_09774_aligned.jpg
neutral,all_test\neutral\train_train_09775_aligned.jpg
neutral,all_test\neutral\train_train_09776_aligned.jpg
neutral,all_test\neutral\train_train_09777_aligned.jpg
neutral,all_test\neutral\train_train_09778_aligned.jpg
neutral,all_test\neutral\train_train_09779_aligned.jpg
neutral,all_test\neutral\train_train_09780_aligned.jpg
neutral,all_test\neutral\train_train_09781_aligned.jpg
neutral,all_test\neutral\train_train_09782_aligned.jpg
neutral,all_test\neutral\train_train_09783_aligned.jpg
neutral,all_test\neutral\train_train_09784_aligned.jpg
neutral,all_test\neutral\train_train_09785_aligned.jpg
neutral,all_test\neutral\train_train_09786_aligned.jpg
neutral,all_test\neutral\train_train_09787_aligned.jpg
neutral,all_test\neutral\train_train_09788_aligned.jpg
neutral,all_test\neutral\train_train_09789_aligned.jpg
neutral,all_test\neutral\train_train_09790_aligned.jpg
neutral,all_test\neutral\train_train_09791_aligned.jpg
neutral,all_test\neutral\train_train_09792_aligned.jpg
neutral,all_test\neutral\train_train_09793_aligned.jpg
neutral,all_test\neutral\train_train_09794_aligned.jpg
neutral,all_test\neutral\train_train_09795_aligned.jpg
neutral,all_test\neutral\train_train_09796_aligned.jpg
neutral,all_test\neutral\train_train_09797_aligned.jpg
neutral,all_test\neutral\train_train_09798_aligned.jpg
neutral,all_test\neutral\train_train_09799_aligned.jpg
neutral,all_test\neutral\train_train_09800_aligned.jpg
neutral,all_test\neutral\train_train_09801_aligned.jpg
neutral,all_test\neutral\train_train_09802_aligned.jpg
neutral,all_test\neutral\train_train_09803_aligned.jpg
neutral,all_test\neutral\train_train_09804_aligned.jpg
neutral,all_test\neutral\train_train_09805_aligned.jpg
neutral,all_test\neutral\train_train_09806_aligned.jpg
neutral,all_test\neutral\train_train_09807_aligned.jpg
neutral,all_test\neutral\train_train_09808_aligned.jpg
neutral,all_test\neutral\train_train_09809_aligned.jpg
neutral,all_test\neutral\train_train_09810_aligned.jpg
neutral,all_test\neutral\train_train_09811_aligned.jpg
neutral,all_test\neutral\train_train_09812_aligned.jpg
neutral,all_test\neutral\train_train_09813_aligned.jpg
neutral,all_test\neutral\train_train_09814_aligned.jpg
neutral,all_test\neutral\train_train_09815_aligned.jpg
neutral,all_test\neutral\train_train_09816_aligned.jpg
neutral,all_test\neutral\train_train_09817_aligned.jpg
neutral,all_test\neutral\train_train_09818_aligned.jpg
neutral,all_test\neutral\train_train_09819_aligned.jpg
neutral,all_test\neutral\train_train_09820_aligned.jpg
neutral,all_test\neutral\train_train_09821_aligned.jpg
neutral,all_test\neutral\train_train_09822_aligned.jpg
neutral,all_test\neutral\train_train_09823_aligned.jpg
neutral,all_test\neutral\train_train_09824_aligned.jpg
neutral,all_test\neutral\train_train_09825_aligned.jpg
neutral,all_test\neutral\train_train_09826_aligned.jpg
neutral,all_test\neutral\train_train_09827_aligned.jpg
neutral,all_test\neutral\train_train_09828_aligned.jpg
neutral,all_test\neutral\train_train_09829_aligned.jpg
neutral,all_test\neutral\train_train_09830_aligned.jpg
neutral,all_test\neutral\train_train_09831_aligned.jpg
neutral,all_test\neutral\train_train_09832_aligned.jpg
neutral,all_test\neutral\train_train_09833_aligned.jpg
neutral,all_test\neutral\train_train_09834_aligned.jpg
neutral,all_test\neutral\train_train_09835_aligned.jpg
neutral,all_test\neutral\train_train_09836_aligned.jpg
neutral,all_test\neutral\train_train_09837_aligned.jpg
neutral,all_test\neutral\train_train_09838_aligned.jpg
neutral,all_test\neutral\train_train_09839_aligned.jpg
neutral,all_test\neutral\train_train_09840_aligned.jpg
neutral,all_test\neutral\train_train_09841_aligned.jpg
neutral,all_test\neutral\train_train_09842_aligned.jpg
neutral,all_test\neutral\train_train_09843_aligned.jpg
neutral,all_test\neutral\train_train_09844_aligned.jpg
neutral,all_test\neutral\train_train_09845_aligned.jpg
neutral,all_test\neutral\train_train_09846_aligned.jpg
neutral,all_test\neutral\train_train_09847_aligned.jpg
neutral,all_test\neutral\train_train_09848_aligned.jpg
neutral,all_test\neutral\train_train_09849_aligned.jpg
neutral,all_test\neutral\train_train_09850_aligned.jpg
neutral,all_test\neutral\train_train_09851_aligned.jpg
neutral,all_test\neutral\train_train_09852_aligned.jpg
neutral,all_test\neutral\train_train_09853_aligned.jpg
neutral,all_test\neutral\train_train_09854_aligned.jpg
neutral,all_test\neutral\train_train_09855_aligned.jpg
neutral,all_test\neutral\train_train_09856_aligned.jpg
neutral,all_test\neutral\train_train_09857_aligned.jpg
neutral,all_test\neutral\train_train_09858_aligned.jpg
neutral,all_test\neutral\train_train_09859_aligned.jpg
neutral,all_test\neutral\train_train_09860_aligned.jpg
neutral,all_test\neutral\train_train_09861_aligned.jpg
neutral,all_test\neutral\train_train_09862_aligned.jpg
neutral,all_test\neutral\train_train_09863_aligned.jpg
neutral,all_test\neutral\train_train_09864_aligned.jpg
neutral,all_test\neutral\train_train_09865_aligned.jpg
neutral,all_test\neutral\train_train_09866_aligned.jpg
neutral,all_test\neutral\train_train_09867_aligned.jpg
neutral,all_test\neutral\train_train_09868_aligned.jpg
neutral,all_test\neutral\train_train_09869_aligned.jpg
neutral,all_test\neutral\train_train_09870_aligned.jpg
neutral,all_test\neutral\train_train_09871_aligned.jpg
neutral,all_test\neutral\train_train_09872_aligned.jpg
neutral,all_test\neutral\train_train_09873_aligned.jpg
neutral,all_test\neutral\train_train_09874_aligned.jpg
neutral,all_test\neutral\train_train_09875_aligned.jpg
neutral,all_test\neutral\train_train_09876_aligned.jpg
neutral,all_test\neutral\train_train_09877_aligned.jpg
neutral,all_test\neutral\train_train_09878_aligned.jpg
neutral,all_test\neutral\train_train_09879_aligned.jpg
neutral,all_test\neutral\train_train_09880_aligned.jpg
neutral,all_test\neutral\train_train_09881_aligned.jpg
neutral,all_test\neutral\train_train_09882_aligned.jpg
neutral,all_test\neutral\train_train_09883_aligned.jpg
neutral,all_test\neutral\train_train_09884_aligned.jpg
neutral,all_test\neutral\train_train_09885_aligned.jpg
neutral,all_test\neutral\train_train_09886_aligned.jpg
neutral,all_test\neutral\train_train_09887_aligned.jpg
neutral,all_test\neutral\train_train_09888_aligned.jpg
neutral,all_test\neutral\train_train_09889_aligned.jpg
neutral,all_test\neutral\train_train_09890_aligned.jpg
neutral,all_test\neutral\train_train_09891_aligned.jpg
neutral,all_test\neutral\train_train_09892_aligned.jpg
neutral,all_test\neutral\train_train_09893_aligned.jpg
neutral,all_test\neutral\train_train_09894_aligned.jpg
neutral,all_test\neutral\train_train_09895_aligned.jpg
neutral,all_test\neutral\train_train_09896_aligned.jpg
neutral,all_test\neutral\train_train_09897_aligned.jpg
neutral,all_test\neutral\train_train_09898_aligned.jpg
neutral,all_test\neutral\train_train_09899_aligned.jpg
neutral,all_test\neutral\train_train_09900_aligned.jpg
neutral,all_test\neutral\train_train_09901_aligned.jpg
neutral,all_test\neutral\train_train_09902_aligned.jpg
neutral,all_test\neutral\train_train_09903_aligned.jpg
neutral,all_test\neutral\train_train_09904_aligned.jpg
neutral,all_test\neutral\train_train_09905_aligned.jpg
neutral,all_test\neutral\train_train_09906_aligned.jpg
neutral,all_test\neutral\train_train_09907_aligned.jpg
neutral,all_test\neutral\train_train_09908_aligned.jpg
neutral,all_test\neutral\train_train_09909_aligned.jpg
neutral,all_test\neutral\train_train_09910_aligned.jpg
neutral,all_test\neutral\train_train_09911_aligned.jpg
neutral,all_test\neutral\train_train_09912_aligned.jpg
neutral,all_test\neutral\train_train_09913_aligned.jpg
neutral,all_test\neutral\train_train_09914_aligned.jpg
neutral,all_test\neutral\train_train_09915_aligned.jpg
neutral,all_test\neutral\train_train_09916_aligned.jpg
neutral,all_test\neutral\train_train_09917_aligned.jpg
neutral,all_test\neutral\train_train_09918_aligned.jpg
neutral,all_test\neutral\train_train_09919_aligned.jpg
neutral,all_test\neutral\train_train_09920_aligned.jpg
neutral,all_test\neutral\train_train_09921_aligned.jpg
neutral,all_test\neutral\train_train_09922_aligned.jpg
neutral,all_test\neutral\train_train_09923_aligned.jpg
neutral,all_test\neutral\train_train_09924_aligned.jpg
neutral,all_test\neutral\train_train_09925_aligned.jpg
neutral,all_test\neutral\train_train_09926_aligned.jpg
neutral,all_test\neutral\train_train_09927_aligned.jpg
neutral,all_test\neutral\train_train_09928_aligned.jpg
neutral,all_test\neutral\train_train_09929_aligned.jpg
neutral,all_test\neutral\train_train_09930_aligned.jpg
neutral,all_test\neutral\train_train_09931_aligned.jpg
neutral,all_test\neutral\train_train_09932_aligned.jpg
neutral,all_test\neutral\train_train_09933_aligned.jpg
neutral,all_test\neutral\train_train_09934_aligned.jpg
neutral,all_test\neutral\train_train_09935_aligned.jpg
neutral,all_test\neutral\train_train_09936_aligned.jpg
neutral,all_test\neutral\train_train_09937_aligned.jpg
neutral,all_test\neutral\train_train_09938_aligned.jpg
neutral,all_test\neutral\train_train_09939_aligned.jpg
neutral,all_test\neutral\train_train_09940_aligned.jpg
neutral,all_test\neutral\train_train_09941_aligned.jpg
neutral,all_test\neutral\train_train_09942_aligned.jpg
neutral,all_test\neutral\train_train_09943_aligned.jpg
neutral,all_test\neutral\train_train_09944_aligned.jpg
neutral,all_test\neutral\train_train_09945_aligned.jpg
neutral,all_test\neutral\train_train_09946_aligned.jpg
neutral,all_test\neutral\train_train_09947_aligned.jpg
neutral,all_test\neutral\train_train_09948_aligned.jpg
neutral,all_test\neutral\train_train_09949_aligned.jpg
neutral,all_test\neutral\train_train_09950_aligned.jpg
neutral,all_test\neutral\train_train_09951_aligned.jpg
neutral,all_test\neutral\train_train_09952_aligned.jpg
neutral,all_test\neutral\train_train_09953_aligned.jpg
neutral,all_test\neutral\train_train_09954_aligned.jpg
neutral,all_test\neutral\train_train_09955_aligned.jpg
neutral,all_test\neutral\train_train_09956_aligned.jpg
neutral,all_test\neutral\train_train_09957_aligned.jpg
neutral,all_test\neutral\train_train_09958_aligned.jpg
neutral,all_test\neutral\train_train_09959_aligned.jpg
neutral,all_test\neutral\train_train_09960_aligned.jpg
neutral,all_test\neutral\train_train_09961_aligned.jpg
neutral,all_test\neutral\train_train_09962_aligned.jpg
neutral,all_test\neutral\train_train_09963_aligned.jpg
neutral,all_test\neutral\train_train_09964_aligned.jpg
neutral,all_test\neutral\train_train_09965_aligned.jpg
neutral,all_test\neutral\train_train_09966_aligned.jpg
neutral,all_test\neutral\train_train_09967_aligned.jpg
neutral,all_test\neutral\train_train_09968_aligned.jpg
neutral,all_test\neutral\train_train_09969_aligned.jpg
neutral,all_test\neutral\train_train_09970_aligned.jpg
neutral,all_test\neutral\train_train_09971_aligned.jpg
neutral,all_test\neutral\train_train_09972_aligned.jpg
neutral,all_test\neutral\train_train_09973_aligned.jpg
neutral,all_test\neutral\train_train_09974_aligned.jpg
neutral,all_test\neutral\train_train_09975_aligned.jpg
neutral,all_test\neutral\train_train_09976_aligned.jpg
neutral,all_test\neutral\train_train_09977_aligned.jpg
neutral,all_test\neutral\train_train_09978_aligned.jpg
neutral,all_test\neutral\train_train_09979_aligned.jpg
neutral,all_test\neutral\train_train_09980_aligned.jpg
neutral,all_test\neutral\train_train_09981_aligned.jpg
neutral,all_test\neutral\train_train_09982_aligned.jpg
neutral,all_test\neutral\train_train_09983_aligned.jpg
neutral,all_test\neutral\train_train_09984_aligned.jpg
neutral,all_test\neutral\train_train_09985_aligned.jpg
neutral,all_test\neutral\train_train_09986_aligned.jpg
neutral,all_test\neutral\train_train_09987_aligned.jpg
neutral,all_test\neutral\train_train_09988_aligned.jpg
neutral,all_test\neutral\train_train_09989_aligned.jpg
neutral,all_test\neutral\train_train_09990_aligned.jpg
neutral,all_test\neutral\train_train_09991_aligned.jpg
neutral,all_test\neutral\train_train_09992_aligned.jpg
neutral,all_test\neutral\train_train_09993_aligned.jpg
neutral,all_test\neutral\train_train_09994_aligned.jpg
neutral,all_test\neutral\train_train_09995_aligned.jpg
neutral,all_test\neutral\train_train_09996_aligned.jpg
neutral,all_test\neutral\train_train_09997_aligned.jpg
neutral,all_test\neutral\train_train_09998_aligned.jpg
neutral,all_test\neutral\train_train_09999_aligned.jpg
neutral,all_test\neutral\train_train_10000_aligned.jpg
neutral,all_test\neutral\train_train_10001_aligned.jpg
neutral,all_test\neutral\train_train_10002_aligned.jpg
neutral,all_test\neutral\train_train_10003_aligned.jpg
neutral,all_test\neutral\train_train_10004_aligned.jpg
neutral,all_test\neutral\train_train_10005_aligned.jpg
neutral,all_test\neutral\train_train_10006_aligned.jpg
neutral,all_test\neutral\train_train_10007_aligned.jpg
neutral,all_test\neutral\train_train_10008_aligned.jpg
neutral,all_test\neutral\train_train_10009_aligned.jpg
neutral,all_test\neutral\train_train_10010_aligned.jpg
neutral,all_test\neutral\train_train_10011_aligned.jpg
neutral,all_test\neutral\train_train_10012_aligned.jpg
neutral,all_test\neutral\train_train_10013_aligned.jpg
neutral,all_test\neutral\train_train_10014_aligned.jpg
neutral,all_test\neutral\train_train_10015_aligned.jpg
neutral,all_test\neutral\train_train_10016_aligned.jpg
neutral,all_test\neutral\train_train_10017_aligned.jpg
neutral,all_test\neutral\train_train_10018_aligned.jpg
neutral,all_test\neutral\train_train_10019_aligned.jpg
neutral,all_test\neutral\train_train_10020_aligned.jpg
neutral,all_test\neutral\train_train_10021_aligned.jpg
neutral,all_test\neutral\train_train_10022_aligned.jpg
neutral,all_test\neutral\train_train_10023_aligned.jpg
neutral,all_test\neutral\train_train_10024_aligned.jpg
neutral,all_test\neutral\train_train_10025_aligned.jpg
neutral,all_test\neutral\train_train_10026_aligned.jpg
neutral,all_test\neutral\train_train_10027_aligned.jpg
neutral,all_test\neutral\train_train_10028_aligned.jpg
neutral,all_test\neutral\train_train_10029_aligned.jpg
neutral,all_test\neutral\train_train_10030_aligned.jpg
neutral,all_test\neutral\train_train_10031_aligned.jpg
neutral,all_test\neutral\train_train_10032_aligned.jpg
neutral,all_test\neutral\train_train_10033_aligned.jpg
neutral,all_test\neutral\train_train_10034_aligned.jpg
neutral,all_test\neutral\train_train_10035_aligned.jpg
neutral,all_test\neutral\train_train_10036_aligned.jpg
neutral,all_test\neutral\train_train_10037_aligned.jpg
neutral,all_test\neutral\train_train_10038_aligned.jpg
neutral,all_test\neutral\train_train_10039_aligned.jpg
neutral,all_test\neutral\train_train_10040_aligned.jpg
neutral,all_test\neutral\train_train_10041_aligned.jpg
neutral,all_test\neutral\train_train_10042_aligned.jpg
neutral,all_test\neutral\train_train_10043_aligned.jpg
neutral,all_test\neutral\train_train_10044_aligned.jpg
neutral,all_test\neutral\train_train_10045_aligned.jpg
neutral,all_test\neutral\train_train_10046_aligned.jpg
neutral,all_test\neutral\train_train_10047_aligned.jpg
neutral,all_test\neutral\train_train_10048_aligned.jpg
neutral,all_test\neutral\train_train_10049_aligned.jpg
neutral,all_test\neutral\train_train_10050_aligned.jpg
neutral,all_test\neutral\train_train_10051_aligned.jpg
neutral,all_test\neutral\train_train_10052_aligned.jpg
neutral,all_test\neutral\train_train_10053_aligned.jpg
neutral,all_test\neutral\train_train_10054_aligned.jpg
neutral,all_test\neutral\train_train_10055_aligned.jpg
neutral,all_test\neutral\train_train_10056_aligned.jpg
neutral,all_test\neutral\train_train_10057_aligned.jpg
neutral,all_test\neutral\train_train_10058_aligned.jpg
neutral,all_test\neutral\train_train_10059_aligned.jpg
neutral,all_test\neutral\train_train_10060_aligned.jpg
neutral,all_test\neutral\train_train_10061_aligned.jpg
neutral,all_test\neutral\train_train_10062_aligned.jpg
neutral,all_test\neutral\train_train_10063_aligned.jpg
neutral,all_test\neutral\train_train_10064_aligned.jpg
neutral,all_test\neutral\train_train_10065_aligned.jpg
neutral,all_test\neutral\train_train_10066_aligned.jpg
neutral,all_test\neutral\train_train_10067_aligned.jpg
neutral,all_test\neutral\train_train_10068_aligned.jpg
neutral,all_test\neutral\train_train_10069_aligned.jpg
neutral,all_test\neutral\train_train_10070_aligned.jpg
neutral,all_test\neutral\train_train_10071_aligned.jpg
neutral,all_test\neutral\train_train_10072_aligned.jpg
neutral,all_test\neutral\train_train_10073_aligned.jpg
neutral,all_test\neutral\train_train_10074_aligned.jpg
neutral,all_test\neutral\train_train_10075_aligned.jpg
neutral,all_test\neutral\train_train_10076_aligned.jpg
neutral,all_test\neutral\train_train_10077_aligned.jpg
neutral,all_test\neutral\train_train_10078_aligned.jpg
neutral,all_test\neutral\train_train_10079_aligned.jpg
neutral,all_test\neutral\train_train_10080_aligned.jpg
neutral,all_test\neutral\train_train_10081_aligned.jpg
neutral,all_test\neutral\train_train_10082_aligned.jpg
neutral,all_test\neutral\train_train_10083_aligned.jpg
neutral,all_test\neutral\train_train_10084_aligned.jpg
neutral,all_test\neutral\train_train_10085_aligned.jpg
neutral,all_test\neutral\train_train_10086_aligned.jpg
neutral,all_test\neutral\train_train_10087_aligned.jpg
neutral,all_test\neutral\train_train_10088_aligned.jpg
neutral,all_test\neutral\train_train_10089_aligned.jpg
neutral,all_test\neutral\train_train_10090_aligned.jpg
neutral,all_test\neutral\train_train_10091_aligned.jpg
neutral,all_test\neutral\train_train_10092_aligned.jpg
neutral,all_test\neutral\train_train_10093_aligned.jpg
neutral,all_test\neutral\train_train_10094_aligned.jpg
neutral,all_test\neutral\train_train_10095_aligned.jpg
neutral,all_test\neutral\train_train_10096_aligned.jpg
neutral,all_test\neutral\train_train_10097_aligned.jpg
neutral,all_test\neutral\train_train_10098_aligned.jpg
neutral,all_test\neutral\train_train_10099_aligned.jpg
neutral,all_test\neutral\train_train_10100_aligned.jpg
neutral,all_test\neutral\train_train_10101_aligned.jpg
neutral,all_test\neutral\train_train_10102_aligned.jpg
neutral,all_test\neutral\train_train_10103_aligned.jpg
neutral,all_test\neutral\train_train_10104_aligned.jpg
neutral,all_test\neutral\train_train_10105_aligned.jpg
neutral,all_test\neutral\train_train_10106_aligned.jpg
neutral,all_test\neutral\train_train_10107_aligned.jpg
neutral,all_test\neutral\train_train_10108_aligned.jpg
neutral,all_test\neutral\train_train_10109_aligned.jpg
neutral,all_test\neutral\train_train_10110_aligned.jpg
neutral,all_test\neutral\train_train_10111_aligned.jpg
neutral,all_test\neutral\train_train_10112_aligned.jpg
neutral,all_test\neutral\train_train_10113_aligned.jpg
neutral,all_test\neutral\train_train_10114_aligned.jpg
neutral,all_test\neutral\train_train_10115_aligned.jpg
neutral,all_test\neutral\train_train_10116_aligned.jpg
neutral,all_test\neutral\train_train_10117_aligned.jpg
neutral,all_test\neutral\train_train_10118_aligned.jpg
neutral,all_test\neutral\train_train_10119_aligned.jpg
neutral,all_test\neutral\train_train_10120_aligned.jpg
neutral,all_test\neutral\train_train_10121_aligned.jpg
neutral,all_test\neutral\train_train_10122_aligned.jpg
neutral,all_test\neutral\train_train_10123_aligned.jpg
neutral,all_test\neutral\train_train_10124_aligned.jpg
neutral,all_test\neutral\train_train_10125_aligned.jpg
neutral,all_test\neutral\train_train_10126_aligned.jpg
neutral,all_test\neutral\train_train_10127_aligned.jpg
neutral,all_test\neutral\train_train_10128_aligned.jpg
neutral,all_test\neutral\train_train_10129_aligned.jpg
neutral,all_test\neutral\train_train_10130_aligned.jpg
neutral,all_test\neutral\train_train_10131_aligned.jpg
neutral,all_test\neutral\train_train_10132_aligned.jpg
neutral,all_test\neutral\train_train_10133_aligned.jpg
neutral,all_test\neutral\train_train_10134_aligned.jpg
neutral,all_test\neutral\train_train_10135_aligned.jpg
neutral,all_test\neutral\train_train_10136_aligned.jpg
neutral,all_test\neutral\train_train_10137_aligned.jpg
neutral,all_test\neutral\train_train_10138_aligned.jpg
neutral,all_test\neutral\train_train_10139_aligned.jpg
neutral,all_test\neutral\train_train_10140_aligned.jpg
neutral,all_test\neutral\train_train_10141_aligned.jpg
neutral,all_test\neutral\train_train_10142_aligned.jpg
neutral,all_test\neutral\train_train_10143_aligned.jpg
neutral,all_test\neutral\train_train_10144_aligned.jpg
neutral,all_test\neutral\train_train_10145_aligned.jpg
neutral,all_test\neutral\train_train_10146_aligned.jpg
neutral,all_test\neutral\train_train_10147_aligned.jpg
neutral,all_test\neutral\train_train_10148_aligned.jpg
neutral,all_test\neutral\train_train_10149_aligned.jpg
neutral,all_test\neutral\train_train_10150_aligned.jpg
neutral,all_test\neutral\train_train_10151_aligned.jpg
neutral,all_test\neutral\train_train_10152_aligned.jpg
neutral,all_test\neutral\train_train_10153_aligned.jpg
neutral,all_test\neutral\train_train_10154_aligned.jpg
neutral,all_test\neutral\train_train_10155_aligned.jpg
neutral,all_test\neutral\train_train_10156_aligned.jpg
neutral,all_test\neutral\train_train_10157_aligned.jpg
neutral,all_test\neutral\train_train_10158_aligned.jpg
neutral,all_test\neutral\train_train_10159_aligned.jpg
neutral,all_test\neutral\train_train_10160_aligned.jpg
neutral,all_test\neutral\train_train_10161_aligned.jpg
neutral,all_test\neutral\train_train_10162_aligned.jpg
neutral,all_test\neutral\train_train_10163_aligned.jpg
neutral,all_test\neutral\train_train_10164_aligned.jpg
neutral,all_test\neutral\train_train_10165_aligned.jpg
neutral,all_test\neutral\train_train_10166_aligned.jpg
neutral,all_test\neutral\train_train_10167_aligned.jpg
neutral,all_test\neutral\train_train_10168_aligned.jpg
neutral,all_test\neutral\train_train_10169_aligned.jpg
neutral,all_test\neutral\train_train_10170_aligned.jpg
neutral,all_test\neutral\train_train_10171_aligned.jpg
neutral,all_test\neutral\train_train_10172_aligned.jpg
neutral,all_test\neutral\train_train_10173_aligned.jpg
neutral,all_test\neutral\train_train_10174_aligned.jpg
neutral,all_test\neutral\train_train_10175_aligned.jpg
neutral,all_test\neutral\train_train_10176_aligned.jpg
neutral,all_test\neutral\train_train_10177_aligned.jpg
neutral,all_test\neutral\train_train_10178_aligned.jpg
neutral,all_test\neutral\train_train_10179_aligned.jpg
neutral,all_test\neutral\train_train_10180_aligned.jpg
neutral,all_test\neutral\train_train_10181_aligned.jpg
neutral,all_test\neutral\train_train_10182_aligned.jpg
neutral,all_test\neutral\train_train_10183_aligned.jpg
neutral,all_test\neutral\train_train_10184_aligned.jpg
neutral,all_test\neutral\train_train_10185_aligned.jpg
neutral,all_test\neutral\train_train_10186_aligned.jpg
neutral,all_test\neutral\train_train_10187_aligned.jpg
neutral,all_test\neutral\train_train_10188_aligned.jpg
neutral,all_test\neutral\train_train_10189_aligned.jpg
neutral,all_test\neutral\train_train_10190_aligned.jpg
neutral,all_test\neutral\train_train_10191_aligned.jpg
neutral,all_test\neutral\train_train_10192_aligned.jpg
neutral,all_test\neutral\train_train_10193_aligned.jpg
neutral,all_test\neutral\train_train_10194_aligned.jpg
neutral,all_test\neutral\train_train_10195_aligned.jpg
neutral,all_test\neutral\train_train_10196_aligned.jpg
neutral,all_test\neutral\train_train_10197_aligned.jpg
neutral,all_test\neutral\train_train_10198_aligned.jpg
neutral,all_test\neutral\train_train_10199_aligned.jpg
neutral,all_test\neutral\train_train_10200_aligned.jpg
neutral,all_test\neutral\train_train_10201_aligned.jpg
neutral,all_test\neutral\train_train_10202_aligned.jpg
neutral,all_test\neutral\train_train_10203_aligned.jpg
neutral,all_test\neutral\train_train_10204_aligned.jpg
neutral,all_test\neutral\train_train_10205_aligned.jpg
neutral,all_test\neutral\train_train_10206_aligned.jpg
neutral,all_test\neutral\train_train_10207_aligned.jpg
neutral,all_test\neutral\train_train_10208_aligned.jpg
neutral,all_test\neutral\train_train_10209_aligned.jpg
neutral,all_test\neutral\train_train_10210_aligned.jpg
neutral,all_test\neutral\train_train_10211_aligned.jpg
neutral,all_test\neutral\train_train_10212_aligned.jpg
neutral,all_test\neutral\train_train_10213_aligned.jpg
neutral,all_test\neutral\train_train_10214_aligned.jpg
neutral,all_test\neutral\train_train_10215_aligned.jpg
neutral,all_test\neutral\train_train_10216_aligned.jpg
neutral,all_test\neutral\train_train_10217_aligned.jpg
neutral,all_test\neutral\train_train_10218_aligned.jpg
neutral,all_test\neutral\train_train_10219_aligned.jpg
neutral,all_test\neutral\train_train_10220_aligned.jpg
neutral,all_test\neutral\train_train_10221_aligned.jpg
neutral,all_test\neutral\train_train_10222_aligned.jpg
neutral,all_test\neutral\train_train_10223_aligned.jpg
neutral,all_test\neutral\train_train_10224_aligned.jpg
neutral,all_test\neutral\train_train_10225_aligned.jpg
neutral,all_test\neutral\train_train_10226_aligned.jpg
neutral,all_test\neutral\train_train_10227_aligned.jpg
neutral,all_test\neutral\train_train_10228_aligned.jpg
neutral,all_test\neutral\train_train_10229_aligned.jpg
neutral,all_test\neutral\train_train_10230_aligned.jpg
neutral,all_test\neutral\train_train_10231_aligned.jpg
neutral,all_test\neutral\train_train_10232_aligned.jpg
neutral,all_test\neutral\train_train_10233_aligned.jpg
neutral,all_test\neutral\train_train_10234_aligned.jpg
neutral,all_test\neutral\train_train_10235_aligned.jpg
neutral,all_test\neutral\train_train_10236_aligned.jpg
neutral,all_test\neutral\train_train_10237_aligned.jpg
neutral,all_test\neutral\train_train_10238_aligned.jpg
neutral,all_test\neutral\train_train_10239_aligned.jpg
neutral,all_test\neutral\train_train_10240_aligned.jpg
neutral,all_test\neutral\train_train_10241_aligned.jpg
neutral,all_test\neutral\train_train_10242_aligned.jpg
neutral,all_test\neutral\train_train_10243_aligned.jpg
neutral,all_test\neutral\train_train_10244_aligned.jpg
neutral,all_test\neutral\train_train_10245_aligned.jpg
neutral,all_test\neutral\train_train_10246_aligned.jpg
neutral,all_test\neutral\train_train_10247_aligned.jpg
neutral,all_test\neutral\train_train_10248_aligned.jpg
neutral,all_test\neutral\train_train_10249_aligned.jpg
neutral,all_test\neutral\train_train_10250_aligned.jpg
neutral,all_test\neutral\train_train_10251_aligned.jpg
neutral,all_test\neutral\train_train_10252_aligned.jpg
neutral,all_test\neutral\train_train_10253_aligned.jpg
neutral,all_test\neutral\train_train_10254_aligned.jpg
neutral,all_test\neutral\train_train_10255_aligned.jpg
neutral,all_test\neutral\train_train_10256_aligned.jpg
neutral,all_test\neutral\train_train_10257_aligned.jpg
neutral,all_test\neutral\train_train_10258_aligned.jpg
neutral,all_test\neutral\train_train_10259_aligned.jpg
neutral,all_test\neutral\train_train_10260_aligned.jpg
neutral,all_test\neutral\train_train_10261_aligned.jpg
neutral,all_test\neutral\train_train_10262_aligned.jpg
neutral,all_test\neutral\train_train_10263_aligned.jpg
neutral,all_test\neutral\train_train_10264_aligned.jpg
neutral,all_test\neutral\train_train_10265_aligned.jpg
neutral,all_test\neutral\train_train_10266_aligned.jpg
neutral,all_test\neutral\train_train_10267_aligned.jpg
neutral,all_test\neutral\train_train_10268_aligned.jpg
neutral,all_test\neutral\train_train_10269_aligned.jpg
neutral,all_test\neutral\train_train_10270_aligned.jpg
neutral,all_test\neutral\train_train_10271_aligned.jpg
neutral,all_test\neutral\train_train_10272_aligned.jpg
neutral,all_test\neutral\train_train_10273_aligned.jpg
neutral,all_test\neutral\train_train_10274_aligned.jpg
neutral,all_test\neutral\train_train_10275_aligned.jpg
neutral,all_test\neutral\train_train_10276_aligned.jpg
neutral,all_test\neutral\train_train_10277_aligned.jpg
neutral,all_test\neutral\train_train_10278_aligned.jpg
neutral,all_test\neutral\train_train_10279_aligned.jpg
neutral,all_test\neutral\train_train_10280_aligned.jpg
neutral,all_test\neutral\train_train_10281_aligned.jpg
neutral,all_test\neutral\train_train_10282_aligned.jpg
neutral,all_test\neutral\train_train_10283_aligned.jpg
neutral,all_test\neutral\train_train_10284_aligned.jpg
neutral,all_test\neutral\train_train_10285_aligned.jpg
neutral,all_test\neutral\train_train_10286_aligned.jpg
neutral,all_test\neutral\train_train_10287_aligned.jpg
neutral,all_test\neutral\train_train_10288_aligned.jpg
neutral,all_test\neutral\train_train_10289_aligned.jpg
neutral,all_test\neutral\train_train_10290_aligned.jpg
neutral,all_test\neutral\train_train_10291_aligned.jpg
neutral,all_test\neutral\train_train_10292_aligned.jpg
neutral,all_test\neutral\train_train_10293_aligned.jpg
neutral,all_test\neutral\train_train_10294_aligned.jpg
neutral,all_test\neutral\train_train_10295_aligned.jpg
neutral,all_test\neutral\train_train_10296_aligned.jpg
neutral,all_test\neutral\train_train_10297_aligned.jpg
neutral,all_test\neutral\train_train_10298_aligned.jpg
neutral,all_test\neutral\train_train_10299_aligned.jpg
neutral,all_test\neutral\train_train_10300_aligned.jpg
neutral,all_test\neutral\train_train_10301_aligned.jpg
neutral,all_test\neutral\train_train_10302_aligned.jpg
neutral,all_test\neutral\train_train_10303_aligned.jpg
neutral,all_test\neutral\train_train_10304_aligned.jpg
neutral,all_test\neutral\train_train_10305_aligned.jpg
neutral,all_test\neutral\train_train_10306_aligned.jpg
neutral,all_test\neutral\train_train_10307_aligned.jpg
neutral,all_test\neutral\train_train_10308_aligned.jpg
neutral,all_test\neutral\train_train_10309_aligned.jpg
neutral,all_test\neutral\train_train_10310_aligned.jpg
neutral,all_test\neutral\train_train_10311_aligned.jpg
neutral,all_test\neutral\train_train_10312_aligned.jpg
neutral,all_test\neutral\train_train_10313_aligned.jpg
neutral,all_test\neutral\train_train_10314_aligned.jpg
neutral,all_test\neutral\train_train_10315_aligned.jpg
neutral,all_test\neutral\train_train_10316_aligned.jpg
neutral,all_test\neutral\train_train_10317_aligned.jpg
neutral,all_test\neutral\train_train_10318_aligned.jpg
neutral,all_test\neutral\train_train_10319_aligned.jpg
neutral,all_test\neutral\train_train_10320_aligned.jpg
neutral,all_test\neutral\train_train_10321_aligned.jpg
neutral,all_test\neutral\train_train_10322_aligned.jpg
neutral,all_test\neutral\train_train_10323_aligned.jpg
neutral,all_test\neutral\train_train_10324_aligned.jpg
neutral,all_test\neutral\train_train_10325_aligned.jpg
neutral,all_test\neutral\train_train_10326_aligned.jpg
neutral,all_test\neutral\train_train_10327_aligned.jpg
neutral,all_test\neutral\train_train_10328_aligned.jpg
neutral,all_test\neutral\train_train_10329_aligned.jpg
neutral,all_test\neutral\train_train_10330_aligned.jpg
neutral,all_test\neutral\train_train_10331_aligned.jpg
neutral,all_test\neutral\train_train_10332_aligned.jpg
neutral,all_test\neutral\train_train_10333_aligned.jpg
neutral,all_test\neutral\train_train_10334_aligned.jpg
neutral,all_test\neutral\train_train_10335_aligned.jpg
neutral,all_test\neutral\train_train_10336_aligned.jpg
neutral,all_test\neutral\train_train_10337_aligned.jpg
neutral,all_test\neutral\train_train_10338_aligned.jpg
neutral,all_test\neutral\train_train_10339_aligned.jpg
neutral,all_test\neutral\train_train_10340_aligned.jpg
neutral,all_test\neutral\train_train_10341_aligned.jpg
neutral,all_test\neutral\train_train_10342_aligned.jpg
neutral,all_test\neutral\train_train_10343_aligned.jpg
neutral,all_test\neutral\train_train_10344_aligned.jpg
neutral,all_test\neutral\train_train_10345_aligned.jpg
neutral,all_test\neutral\train_train_10346_aligned.jpg
neutral,all_test\neutral\train_train_10347_aligned.jpg
neutral,all_test\neutral\train_train_10348_aligned.jpg
neutral,all_test\neutral\train_train_10349_aligned.jpg
neutral,all_test\neutral\train_train_10350_aligned.jpg
neutral,all_test\neutral\train_train_10351_aligned.jpg
neutral,all_test\neutral\train_train_10352_aligned.jpg
neutral,all_test\neutral\train_train_10353_aligned.jpg
neutral,all_test\neutral\train_train_10354_aligned.jpg
neutral,all_test\neutral\train_train_10355_aligned.jpg
neutral,all_test\neutral\train_train_10356_aligned.jpg
neutral,all_test\neutral\train_train_10357_aligned.jpg
neutral,all_test\neutral\train_train_10358_aligned.jpg
neutral,all_test\neutral\train_train_10359_aligned.jpg
neutral,all_test\neutral\train_train_10360_aligned.jpg
neutral,all_test\neutral\train_train_10361_aligned.jpg
neutral,all_test\neutral\train_train_10362_aligned.jpg
neutral,all_test\neutral\train_train_10363_aligned.jpg
neutral,all_test\neutral\train_train_10364_aligned.jpg
neutral,all_test\neutral\train_train_10365_aligned.jpg
neutral,all_test\neutral\train_train_10366_aligned.jpg
neutral,all_test\neutral\train_train_10367_aligned.jpg
neutral,all_test\neutral\train_train_10368_aligned.jpg
neutral,all_test\neutral\train_train_10369_aligned.jpg
neutral,all_test\neutral\train_train_10370_aligned.jpg
neutral,all_test\neutral\train_train_10371_aligned.jpg
neutral,all_test\neutral\train_train_10372_aligned.jpg
neutral,all_test\neutral\train_train_10373_aligned.jpg
neutral,all_test\neutral\train_train_10374_aligned.jpg
neutral,all_test\neutral\train_train_10375_aligned.jpg
neutral,all_test\neutral\train_train_10376_aligned.jpg
neutral,all_test\neutral\train_train_10377_aligned.jpg
neutral,all_test\neutral\train_train_10378_aligned.jpg
neutral,all_test\neutral\train_train_10379_aligned.jpg
neutral,all_test\neutral\train_train_10380_aligned.jpg
neutral,all_test\neutral\train_train_10381_aligned.jpg
neutral,all_test\neutral\train_train_10382_aligned.jpg
neutral,all_test\neutral\train_train_10383_aligned.jpg
neutral,all_test\neutral\train_train_10384_aligned.jpg
neutral,all_test\neutral\train_train_10385_aligned.jpg
neutral,all_test\neutral\train_train_10386_aligned.jpg
neutral,all_test\neutral\train_train_10387_aligned.jpg
neutral,all_test\neutral\train_train_10388_aligned.jpg
neutral,all_test\neutral\train_train_10389_aligned.jpg
neutral,all_test\neutral\train_train_10390_aligned.jpg
neutral,all_test\neutral\train_train_10391_aligned.jpg
neutral,all_test\neutral\train_train_10392_aligned.jpg
neutral,all_test\neutral\train_train_10393_aligned.jpg
neutral,all_test\neutral\train_train_10394_aligned.jpg
neutral,all_test\neutral\train_train_10395_aligned.jpg
neutral,all_test\neutral\train_train_10396_aligned.jpg
neutral,all_test\neutral\train_train_10397_aligned.jpg
neutral,all_test\neutral\train_train_10398_aligned.jpg
neutral,all_test\neutral\train_train_10399_aligned.jpg
neutral,all_test\neutral\train_train_10400_aligned.jpg
neutral,all_test\neutral\train_train_10401_aligned.jpg
neutral,all_test\neutral\train_train_10402_aligned.jpg
neutral,all_test\neutral\train_train_10403_aligned.jpg
neutral,all_test\neutral\train_train_10404_aligned.jpg
neutral,all_test\neutral\train_train_10405_aligned.jpg
neutral,all_test\neutral\train_train_10406_aligned.jpg
neutral,all_test\neutral\train_train_10407_aligned.jpg
neutral,all_test\neutral\train_train_10408_aligned.jpg
neutral,all_test\neutral\train_train_10409_aligned.jpg
neutral,all_test\neutral\train_train_10410_aligned.jpg
neutral,all_test\neutral\train_train_10411_aligned.jpg
neutral,all_test\neutral\train_train_10412_aligned.jpg
neutral,all_test\neutral\train_train_10413_aligned.jpg
neutral,all_test\neutral\train_train_10414_aligned.jpg
neutral,all_test\neutral\train_train_10415_aligned.jpg
neutral,all_test\neutral\train_train_10416_aligned.jpg
neutral,all_test\neutral\train_train_10417_aligned.jpg
neutral,all_test\neutral\train_train_10418_aligned.jpg
neutral,all_test\neutral\train_train_10419_aligned.jpg
neutral,all_test\neutral\train_train_10420_aligned.jpg
neutral,all_test\neutral\train_train_10421_aligned.jpg
neutral,all_test\neutral\train_train_10422_aligned.jpg
neutral,all_test\neutral\train_train_10423_aligned.jpg
neutral,all_test\neutral\train_train_10424_aligned.jpg
neutral,all_test\neutral\train_train_10425_aligned.jpg
neutral,all_test\neutral\train_train_10426_aligned.jpg
neutral,all_test\neutral\train_train_10427_aligned.jpg
neutral,all_test\neutral\train_train_10428_aligned.jpg
neutral,all_test\neutral\train_train_10429_aligned.jpg
neutral,all_test\neutral\train_train_10430_aligned.jpg
neutral,all_test\neutral\train_train_10431_aligned.jpg
neutral,all_test\neutral\train_train_10432_aligned.jpg
neutral,all_test\neutral\train_train_10433_aligned.jpg
neutral,all_test\neutral\train_train_10434_aligned.jpg
neutral,all_test\neutral\train_train_10435_aligned.jpg
neutral,all_test\neutral\train_train_10436_aligned.jpg
neutral,all_test\neutral\train_train_10437_aligned.jpg
neutral,all_test\neutral\train_train_10438_aligned.jpg
neutral,all_test\neutral\train_train_10439_aligned.jpg
neutral,all_test\neutral\train_train_10440_aligned.jpg
neutral,all_test\neutral\train_train_10441_aligned.jpg
neutral,all_test\neutral\train_train_10442_aligned.jpg
neutral,all_test\neutral\train_train_10443_aligned.jpg
neutral,all_test\neutral\train_train_10444_aligned.jpg
neutral,all_test\neutral\train_train_10445_aligned.jpg
neutral,all_test\neutral\train_train_10446_aligned.jpg
neutral,all_test\neutral\train_train_10447_aligned.jpg
neutral,all_test\neutral\train_train_10448_aligned.jpg
neutral,all_test\neutral\train_train_10449_aligned.jpg
neutral,all_test\neutral\train_train_10450_aligned.jpg
neutral,all_test\neutral\train_train_10451_aligned.jpg
neutral,all_test\neutral\train_train_10452_aligned.jpg
neutral,all_test\neutral\train_train_10453_aligned.jpg
neutral,all_test\neutral\train_train_10454_aligned.jpg
neutral,all_test\neutral\train_train_10455_aligned.jpg
neutral,all_test\neutral\train_train_10456_aligned.jpg
neutral,all_test\neutral\train_train_10457_aligned.jpg
neutral,all_test\neutral\train_train_10458_aligned.jpg
neutral,all_test\neutral\train_train_10459_aligned.jpg
neutral,all_test\neutral\train_train_10460_aligned.jpg
neutral,all_test\neutral\train_train_10461_aligned.jpg
neutral,all_test\neutral\train_train_10462_aligned.jpg
neutral,all_test\neutral\train_train_10463_aligned.jpg
neutral,all_test\neutral\train_train_10464_aligned.jpg
neutral,all_test\neutral\train_train_10465_aligned.jpg
neutral,all_test\neutral\train_train_10466_aligned.jpg
neutral,all_test\neutral\train_train_10467_aligned.jpg
neutral,all_test\neutral\train_train_10468_aligned.jpg
neutral,all_test\neutral\train_train_10469_aligned.jpg
neutral,all_test\neutral\train_train_10470_aligned.jpg
neutral,all_test\neutral\train_train_10471_aligned.jpg
neutral,all_test\neutral\train_train_10472_aligned.jpg
neutral,all_test\neutral\train_train_10473_aligned.jpg
neutral,all_test\neutral\train_train_10474_aligned.jpg
neutral,all_test\neutral\train_train_10475_aligned.jpg
neutral,all_test\neutral\train_train_10476_aligned.jpg
neutral,all_test\neutral\train_train_10477_aligned.jpg
neutral,all_test\neutral\train_train_10478_aligned.jpg
neutral,all_test\neutral\train_train_10479_aligned.jpg
neutral,all_test\neutral\train_train_10480_aligned.jpg
neutral,all_test\neutral\train_train_10481_aligned.jpg
neutral,all_test\neutral\train_train_10482_aligned.jpg
neutral,all_test\neutral\train_train_10483_aligned.jpg
neutral,all_test\neutral\train_train_10484_aligned.jpg
neutral,all_test\neutral\train_train_10485_aligned.jpg
neutral,all_test\neutral\train_train_10486_aligned.jpg
neutral,all_test\neutral\train_train_10487_aligned.jpg
neutral,all_test\neutral\train_train_10488_aligned.jpg
neutral,all_test\neutral\train_train_10489_aligned.jpg
neutral,all_test\neutral\train_train_10490_aligned.jpg
neutral,all_test\neutral\train_train_10491_aligned.jpg
neutral,all_test\neutral\train_train_10492_aligned.jpg
neutral,all_test\neutral\train_train_10493_aligned.jpg
neutral,all_test\neutral\train_train_10494_aligned.jpg
neutral,all_test\neutral\train_train_10495_aligned.jpg
neutral,all_test\neutral\train_train_10496_aligned.jpg
neutral,all_test\neutral\train_train_10497_aligned.jpg
neutral,all_test\neutral\train_train_10498_aligned.jpg
neutral,all_test\neutral\train_train_10499_aligned.jpg
neutral,all_test\neutral\train_train_10500_aligned.jpg
neutral,all_test\neutral\train_train_10501_aligned.jpg
neutral,all_test\neutral\train_train_10502_aligned.jpg
neutral,all_test\neutral\train_train_10503_aligned.jpg
neutral,all_test\neutral\train_train_10504_aligned.jpg
neutral,all_test\neutral\train_train_10505_aligned.jpg
neutral,all_test\neutral\train_train_10506_aligned.jpg
neutral,all_test\neutral\train_train_10507_aligned.jpg
neutral,all_test\neutral\train_train_10508_aligned.jpg
neutral,all_test\neutral\train_train_10509_aligned.jpg
neutral,all_test\neutral\train_train_10510_aligned.jpg
neutral,all_test\neutral\train_train_10511_aligned.jpg
neutral,all_test\neutral\train_train_10512_aligned.jpg
neutral,all_test\neutral\train_train_10513_aligned.jpg
neutral,all_test\neutral\train_train_10514_aligned.jpg
neutral,all_test\neutral\train_train_10515_aligned.jpg
neutral,all_test\neutral\train_train_10516_aligned.jpg
neutral,all_test\neutral\train_train_10517_aligned.jpg
neutral,all_test\neutral\train_train_10518_aligned.jpg
neutral,all_test\neutral\train_train_10519_aligned.jpg
neutral,all_test\neutral\train_train_10520_aligned.jpg
neutral,all_test\neutral\train_train_10521_aligned.jpg
neutral,all_test\neutral\train_train_10522_aligned.jpg
neutral,all_test\neutral\train_train_10523_aligned.jpg
neutral,all_test\neutral\train_train_10524_aligned.jpg
neutral,all_test\neutral\train_train_10525_aligned.jpg
neutral,all_test\neutral\train_train_10526_aligned.jpg
neutral,all_test\neutral\train_train_10527_aligned.jpg
neutral,all_test\neutral\train_train_10528_aligned.jpg
neutral,all_test\neutral\train_train_10529_aligned.jpg
neutral,all_test\neutral\train_train_10530_aligned.jpg
neutral,all_test\neutral\train_train_10531_aligned.jpg
neutral,all_test\neutral\train_train_10532_aligned.jpg
neutral,all_test\neutral\train_train_10533_aligned.jpg
neutral,all_test\neutral\train_train_10534_aligned.jpg
neutral,all_test\neutral\train_train_10535_aligned.jpg
neutral,all_test\neutral\train_train_10536_aligned.jpg
neutral,all_test\neutral\train_train_10537_aligned.jpg
neutral,all_test\neutral\train_train_10538_aligned.jpg
neutral,all_test\neutral\train_train_10539_aligned.jpg
neutral,all_test\neutral\train_train_10540_aligned.jpg
neutral,all_test\neutral\train_train_10541_aligned.jpg
neutral,all_test\neutral\train_train_10542_aligned.jpg
neutral,all_test\neutral\train_train_10543_aligned.jpg
neutral,all_test\neutral\train_train_10544_aligned.jpg
neutral,all_test\neutral\train_train_10545_aligned.jpg
neutral,all_test\neutral\train_train_10546_aligned.jpg
neutral,all_test\neutral\train_train_10547_aligned.jpg
neutral,all_test\neutral\train_train_10548_aligned.jpg
neutral,all_test\neutral\train_train_10549_aligned.jpg
neutral,all_test\neutral\train_train_10550_aligned.jpg
neutral,all_test\neutral\train_train_10551_aligned.jpg
neutral,all_test\neutral\train_train_10552_aligned.jpg
neutral,all_test\neutral\train_train_10553_aligned.jpg
neutral,all_test\neutral\train_train_10554_aligned.jpg
neutral,all_test\neutral\train_train_10555_aligned.jpg
neutral,all_test\neutral\train_train_10556_aligned.jpg
neutral,all_test\neutral\train_train_10557_aligned.jpg
neutral,all_test\neutral\train_train_10558_aligned.jpg
neutral,all_test\neutral\train_train_10559_aligned.jpg
neutral,all_test\neutral\train_train_10560_aligned.jpg
neutral,all_test\neutral\train_train_10561_aligned.jpg
neutral,all_test\neutral\train_train_10562_aligned.jpg
neutral,all_test\neutral\train_train_10563_aligned.jpg
neutral,all_test\neutral\train_train_10564_aligned.jpg
neutral,all_test\neutral\train_train_10565_aligned.jpg
neutral,all_test\neutral\train_train_10566_aligned.jpg
neutral,all_test\neutral\train_train_10567_aligned.jpg
neutral,all_test\neutral\train_train_10568_aligned.jpg
neutral,all_test\neutral\train_train_10569_aligned.jpg
neutral,all_test\neutral\train_train_10570_aligned.jpg
neutral,all_test\neutral\train_train_10571_aligned.jpg
neutral,all_test\neutral\train_train_10572_aligned.jpg
neutral,all_test\neutral\train_train_10573_aligned.jpg
neutral,all_test\neutral\train_train_10574_aligned.jpg
neutral,all_test\neutral\train_train_10575_aligned.jpg
neutral,all_test\neutral\train_train_10576_aligned.jpg
neutral,all_test\neutral\train_train_10577_aligned.jpg
neutral,all_test\neutral\train_train_10578_aligned.jpg
neutral,all_test\neutral\train_train_10579_aligned.jpg
neutral,all_test\neutral\train_train_10580_aligned.jpg
neutral,all_test\neutral\train_train_10581_aligned.jpg
neutral,all_test\neutral\train_train_10582_aligned.jpg
neutral,all_test\neutral\train_train_10583_aligned.jpg
neutral,all_test\neutral\train_train_10584_aligned.jpg
neutral,all_test\neutral\train_train_10585_aligned.jpg
neutral,all_test\neutral\train_train_10586_aligned.jpg
neutral,all_test\neutral\train_train_10587_aligned.jpg
neutral,all_test\neutral\train_train_10588_aligned.jpg
neutral,all_test\neutral\train_train_10589_aligned.jpg
neutral,all_test\neutral\train_train_10590_aligned.jpg
neutral,all_test\neutral\train_train_10591_aligned.jpg
neutral,all_test\neutral\train_train_10592_aligned.jpg
neutral,all_test\neutral\train_train_10593_aligned.jpg
neutral,all_test\neutral\train_train_10594_aligned.jpg
neutral,all_test\neutral\train_train_10595_aligned.jpg
neutral,all_test\neutral\train_train_10596_aligned.jpg
neutral,all_test\neutral\train_train_10597_aligned.jpg
neutral,all_test\neutral\train_train_10598_aligned.jpg
neutral,all_test\neutral\train_train_10599_aligned.jpg
neutral,all_test\neutral\train_train_10600_aligned.jpg
neutral,all_test\neutral\train_train_10601_aligned.jpg
neutral,all_test\neutral\train_train_10602_aligned.jpg
neutral,all_test\neutral\train_train_10603_aligned.jpg
neutral,all_test\neutral\train_train_10604_aligned.jpg
neutral,all_test\neutral\train_train_10605_aligned.jpg
neutral,all_test\neutral\train_train_10606_aligned.jpg
neutral,all_test\neutral\train_train_10607_aligned.jpg
neutral,all_test\neutral\train_train_10608_aligned.jpg
neutral,all_test\neutral\train_train_10609_aligned.jpg
neutral,all_test\neutral\train_train_10610_aligned.jpg
neutral,all_test\neutral\train_train_10611_aligned.jpg
neutral,all_test\neutral\train_train_10612_aligned.jpg
neutral,all_test\neutral\train_train_10613_aligned.jpg
neutral,all_test\neutral\train_train_10614_aligned.jpg
neutral,all_test\neutral\train_train_10615_aligned.jpg
neutral,all_test\neutral\train_train_10616_aligned.jpg
neutral,all_test\neutral\train_train_10617_aligned.jpg
neutral,all_test\neutral\train_train_10618_aligned.jpg
neutral,all_test\neutral\train_train_10619_aligned.jpg
neutral,all_test\neutral\train_train_10620_aligned.jpg
neutral,all_test\neutral\train_train_10621_aligned.jpg
neutral,all_test\neutral\train_train_10622_aligned.jpg
neutral,all_test\neutral\train_train_10623_aligned.jpg
neutral,all_test\neutral\train_train_10624_aligned.jpg
neutral,all_test\neutral\train_train_10625_aligned.jpg
neutral,all_test\neutral\train_train_10626_aligned.jpg
neutral,all_test\neutral\train_train_10627_aligned.jpg
neutral,all_test\neutral\train_train_10628_aligned.jpg
neutral,all_test\neutral\train_train_10629_aligned.jpg
neutral,all_test\neutral\train_train_10630_aligned.jpg
neutral,all_test\neutral\train_train_10631_aligned.jpg
neutral,all_test\neutral\train_train_10632_aligned.jpg
neutral,all_test\neutral\train_train_10633_aligned.jpg
neutral,all_test\neutral\train_train_10634_aligned.jpg
neutral,all_test\neutral\train_train_10635_aligned.jpg
neutral,all_test\neutral\train_train_10636_aligned.jpg
neutral,all_test\neutral\train_train_10637_aligned.jpg
neutral,all_test\neutral\train_train_10638_aligned.jpg
neutral,all_test\neutral\train_train_10639_aligned.jpg
neutral,all_test\neutral\train_train_10640_aligned.jpg
neutral,all_test\neutral\train_train_10641_aligned.jpg
neutral,all_test\neutral\train_train_10642_aligned.jpg
neutral,all_test\neutral\train_train_10643_aligned.jpg
neutral,all_test\neutral\train_train_10644_aligned.jpg
neutral,all_test\neutral\train_train_10645_aligned.jpg
neutral,all_test\neutral\train_train_10646_aligned.jpg
neutral,all_test\neutral\train_train_10647_aligned.jpg
neutral,all_test\neutral\train_train_10648_aligned.jpg
neutral,all_test\neutral\train_train_10649_aligned.jpg
neutral,all_test\neutral\train_train_10650_aligned.jpg
neutral,all_test\neutral\train_train_10651_aligned.jpg
neutral,all_test\neutral\train_train_10652_aligned.jpg
neutral,all_test\neutral\train_train_10653_aligned.jpg
neutral,all_test\neutral\train_train_10654_aligned.jpg
neutral,all_test\neutral\train_train_10655_aligned.jpg
neutral,all_test\neutral\train_train_10656_aligned.jpg
neutral,all_test\neutral\train_train_10657_aligned.jpg
neutral,all_test\neutral\train_train_10658_aligned.jpg
neutral,all_test\neutral\train_train_10659_aligned.jpg
neutral,all_test\neutral\train_train_10660_aligned.jpg
neutral,all_test\neutral\train_train_10661_aligned.jpg
neutral,all_test\neutral\train_train_10662_aligned.jpg
neutral,all_test\neutral\train_train_10663_aligned.jpg
neutral,all_test\neutral\train_train_10664_aligned.jpg
neutral,all_test\neutral\train_train_10665_aligned.jpg
neutral,all_test\neutral\train_train_10666_aligned.jpg
neutral,all_test\neutral\train_train_10667_aligned.jpg
neutral,all_test\neutral\train_train_10668_aligned.jpg
neutral,all_test\neutral\train_train_10669_aligned.jpg
neutral,all_test\neutral\train_train_10670_aligned.jpg
neutral,all_test\neutral\train_train_10671_aligned.jpg
neutral,all_test\neutral\train_train_10672_aligned.jpg
neutral,all_test\neutral\train_train_10673_aligned.jpg
neutral,all_test\neutral\train_train_10674_aligned.jpg
neutral,all_test\neutral\train_train_10675_aligned.jpg
neutral,all_test\neutral\train_train_10676_aligned.jpg
neutral,all_test\neutral\train_train_10677_aligned.jpg
neutral,all_test\neutral\train_train_10678_aligned.jpg
neutral,all_test\neutral\train_train_10679_aligned.jpg
neutral,all_test\neutral\train_train_10680_aligned.jpg
neutral,all_test\neutral\train_train_10681_aligned.jpg
neutral,all_test\neutral\train_train_10682_aligned.jpg
neutral,all_test\neutral\train_train_10683_aligned.jpg
neutral,all_test\neutral\train_train_10684_aligned.jpg
neutral,all_test\neutral\train_train_10685_aligned.jpg
neutral,all_test\neutral\train_train_10686_aligned.jpg
neutral,all_test\neutral\train_train_10687_aligned.jpg
neutral,all_test\neutral\train_train_10688_aligned.jpg
neutral,all_test\neutral\train_train_10689_aligned.jpg
neutral,all_test\neutral\train_train_10690_aligned.jpg
neutral,all_test\neutral\train_train_10691_aligned.jpg
neutral,all_test\neutral\train_train_10692_aligned.jpg
neutral,all_test\neutral\train_train_10693_aligned.jpg
neutral,all_test\neutral\train_train_10694_aligned.jpg
neutral,all_test\neutral\train_train_10695_aligned.jpg
neutral,all_test\neutral\train_train_10696_aligned.jpg
neutral,all_test\neutral\train_train_10697_aligned.jpg
neutral,all_test\neutral\train_train_10698_aligned.jpg
neutral,all_test\neutral\train_train_10699_aligned.jpg
neutral,all_test\neutral\train_train_10700_aligned.jpg
neutral,all_test\neutral\train_train_10701_aligned.jpg
neutral,all_test\neutral\train_train_10702_aligned.jpg
neutral,all_test\neutral\train_train_10703_aligned.jpg
neutral,all_test\neutral\train_train_10704_aligned.jpg
neutral,all_test\neutral\train_train_10705_aligned.jpg
neutral,all_test\neutral\train_train_10706_aligned.jpg
neutral,all_test\neutral\train_train_10707_aligned.jpg
neutral,all_test\neutral\train_train_10708_aligned.jpg
neutral,all_test\neutral\train_train_10709_aligned.jpg
neutral,all_test\neutral\train_train_10710_aligned.jpg
neutral,all_test\neutral\train_train_10711_aligned.jpg
neutral,all_test\neutral\train_train_10712_aligned.jpg
neutral,all_test\neutral\train_train_10713_aligned.jpg
neutral,all_test\neutral\train_train_10714_aligned.jpg
neutral,all_test\neutral\train_train_10715_aligned.jpg
neutral,all_test\neutral\train_train_10716_aligned.jpg
neutral,all_test\neutral\train_train_10717_aligned.jpg
neutral,all_test\neutral\train_train_10718_aligned.jpg
neutral,all_test\neutral\train_train_10719_aligned.jpg
neutral,all_test\neutral\train_train_10720_aligned.jpg
neutral,all_test\neutral\train_train_10721_aligned.jpg
neutral,all_test\neutral\train_train_10722_aligned.jpg
neutral,all_test\neutral\train_train_10723_aligned.jpg
neutral,all_test\neutral\train_train_10724_aligned.jpg
neutral,all_test\neutral\train_train_10725_aligned.jpg
neutral,all_test\neutral\train_train_10726_aligned.jpg
neutral,all_test\neutral\train_train_10727_aligned.jpg
neutral,all_test\neutral\train_train_10728_aligned.jpg
neutral,all_test\neutral\train_train_10729_aligned.jpg
neutral,all_test\neutral\train_train_10730_aligned.jpg
neutral,all_test\neutral\train_train_10731_aligned.jpg
neutral,all_test\neutral\train_train_10732_aligned.jpg
neutral,all_test\neutral\train_train_10733_aligned.jpg
neutral,all_test\neutral\train_train_10734_aligned.jpg
neutral,all_test\neutral\train_train_10735_aligned.jpg
neutral,all_test\neutral\train_train_10736_aligned.jpg
neutral,all_test\neutral\train_train_10737_aligned.jpg
neutral,all_test\neutral\train_train_10738_aligned.jpg
neutral,all_test\neutral\train_train_10739_aligned.jpg
neutral,all_test\neutral\train_train_10740_aligned.jpg
neutral,all_test\neutral\train_train_10741_aligned.jpg
neutral,all_test\neutral\train_train_10742_aligned.jpg
neutral,all_test\neutral\train_train_10743_aligned.jpg
neutral,all_test\neutral\train_train_10744_aligned.jpg
neutral,all_test\neutral\train_train_10745_aligned.jpg
neutral,all_test\neutral\train_train_10746_aligned.jpg
neutral,all_test\neutral\train_train_10747_aligned.jpg
neutral,all_test\neutral\train_train_10748_aligned.jpg
neutral,all_test\neutral\train_train_10749_aligned.jpg
neutral,all_test\neutral\train_train_10750_aligned.jpg
neutral,all_test\neutral\train_train_10751_aligned.jpg
neutral,all_test\neutral\train_train_10752_aligned.jpg
neutral,all_test\neutral\train_train_10753_aligned.jpg
neutral,all_test\neutral\train_train_10754_aligned.jpg
neutral,all_test\neutral\train_train_10755_aligned.jpg
neutral,all_test\neutral\train_train_10756_aligned.jpg
neutral,all_test\neutral\train_train_10757_aligned.jpg
neutral,all_test\neutral\train_train_10758_aligned.jpg
neutral,all_test\neutral\train_train_10759_aligned.jpg
neutral,all_test\neutral\train_train_10760_aligned.jpg
neutral,all_test\neutral\train_train_10761_aligned.jpg
neutral,all_test\neutral\train_train_10762_aligned.jpg
neutral,all_test\neutral\train_train_10763_aligned.jpg
neutral,all_test\neutral\train_train_10764_aligned.jpg
neutral,all_test\neutral\train_train_10765_aligned.jpg
neutral,all_test\neutral\train_train_10766_aligned.jpg
neutral,all_test\neutral\train_train_10767_aligned.jpg
neutral,all_test\neutral\train_train_10768_aligned.jpg
neutral,all_test\neutral\train_train_10769_aligned.jpg
neutral,all_test\neutral\train_train_10770_aligned.jpg
neutral,all_test\neutral\train_train_10771_aligned.jpg
neutral,all_test\neutral\train_train_10772_aligned.jpg
neutral,all_test\neutral\train_train_10773_aligned.jpg
neutral,all_test\neutral\train_train_10774_aligned.jpg
neutral,all_test\neutral\train_train_10775_aligned.jpg
neutral,all_test\neutral\train_train_10776_aligned.jpg
neutral,all_test\neutral\train_train_10777_aligned.jpg
neutral,all_test\neutral\train_train_10778_aligned.jpg
neutral,all_test\neutral\train_train_10779_aligned.jpg
neutral,all_test\neutral\train_train_10780_aligned.jpg
neutral,all_test\neutral\train_train_10781_aligned.jpg
neutral,all_test\neutral\train_train_10782_aligned.jpg
neutral,all_test\neutral\train_train_10783_aligned.jpg
neutral,all_test\neutral\train_train_10784_aligned.jpg
neutral,all_test\neutral\train_train_10785_aligned.jpg
neutral,all_test\neutral\train_train_10786_aligned.jpg
neutral,all_test\neutral\train_train_10787_aligned.jpg
neutral,all_test\neutral\train_train_10788_aligned.jpg
neutral,all_test\neutral\train_train_10789_aligned.jpg
neutral,all_test\neutral\train_train_10790_aligned.jpg
neutral,all_test\neutral\train_train_10791_aligned.jpg
neutral,all_test\neutral\train_train_10792_aligned.jpg
neutral,all_test\neutral\train_train_10793_aligned.jpg
neutral,all_test\neutral\train_train_10794_aligned.jpg
neutral,all_test\neutral\train_train_10795_aligned.jpg
neutral,all_test\neutral\train_train_10796_aligned.jpg
neutral,all_test\neutral\train_train_10797_aligned.jpg
neutral,all_test\neutral\train_train_10798_aligned.jpg
neutral,all_test\neutral\train_train_10799_aligned.jpg
neutral,all_test\neutral\train_train_10800_aligned.jpg
neutral,all_test\neutral\train_train_10801_aligned.jpg
neutral,all_test\neutral\train_train_10802_aligned.jpg
neutral,all_test\neutral\train_train_10803_aligned.jpg
neutral,all_test\neutral\train_train_10804_aligned.jpg
neutral,all_test\neutral\train_train_10805_aligned.jpg
neutral,all_test\neutral\train_train_10806_aligned.jpg
neutral,all_test\neutral\train_train_10807_aligned.jpg
neutral,all_test\neutral\train_train_10808_aligned.jpg
neutral,all_test\neutral\train_train_10809_aligned.jpg
neutral,all_test\neutral\train_train_10810_aligned.jpg
neutral,all_test\neutral\train_train_10811_aligned.jpg
neutral,all_test\neutral\train_train_10812_aligned.jpg
neutral,all_test\neutral\train_train_10813_aligned.jpg
neutral,all_test\neutral\train_train_10814_aligned.jpg
neutral,all_test\neutral\train_train_10815_aligned.jpg
neutral,all_test\neutral\train_train_10816_aligned.jpg
neutral,all_test\neutral\train_train_10817_aligned.jpg
neutral,all_test\neutral\train_train_10818_aligned.jpg
neutral,all_test\neutral\train_train_10819_aligned.jpg
neutral,all_test\neutral\train_train_10820_aligned.jpg
neutral,all_test\neutral\train_train_10821_aligned.jpg
neutral,all_test\neutral\train_train_10822_aligned.jpg
neutral,all_test\neutral\train_train_10823_aligned.jpg
neutral,all_test\neutral\train_train_10824_aligned.jpg
neutral,all_test\neutral\train_train_10825_aligned.jpg
neutral,all_test\neutral\train_train_10826_aligned.jpg
neutral,all_test\neutral\train_train_10827_aligned.jpg
neutral,all_test\neutral\train_train_10828_aligned.jpg
neutral,all_test\neutral\train_train_10829_aligned.jpg
neutral,all_test\neutral\train_train_10830_aligned.jpg
neutral,all_test\neutral\train_train_10831_aligned.jpg
neutral,all_test\neutral\train_train_10832_aligned.jpg
neutral,all_test\neutral\train_train_10833_aligned.jpg
neutral,all_test\neutral\train_train_10834_aligned.jpg
neutral,all_test\neutral\train_train_10835_aligned.jpg
neutral,all_test\neutral\train_train_10836_aligned.jpg
neutral,all_test\neutral\train_train_10837_aligned.jpg
neutral,all_test\neutral\train_train_10838_aligned.jpg
neutral,all_test\neutral\train_train_10839_aligned.jpg
neutral,all_test\neutral\train_train_10840_aligned.jpg
neutral,all_test\neutral\train_train_10841_aligned.jpg
neutral,all_test\neutral\train_train_10842_aligned.jpg
neutral,all_test\neutral\train_train_10843_aligned.jpg
neutral,all_test\neutral\train_train_10844_aligned.jpg
neutral,all_test\neutral\train_train_10845_aligned.jpg
neutral,all_test\neutral\train_train_10846_aligned.jpg
neutral,all_test\neutral\train_train_10847_aligned.jpg
neutral,all_test\neutral\train_train_10848_aligned.jpg
neutral,all_test\neutral\train_train_10849_aligned.jpg
neutral,all_test\neutral\train_train_10850_aligned.jpg
neutral,all_test\neutral\train_train_10851_aligned.jpg
neutral,all_test\neutral\train_train_10852_aligned.jpg
neutral,all_test\neutral\train_train_10853_aligned.jpg
neutral,all_test\neutral\train_train_10854_aligned.jpg
neutral,all_test\neutral\train_train_10855_aligned.jpg
neutral,all_test\neutral\train_train_10856_aligned.jpg
neutral,all_test\neutral\train_train_10857_aligned.jpg
neutral,all_test\neutral\train_train_10858_aligned.jpg
neutral,all_test\neutral\train_train_10859_aligned.jpg
neutral,all_test\neutral\train_train_10860_aligned.jpg
neutral,all_test\neutral\train_train_10861_aligned.jpg
neutral,all_test\neutral\train_train_10862_aligned.jpg
neutral,all_test\neutral\train_train_10863_aligned.jpg
neutral,all_test\neutral\train_train_10864_aligned.jpg
neutral,all_test\neutral\train_train_10865_aligned.jpg
neutral,all_test\neutral\train_train_10866_aligned.jpg
neutral,all_test\neutral\train_train_10867_aligned.jpg
neutral,all_test\neutral\train_train_10868_aligned.jpg
neutral,all_test\neutral\train_train_10869_aligned.jpg
neutral,all_test\neutral\train_train_10870_aligned.jpg
neutral,all_test\neutral\train_train_10871_aligned.jpg
neutral,all_test\neutral\train_train_10872_aligned.jpg
neutral,all_test\neutral\train_train_10873_aligned.jpg
neutral,all_test\neutral\train_train_10874_aligned.jpg
neutral,all_test\neutral\train_train_10875_aligned.jpg
neutral,all_test\neutral\train_train_10876_aligned.jpg
neutral,all_test\neutral\train_train_10877_aligned.jpg
neutral,all_test\neutral\train_train_10878_aligned.jpg
neutral,all_test\neutral\train_train_10879_aligned.jpg
neutral,all_test\neutral\train_train_10880_aligned.jpg
neutral,all_test\neutral\train_train_10881_aligned.jpg
neutral,all_test\neutral\train_train_10882_aligned.jpg
neutral,all_test\neutral\train_train_10883_aligned.jpg
neutral,all_test\neutral\train_train_10884_aligned.jpg
neutral,all_test\neutral\train_train_10885_aligned.jpg
neutral,all_test\neutral\train_train_10886_aligned.jpg
neutral,all_test\neutral\train_train_10887_aligned.jpg
neutral,all_test\neutral\train_train_10888_aligned.jpg
neutral,all_test\neutral\train_train_10889_aligned.jpg
neutral,all_test\neutral\train_train_10890_aligned.jpg
neutral,all_test\neutral\train_train_10891_aligned.jpg
neutral,all_test\neutral\train_train_10892_aligned.jpg
neutral,all_test\neutral\train_train_10893_aligned.jpg
neutral,all_test\neutral\train_train_10894_aligned.jpg
neutral,all_test\neutral\train_train_10895_aligned.jpg
neutral,all_test\neutral\train_train_10896_aligned.jpg
neutral,all_test\neutral\train_train_10897_aligned.jpg
neutral,all_test\neutral\train_train_10898_aligned.jpg
neutral,all_test\neutral\train_train_10899_aligned.jpg
neutral,all_test\neutral\train_train_10900_aligned.jpg
neutral,all_test\neutral\train_train_10901_aligned.jpg
neutral,all_test\neutral\train_train_10902_aligned.jpg
neutral,all_test\neutral\train_train_10903_aligned.jpg
neutral,all_test\neutral\train_train_10904_aligned.jpg
neutral,all_test\neutral\train_train_10905_aligned.jpg
neutral,all_test\neutral\train_train_10906_aligned.jpg
neutral,all_test\neutral\train_train_10907_aligned.jpg
neutral,all_test\neutral\train_train_10908_aligned.jpg
neutral,all_test\neutral\train_train_10909_aligned.jpg
neutral,all_test\neutral\train_train_10910_aligned.jpg
neutral,all_test\neutral\train_train_10911_aligned.jpg
neutral,all_test\neutral\train_train_10912_aligned.jpg
neutral,all_test\neutral\train_train_10913_aligned.jpg
neutral,all_test\neutral\train_train_10914_aligned.jpg
neutral,all_test\neutral\train_train_10915_aligned.jpg
neutral,all_test\neutral\train_train_10916_aligned.jpg
neutral,all_test\neutral\train_train_10917_aligned.jpg
neutral,all_test\neutral\train_train_10918_aligned.jpg
neutral,all_test\neutral\train_train_10919_aligned.jpg
neutral,all_test\neutral\train_train_10920_aligned.jpg
neutral,all_test\neutral\train_train_10921_aligned.jpg
neutral,all_test\neutral\train_train_10922_aligned.jpg
neutral,all_test\neutral\train_train_10923_aligned.jpg
neutral,all_test\neutral\train_train_10924_aligned.jpg
neutral,all_test\neutral\train_train_10925_aligned.jpg
neutral,all_test\neutral\train_train_10926_aligned.jpg
neutral,all_test\neutral\train_train_10927_aligned.jpg
neutral,all_test\neutral\train_train_10928_aligned.jpg
neutral,all_test\neutral\train_train_10929_aligned.jpg
neutral,all_test\neutral\train_train_10930_aligned.jpg
neutral,all_test\neutral\train_train_10931_aligned.jpg
neutral,all_test\neutral\train_train_10932_aligned.jpg
neutral,all_test\neutral\train_train_10933_aligned.jpg
neutral,all_test\neutral\train_train_10934_aligned.jpg
neutral,all_test\neutral\train_train_10935_aligned.jpg
neutral,all_test\neutral\train_train_10936_aligned.jpg
neutral,all_test\neutral\train_train_10937_aligned.jpg
neutral,all_test\neutral\train_train_10938_aligned.jpg
neutral,all_test\neutral\train_train_10939_aligned.jpg
neutral,all_test\neutral\train_train_10940_aligned.jpg
neutral,all_test\neutral\train_train_10941_aligned.jpg
neutral,all_test\neutral\train_train_10942_aligned.jpg
neutral,all_test\neutral\train_train_10943_aligned.jpg
neutral,all_test\neutral\train_train_10944_aligned.jpg
neutral,all_test\neutral\train_train_10945_aligned.jpg
neutral,all_test\neutral\train_train_10946_aligned.jpg
neutral,all_test\neutral\train_train_10947_aligned.jpg
neutral,all_test\neutral\train_train_10948_aligned.jpg
neutral,all_test\neutral\train_train_10949_aligned.jpg
neutral,all_test\neutral\train_train_10950_aligned.jpg
neutral,all_test\neutral\train_train_10951_aligned.jpg
neutral,all_test\neutral\train_train_10952_aligned.jpg
neutral,all_test\neutral\train_train_10953_aligned.jpg
neutral,all_test\neutral\train_train_10954_aligned.jpg
neutral,all_test\neutral\train_train_10955_aligned.jpg
neutral,all_test\neutral\train_train_10956_aligned.jpg
neutral,all_test\neutral\train_train_10957_aligned.jpg
neutral,all_test\neutral\train_train_10958_aligned.jpg
neutral,all_test\neutral\train_train_10959_aligned.jpg
neutral,all_test\neutral\train_train_10960_aligned.jpg
neutral,all_test\neutral\train_train_10961_aligned.jpg
neutral,all_test\neutral\train_train_10962_aligned.jpg
neutral,all_test\neutral\train_train_10963_aligned.jpg
neutral,all_test\neutral\train_train_10964_aligned.jpg
neutral,all_test\neutral\train_train_10965_aligned.jpg
neutral,all_test\neutral\train_train_10966_aligned.jpg
neutral,all_test\neutral\train_train_10967_aligned.jpg
neutral,all_test\neutral\train_train_10968_aligned.jpg
neutral,all_test\neutral\train_train_10969_aligned.jpg
neutral,all_test\neutral\train_train_10970_aligned.jpg
neutral,all_test\neutral\train_train_10971_aligned.jpg
neutral,all_test\neutral\train_train_10972_aligned.jpg
neutral,all_test\neutral\train_train_10973_aligned.jpg
neutral,all_test\neutral\train_train_10974_aligned.jpg
neutral,all_test\neutral\train_train_10975_aligned.jpg
neutral,all_test\neutral\train_train_10976_aligned.jpg
neutral,all_test\neutral\train_train_10977_aligned.jpg
neutral,all_test\neutral\train_train_10978_aligned.jpg
neutral,all_test\neutral\train_train_10979_aligned.jpg
neutral,all_test\neutral\train_train_10980_aligned.jpg
neutral,all_test\neutral\train_train_10981_aligned.jpg
neutral,all_test\neutral\train_train_10982_aligned.jpg
neutral,all_test\neutral\train_train_10983_aligned.jpg
neutral,all_test\neutral\train_train_10984_aligned.jpg
neutral,all_test\neutral\train_train_10985_aligned.jpg
neutral,all_test\neutral\train_train_10986_aligned.jpg
neutral,all_test\neutral\train_train_10987_aligned.jpg
neutral,all_test\neutral\train_train_10988_aligned.jpg
neutral,all_test\neutral\train_train_10989_aligned.jpg
neutral,all_test\neutral\train_train_10990_aligned.jpg
neutral,all_test\neutral\train_train_10991_aligned.jpg
neutral,all_test\neutral\train_train_10992_aligned.jpg
neutral,all_test\neutral\train_train_10993_aligned.jpg
neutral,all_test\neutral\train_train_10994_aligned.jpg
neutral,all_test\neutral\train_train_10995_aligned.jpg
neutral,all_test\neutral\train_train_10996_aligned.jpg
neutral,all_test\neutral\train_train_10997_aligned.jpg
neutral,all_test\neutral\train_train_10998_aligned.jpg
neutral,all_test\neutral\train_train_10999_aligned.jpg
neutral,all_test\neutral\train_train_11000_aligned.jpg
neutral,all_test\neutral\train_train_11001_aligned.jpg
neutral,all_test\neutral\train_train_11002_aligned.jpg
neutral,all_test\neutral\train_train_11003_aligned.jpg
neutral,all_test\neutral\train_train_11004_aligned.jpg
neutral,all_test\neutral\train_train_11005_aligned.jpg
neutral,all_test\neutral\train_train_11006_aligned.jpg
neutral,all_test\neutral\train_train_11007_aligned.jpg
neutral,all_test\neutral\train_train_11008_aligned.jpg
neutral,all_test\neutral\train_train_11009_aligned.jpg
neutral,all_test\neutral\train_train_11010_aligned.jpg
neutral,all_test\neutral\train_train_11011_aligned.jpg
neutral,all_test\neutral\train_train_11012_aligned.jpg
neutral,all_test\neutral\train_train_11013_aligned.jpg
neutral,all_test\neutral\train_train_11014_aligned.jpg
neutral,all_test\neutral\train_train_11015_aligned.jpg
neutral,all_test\neutral\train_train_11016_aligned.jpg
neutral,all_test\neutral\train_train_11017_aligned.jpg
neutral,all_test\neutral\train_train_11018_aligned.jpg
neutral,all_test\neutral\train_train_11019_aligned.jpg
neutral,all_test\neutral\train_train_11020_aligned.jpg
neutral,all_test\neutral\train_train_11021_aligned.jpg
neutral,all_test\neutral\train_train_11022_aligned.jpg
neutral,all_test\neutral\train_train_11023_aligned.jpg
neutral,all_test\neutral\train_train_11024_aligned.jpg
neutral,all_test\neutral\train_train_11025_aligned.jpg
neutral,all_test\neutral\train_train_11026_aligned.jpg
neutral,all_test\neutral\train_train_11027_aligned.jpg
neutral,all_test\neutral\train_train_11028_aligned.jpg
neutral,all_test\neutral\train_train_11029_aligned.jpg
neutral,all_test\neutral\train_train_11030_aligned.jpg
neutral,all_test\neutral\train_train_11031_aligned.jpg
neutral,all_test\neutral\train_train_11032_aligned.jpg
neutral,all_test\neutral\train_train_11033_aligned.jpg
neutral,all_test\neutral\train_train_11034_aligned.jpg
neutral,all_test\neutral\train_train_11035_aligned.jpg
neutral,all_test\neutral\train_train_11036_aligned.jpg
neutral,all_test\neutral\train_train_11037_aligned.jpg
neutral,all_test\neutral\train_train_11038_aligned.jpg
neutral,all_test\neutral\train_train_11039_aligned.jpg
neutral,all_test\neutral\train_train_11040_aligned.jpg
neutral,all_test\neutral\train_train_11041_aligned.jpg
neutral,all_test\neutral\train_train_11042_aligned.jpg
neutral,all_test\neutral\train_train_11043_aligned.jpg
neutral,all_test\neutral\train_train_11044_aligned.jpg
neutral,all_test\neutral\train_train_11045_aligned.jpg
neutral,all_test\neutral\train_train_11046_aligned.jpg
neutral,all_test\neutral\train_train_11047_aligned.jpg
neutral,all_test\neutral\train_train_11048_aligned.jpg
neutral,all_test\neutral\train_train_11049_aligned.jpg
neutral,all_test\neutral\train_train_11050_aligned.jpg
neutral,all_test\neutral\train_train_11051_aligned.jpg
neutral,all_test\neutral\train_train_11052_aligned.jpg
neutral,all_test\neutral\train_train_11053_aligned.jpg
neutral,all_test\neutral\train_train_11054_aligned.jpg
neutral,all_test\neutral\train_train_11055_aligned.jpg
neutral,all_test\neutral\train_train_11056_aligned.jpg
neutral,all_test\neutral\train_train_11057_aligned.jpg
neutral,all_test\neutral\train_train_11058_aligned.jpg
neutral,all_test\neutral\train_train_11059_aligned.jpg
neutral,all_test\neutral\train_train_11060_aligned.jpg
neutral,all_test\neutral\train_train_11061_aligned.jpg
neutral,all_test\neutral\train_train_11062_aligned.jpg
neutral,all_test\neutral\train_train_11063_aligned.jpg
neutral,all_test\neutral\train_train_11064_aligned.jpg
neutral,all_test\neutral\train_train_11065_aligned.jpg
neutral,all_test\neutral\train_train_11066_aligned.jpg
neutral,all_test\neutral\train_train_11067_aligned.jpg
neutral,all_test\neutral\train_train_11068_aligned.jpg
neutral,all_test\neutral\train_train_11069_aligned.jpg
neutral,all_test\neutral\train_train_11070_aligned.jpg
neutral,all_test\neutral\train_train_11071_aligned.jpg
neutral,all_test\neutral\train_train_11072_aligned.jpg
neutral,all_test\neutral\train_train_11073_aligned.jpg
neutral,all_test\neutral\train_train_11074_aligned.jpg
neutral,all_test\neutral\train_train_11075_aligned.jpg
neutral,all_test\neutral\train_train_11076_aligned.jpg
neutral,all_test\neutral\train_train_11077_aligned.jpg
neutral,all_test\neutral\train_train_11078_aligned.jpg
neutral,all_test\neutral\train_train_11079_aligned.jpg
neutral,all_test\neutral\train_train_11080_aligned.jpg
neutral,all_test\neutral\train_train_11081_aligned.jpg
neutral,all_test\neutral\train_train_11082_aligned.jpg
neutral,all_test\neutral\train_train_11083_aligned.jpg
neutral,all_test\neutral\train_train_11084_aligned.jpg
neutral,all_test\neutral\train_train_11085_aligned.jpg
neutral,all_test\neutral\train_train_11086_aligned.jpg
neutral,all_test\neutral\train_train_11087_aligned.jpg
neutral,all_test\neutral\train_train_11088_aligned.jpg
neutral,all_test\neutral\train_train_11089_aligned.jpg
neutral,all_test\neutral\train_train_11090_aligned.jpg
neutral,all_test\neutral\train_train_11091_aligned.jpg
neutral,all_test\neutral\train_train_11092_aligned.jpg
neutral,all_test\neutral\train_train_11093_aligned.jpg
neutral,all_test\neutral\train_train_11094_aligned.jpg
neutral,all_test\neutral\train_train_11095_aligned.jpg
neutral,all_test\neutral\train_train_11096_aligned.jpg
neutral,all_test\neutral\train_train_11097_aligned.jpg
neutral,all_test\neutral\train_train_11098_aligned.jpg
neutral,all_test\neutral\train_train_11099_aligned.jpg
neutral,all_test\neutral\train_train_11100_aligned.jpg
neutral,all_test\neutral\train_train_11101_aligned.jpg
neutral,all_test\neutral\train_train_11102_aligned.jpg
neutral,all_test\neutral\train_train_11103_aligned.jpg
neutral,all_test\neutral\train_train_11104_aligned.jpg
neutral,all_test\neutral\train_train_11105_aligned.jpg
neutral,all_test\neutral\train_train_11106_aligned.jpg
neutral,all_test\neutral\train_train_11107_aligned.jpg
neutral,all_test\neutral\train_train_11108_aligned.jpg
neutral,all_test\neutral\train_train_11109_aligned.jpg
neutral,all_test\neutral\train_train_11110_aligned.jpg
neutral,all_test\neutral\train_train_11111_aligned.jpg
neutral,all_test\neutral\train_train_11112_aligned.jpg
neutral,all_test\neutral\train_train_11113_aligned.jpg
neutral,all_test\neutral\train_train_11114_aligned.jpg
neutral,all_test\neutral\train_train_11115_aligned.jpg
neutral,all_test\neutral\train_train_11116_aligned.jpg
neutral,all_test\neutral\train_train_11117_aligned.jpg
neutral,all_test\neutral\train_train_11118_aligned.jpg
neutral,all_test\neutral\train_train_11119_aligned.jpg
neutral,all_test\neutral\train_train_11120_aligned.jpg
neutral,all_test\neutral\train_train_11121_aligned.jpg
neutral,all_test\neutral\train_train_11122_aligned.jpg
neutral,all_test\neutral\train_train_11123_aligned.jpg
neutral,all_test\neutral\train_train_11124_aligned.jpg
neutral,all_test\neutral\train_train_11125_aligned.jpg
neutral,all_test\neutral\train_train_11126_aligned.jpg
neutral,all_test\neutral\train_train_11127_aligned.jpg
neutral,all_test\neutral\train_train_11128_aligned.jpg
neutral,all_test\neutral\train_train_11129_aligned.jpg
neutral,all_test\neutral\train_train_11130_aligned.jpg
neutral,all_test\neutral\train_train_11131_aligned.jpg
neutral,all_test\neutral\train_train_11132_aligned.jpg
neutral,all_test\neutral\train_train_11133_aligned.jpg
neutral,all_test\neutral\train_train_11134_aligned.jpg
neutral,all_test\neutral\train_train_11135_aligned.jpg
neutral,all_test\neutral\train_train_11136_aligned.jpg
neutral,all_test\neutral\train_train_11137_aligned.jpg
neutral,all_test\neutral\train_train_11138_aligned.jpg
neutral,all_test\neutral\train_train_11139_aligned.jpg
neutral,all_test\neutral\train_train_11140_aligned.jpg
neutral,all_test\neutral\train_train_11141_aligned.jpg
neutral,all_test\neutral\train_train_11142_aligned.jpg
neutral,all_test\neutral\train_train_11143_aligned.jpg
neutral,all_test\neutral\train_train_11144_aligned.jpg
neutral,all_test\neutral\train_train_11145_aligned.jpg
neutral,all_test\neutral\train_train_11146_aligned.jpg
neutral,all_test\neutral\train_train_11147_aligned.jpg
neutral,all_test\neutral\train_train_11148_aligned.jpg
neutral,all_test\neutral\train_train_11149_aligned.jpg
neutral,all_test\neutral\train_train_11150_aligned.jpg
neutral,all_test\neutral\train_train_11151_aligned.jpg
neutral,all_test\neutral\train_train_11152_aligned.jpg
neutral,all_test\neutral\train_train_11153_aligned.jpg
neutral,all_test\neutral\train_train_11154_aligned.jpg
neutral,all_test\neutral\train_train_11155_aligned.jpg
neutral,all_test\neutral\train_train_11156_aligned.jpg
neutral,all_test\neutral\train_train_11157_aligned.jpg
neutral,all_test\neutral\train_train_11158_aligned.jpg
neutral,all_test\neutral\train_train_11159_aligned.jpg
neutral,all_test\neutral\train_train_11160_aligned.jpg
neutral,all_test\neutral\train_train_11161_aligned.jpg
neutral,all_test\neutral\train_train_11162_aligned.jpg
neutral,all_test\neutral\train_train_11163_aligned.jpg
neutral,all_test\neutral\train_train_11164_aligned.jpg
neutral,all_test\neutral\train_train_11165_aligned.jpg
neutral,all_test\neutral\train_train_11166_aligned.jpg
neutral,all_test\neutral\train_train_11167_aligned.jpg
neutral,all_test\neutral\train_train_11168_aligned.jpg
neutral,all_test\neutral\train_train_11169_aligned.jpg
neutral,all_test\neutral\train_train_11170_aligned.jpg
neutral,all_test\neutral\train_train_11171_aligned.jpg
neutral,all_test\neutral\train_train_11172_aligned.jpg
neutral,all_test\neutral\train_train_11173_aligned.jpg
neutral,all_test\neutral\train_train_11174_aligned.jpg
neutral,all_test\neutral\train_train_11175_aligned.jpg
neutral,all_test\neutral\train_train_11176_aligned.jpg
neutral,all_test\neutral\train_train_11177_aligned.jpg
neutral,all_test\neutral\train_train_11178_aligned.jpg
neutral,all_test\neutral\train_train_11179_aligned.jpg
neutral,all_test\neutral\train_train_11180_aligned.jpg
neutral,all_test\neutral\train_train_11181_aligned.jpg
neutral,all_test\neutral\train_train_11182_aligned.jpg
neutral,all_test\neutral\train_train_11183_aligned.jpg
neutral,all_test\neutral\train_train_11184_aligned.jpg
neutral,all_test\neutral\train_train_11185_aligned.jpg
neutral,all_test\neutral\train_train_11186_aligned.jpg
neutral,all_test\neutral\train_train_11187_aligned.jpg
neutral,all_test\neutral\train_train_11188_aligned.jpg
neutral,all_test\neutral\train_train_11189_aligned.jpg
neutral,all_test\neutral\train_train_11190_aligned.jpg
neutral,all_test\neutral\train_train_11191_aligned.jpg
neutral,all_test\neutral\train_train_11192_aligned.jpg
neutral,all_test\neutral\train_train_11193_aligned.jpg
neutral,all_test\neutral\train_train_11194_aligned.jpg
neutral,all_test\neutral\train_train_11195_aligned.jpg
neutral,all_test\neutral\train_train_11196_aligned.jpg
neutral,all_test\neutral\train_train_11197_aligned.jpg
neutral,all_test\neutral\train_train_11198_aligned.jpg
neutral,all_test\neutral\train_train_11199_aligned.jpg
neutral,all_test\neutral\train_train_11200_aligned.jpg
neutral,all_test\neutral\train_train_11201_aligned.jpg
neutral,all_test\neutral\train_train_11202_aligned.jpg
neutral,all_test\neutral\train_train_11203_aligned.jpg
neutral,all_test\neutral\train_train_11204_aligned.jpg
neutral,all_test\neutral\train_train_11205_aligned.jpg
neutral,all_test\neutral\train_train_11206_aligned.jpg
neutral,all_test\neutral\train_train_11207_aligned.jpg
neutral,all_test\neutral\train_train_11208_aligned.jpg
neutral,all_test\neutral\train_train_11209_aligned.jpg
neutral,all_test\neutral\train_train_11210_aligned.jpg
neutral,all_test\neutral\train_train_11211_aligned.jpg
neutral,all_test\neutral\train_train_11212_aligned.jpg
neutral,all_test\neutral\train_train_11213_aligned.jpg
neutral,all_test\neutral\train_train_11214_aligned.jpg
neutral,all_test\neutral\train_train_11215_aligned.jpg
neutral,all_test\neutral\train_train_11216_aligned.jpg
neutral,all_test\neutral\train_train_11217_aligned.jpg
neutral,all_test\neutral\train_train_11218_aligned.jpg
neutral,all_test\neutral\train_train_11219_aligned.jpg
neutral,all_test\neutral\train_train_11220_aligned.jpg
neutral,all_test\neutral\train_train_11221_aligned.jpg
neutral,all_test\neutral\train_train_11222_aligned.jpg
neutral,all_test\neutral\train_train_11223_aligned.jpg
neutral,all_test\neutral\train_train_11224_aligned.jpg
neutral,all_test\neutral\train_train_11225_aligned.jpg
neutral,all_test\neutral\train_train_11226_aligned.jpg
neutral,all_test\neutral\train_train_11227_aligned.jpg
neutral,all_test\neutral\train_train_11228_aligned.jpg
neutral,all_test\neutral\train_train_11229_aligned.jpg
neutral,all_test\neutral\train_train_11230_aligned.jpg
neutral,all_test\neutral\train_train_11231_aligned.jpg
neutral,all_test\neutral\train_train_11232_aligned.jpg
neutral,all_test\neutral\train_train_11233_aligned.jpg
neutral,all_test\neutral\train_train_11234_aligned.jpg
neutral,all_test\neutral\train_train_11235_aligned.jpg
neutral,all_test\neutral\train_train_11236_aligned.jpg
neutral,all_test\neutral\train_train_11237_aligned.jpg
neutral,all_test\neutral\train_train_11238_aligned.jpg
neutral,all_test\neutral\train_train_11239_aligned.jpg
neutral,all_test\neutral\train_train_11240_aligned.jpg
neutral,all_test\neutral\train_train_11241_aligned.jpg
neutral,all_test\neutral\train_train_11242_aligned.jpg
neutral,all_test\neutral\train_train_11243_aligned.jpg
neutral,all_test\neutral\train_train_11244_aligned.jpg
neutral,all_test\neutral\train_train_11245_aligned.jpg
neutral,all_test\neutral\train_train_11246_aligned.jpg
neutral,all_test\neutral\train_train_11247_aligned.jpg
neutral,all_test\neutral\train_train_11248_aligned.jpg
neutral,all_test\neutral\train_train_11249_aligned.jpg
neutral,all_test\neutral\train_train_11250_aligned.jpg
neutral,all_test\neutral\train_train_11251_aligned.jpg
neutral,all_test\neutral\train_train_11252_aligned.jpg
neutral,all_test\neutral\train_train_11253_aligned.jpg
neutral,all_test\neutral\train_train_11254_aligned.jpg
neutral,all_test\neutral\train_train_11255_aligned.jpg
neutral,all_test\neutral\train_train_11256_aligned.jpg
neutral,all_test\neutral\train_train_11257_aligned.jpg
neutral,all_test\neutral\train_train_11258_aligned.jpg
neutral,all_test\neutral\train_train_11259_aligned.jpg
neutral,all_test\neutral\train_train_11260_aligned.jpg
neutral,all_test\neutral\train_train_11261_aligned.jpg
neutral,all_test\neutral\train_train_11262_aligned.jpg
neutral,all_test\neutral\train_train_11263_aligned.jpg
neutral,all_test\neutral\train_train_11264_aligned.jpg
neutral,all_test\neutral\train_train_11265_aligned.jpg
neutral,all_test\neutral\train_train_11266_aligned.jpg
neutral,all_test\neutral\train_train_11267_aligned.jpg
neutral,all_test\neutral\train_train_11268_aligned.jpg
neutral,all_test\neutral\train_train_11269_aligned.jpg
neutral,all_test\neutral\train_train_11270_aligned.jpg
neutral,all_test\neutral\train_train_11271_aligned.jpg
neutral,all_test\neutral\train_train_11272_aligned.jpg
neutral,all_test\neutral\train_train_11273_aligned.jpg
neutral,all_test\neutral\train_train_11274_aligned.jpg
neutral,all_test\neutral\train_train_11275_aligned.jpg
neutral,all_test\neutral\train_train_11276_aligned.jpg
neutral,all_test\neutral\train_train_11277_aligned.jpg
neutral,all_test\neutral\train_train_11278_aligned.jpg
neutral,all_test\neutral\train_train_11279_aligned.jpg
neutral,all_test\neutral\train_train_11280_aligned.jpg
neutral,all_test\neutral\train_train_11281_aligned.jpg
neutral,all_test\neutral\train_train_11282_aligned.jpg
neutral,all_test\neutral\train_train_11283_aligned.jpg
neutral,all_test\neutral\train_train_11284_aligned.jpg
neutral,all_test\neutral\train_train_11285_aligned.jpg
neutral,all_test\neutral\train_train_11286_aligned.jpg
neutral,all_test\neutral\train_train_11287_aligned.jpg
neutral,all_test\neutral\train_train_11288_aligned.jpg
neutral,all_test\neutral\train_train_11289_aligned.jpg
neutral,all_test\neutral\train_train_11290_aligned.jpg
neutral,all_test\neutral\train_train_11291_aligned.jpg
neutral,all_test\neutral\train_train_11292_aligned.jpg
neutral,all_test\neutral\train_train_11293_aligned.jpg
neutral,all_test\neutral\train_train_11294_aligned.jpg
neutral,all_test\neutral\train_train_11295_aligned.jpg
neutral,all_test\neutral\train_train_11296_aligned.jpg
neutral,all_test\neutral\train_train_11297_aligned.jpg
neutral,all_test\neutral\train_train_11298_aligned.jpg
neutral,all_test\neutral\train_train_11299_aligned.jpg
neutral,all_test\neutral\train_train_11300_aligned.jpg
neutral,all_test\neutral\train_train_11301_aligned.jpg
neutral,all_test\neutral\train_train_11302_aligned.jpg
neutral,all_test\neutral\train_train_11303_aligned.jpg
neutral,all_test\neutral\train_train_11304_aligned.jpg
neutral,all_test\neutral\train_train_11305_aligned.jpg
neutral,all_test\neutral\train_train_11306_aligned.jpg
neutral,all_test\neutral\train_train_11307_aligned.jpg
neutral,all_test\neutral\train_train_11308_aligned.jpg
neutral,all_test\neutral\train_train_11309_aligned.jpg
neutral,all_test\neutral\train_train_11310_aligned.jpg
neutral,all_test\neutral\train_train_11311_aligned.jpg
neutral,all_test\neutral\train_train_11312_aligned.jpg
neutral,all_test\neutral\train_train_11313_aligned.jpg
neutral,all_test\neutral\train_train_11314_aligned.jpg
neutral,all_test\neutral\train_train_11315_aligned.jpg
neutral,all_test\neutral\train_train_11316_aligned.jpg
neutral,all_test\neutral\train_train_11317_aligned.jpg
neutral,all_test\neutral\train_train_11318_aligned.jpg
neutral,all_test\neutral\train_train_11319_aligned.jpg
neutral,all_test\neutral\train_train_11320_aligned.jpg
neutral,all_test\neutral\train_train_11321_aligned.jpg
neutral,all_test\neutral\train_train_11322_aligned.jpg
neutral,all_test\neutral\train_train_11323_aligned.jpg
neutral,all_test\neutral\train_train_11324_aligned.jpg
neutral,all_test\neutral\train_train_11325_aligned.jpg
neutral,all_test\neutral\train_train_11326_aligned.jpg
neutral,all_test\neutral\train_train_11327_aligned.jpg
neutral,all_test\neutral\train_train_11328_aligned.jpg
neutral,all_test\neutral\train_train_11329_aligned.jpg
neutral,all_test\neutral\train_train_11330_aligned.jpg
neutral,all_test\neutral\train_train_11331_aligned.jpg
neutral,all_test\neutral\train_train_11332_aligned.jpg
neutral,all_test\neutral\train_train_11333_aligned.jpg
neutral,all_test\neutral\train_train_11334_aligned.jpg
neutral,all_test\neutral\train_train_11335_aligned.jpg
neutral,all_test\neutral\train_train_11336_aligned.jpg
neutral,all_test\neutral\train_train_11337_aligned.jpg
neutral,all_test\neutral\train_train_11338_aligned.jpg
neutral,all_test\neutral\train_train_11339_aligned.jpg
neutral,all_test\neutral\train_train_11340_aligned.jpg
neutral,all_test\neutral\train_train_11341_aligned.jpg
neutral,all_test\neutral\train_train_11342_aligned.jpg
neutral,all_test\neutral\train_train_11343_aligned.jpg
neutral,all_test\neutral\train_train_11344_aligned.jpg
neutral,all_test\neutral\train_train_11345_aligned.jpg
neutral,all_test\neutral\train_train_11346_aligned.jpg
neutral,all_test\neutral\train_train_11347_aligned.jpg
neutral,all_test\neutral\train_train_11348_aligned.jpg
neutral,all_test\neutral\train_train_11349_aligned.jpg
neutral,all_test\neutral\train_train_11350_aligned.jpg
neutral,all_test\neutral\train_train_11351_aligned.jpg
neutral,all_test\neutral\train_train_11352_aligned.jpg
neutral,all_test\neutral\train_train_11353_aligned.jpg
neutral,all_test\neutral\train_train_11354_aligned.jpg
neutral,all_test\neutral\train_train_11355_aligned.jpg
neutral,all_test\neutral\train_train_11356_aligned.jpg
neutral,all_test\neutral\train_train_11357_aligned.jpg
neutral,all_test\neutral\train_train_11358_aligned.jpg
neutral,all_test\neutral\train_train_11359_aligned.jpg
neutral,all_test\neutral\train_train_11360_aligned.jpg
neutral,all_test\neutral\train_train_11361_aligned.jpg
neutral,all_test\neutral\train_train_11362_aligned.jpg
neutral,all_test\neutral\train_train_11363_aligned.jpg
neutral,all_test\neutral\train_train_11364_aligned.jpg
neutral,all_test\neutral\train_train_11365_aligned.jpg
neutral,all_test\neutral\train_train_11366_aligned.jpg
neutral,all_test\neutral\train_train_11367_aligned.jpg
neutral,all_test\neutral\train_train_11368_aligned.jpg
neutral,all_test\neutral\train_train_11369_aligned.jpg
neutral,all_test\neutral\train_train_11370_aligned.jpg
neutral,all_test\neutral\train_train_11371_aligned.jpg
neutral,all_test\neutral\train_train_11372_aligned.jpg
neutral,all_test\neutral\train_train_11373_aligned.jpg
neutral,all_test\neutral\train_train_11374_aligned.jpg
neutral,all_test\neutral\train_train_11375_aligned.jpg
neutral,all_test\neutral\train_train_11376_aligned.jpg
neutral,all_test\neutral\train_train_11377_aligned.jpg
neutral,all_test\neutral\train_train_11378_aligned.jpg
neutral,all_test\neutral\train_train_11379_aligned.jpg
neutral,all_test\neutral\train_train_11380_aligned.jpg
neutral,all_test\neutral\train_train_11381_aligned.jpg
neutral,all_test\neutral\train_train_11382_aligned.jpg
neutral,all_test\neutral\train_train_11383_aligned.jpg
neutral,all_test\neutral\train_train_11384_aligned.jpg
neutral,all_test\neutral\train_train_11385_aligned.jpg
neutral,all_test\neutral\train_train_11386_aligned.jpg
neutral,all_test\neutral\train_train_11387_aligned.jpg
neutral,all_test\neutral\train_train_11388_aligned.jpg
neutral,all_test\neutral\train_train_11389_aligned.jpg
neutral,all_test\neutral\train_train_11390_aligned.jpg
neutral,all_test\neutral\train_train_11391_aligned.jpg
neutral,all_test\neutral\train_train_11392_aligned.jpg
neutral,all_test\neutral\train_train_11393_aligned.jpg
neutral,all_test\neutral\train_train_11394_aligned.jpg
neutral,all_test\neutral\train_train_11395_aligned.jpg
neutral,all_test\neutral\train_train_11396_aligned.jpg
neutral,all_test\neutral\train_train_11397_aligned.jpg
neutral,all_test\neutral\train_train_11398_aligned.jpg
neutral,all_test\neutral\train_train_11399_aligned.jpg
neutral,all_test\neutral\train_train_11400_aligned.jpg
neutral,all_test\neutral\train_train_11401_aligned.jpg
neutral,all_test\neutral\train_train_11402_aligned.jpg
neutral,all_test\neutral\train_train_11403_aligned.jpg
neutral,all_test\neutral\train_train_11404_aligned.jpg
neutral,all_test\neutral\train_train_11405_aligned.jpg
neutral,all_test\neutral\train_train_11406_aligned.jpg
neutral,all_test\neutral\train_train_11407_aligned.jpg
neutral,all_test\neutral\train_train_11408_aligned.jpg
neutral,all_test\neutral\train_train_11409_aligned.jpg
neutral,all_test\neutral\train_train_11410_aligned.jpg
neutral,all_test\neutral\train_train_11411_aligned.jpg
neutral,all_test\neutral\train_train_11412_aligned.jpg
neutral,all_test\neutral\train_train_11413_aligned.jpg
neutral,all_test\neutral\train_train_11414_aligned.jpg
neutral,all_test\neutral\train_train_11415_aligned.jpg
neutral,all_test\neutral\train_train_11416_aligned.jpg
neutral,all_test\neutral\train_train_11417_aligned.jpg
neutral,all_test\neutral\train_train_11418_aligned.jpg
neutral,all_test\neutral\train_train_11419_aligned.jpg
neutral,all_test\neutral\train_train_11420_aligned.jpg
neutral,all_test\neutral\train_train_11421_aligned.jpg
neutral,all_test\neutral\train_train_11422_aligned.jpg
neutral,all_test\neutral\train_train_11423_aligned.jpg
neutral,all_test\neutral\train_train_11424_aligned.jpg
neutral,all_test\neutral\train_train_11425_aligned.jpg
neutral,all_test\neutral\train_train_11426_aligned.jpg
neutral,all_test\neutral\train_train_11427_aligned.jpg
neutral,all_test\neutral\train_train_11428_aligned.jpg
neutral,all_test\neutral\train_train_11429_aligned.jpg
neutral,all_test\neutral\train_train_11430_aligned.jpg
neutral,all_test\neutral\train_train_11431_aligned.jpg
neutral,all_test\neutral\train_train_11432_aligned.jpg
neutral,all_test\neutral\train_train_11433_aligned.jpg
neutral,all_test\neutral\train_train_11434_aligned.jpg
neutral,all_test\neutral\train_train_11435_aligned.jpg
neutral,all_test\neutral\train_train_11436_aligned.jpg
neutral,all_test\neutral\train_train_11437_aligned.jpg
neutral,all_test\neutral\train_train_11438_aligned.jpg
neutral,all_test\neutral\train_train_11439_aligned.jpg
neutral,all_test\neutral\train_train_11440_aligned.jpg
neutral,all_test\neutral\train_train_11441_aligned.jpg
neutral,all_test\neutral\train_train_11442_aligned.jpg
neutral,all_test\neutral\train_train_11443_aligned.jpg
neutral,all_test\neutral\train_train_11444_aligned.jpg
neutral,all_test\neutral\train_train_11445_aligned.jpg
neutral,all_test\neutral\train_train_11446_aligned.jpg
neutral,all_test\neutral\train_train_11447_aligned.jpg
neutral,all_test\neutral\train_train_11448_aligned.jpg
neutral,all_test\neutral\train_train_11449_aligned.jpg
neutral,all_test\neutral\train_train_11450_aligned.jpg
neutral,all_test\neutral\train_train_11451_aligned.jpg
neutral,all_test\neutral\train_train_11452_aligned.jpg
neutral,all_test\neutral\train_train_11453_aligned.jpg
neutral,all_test\neutral\train_train_11454_aligned.jpg
neutral,all_test\neutral\train_train_11455_aligned.jpg
neutral,all_test\neutral\train_train_11456_aligned.jpg
neutral,all_test\neutral\train_train_11457_aligned.jpg
neutral,all_test\neutral\train_train_11458_aligned.jpg
neutral,all_test\neutral\train_train_11459_aligned.jpg
neutral,all_test\neutral\train_train_11460_aligned.jpg
neutral,all_test\neutral\train_train_11461_aligned.jpg
neutral,all_test\neutral\train_train_11462_aligned.jpg
neutral,all_test\neutral\train_train_11463_aligned.jpg
neutral,all_test\neutral\train_train_11464_aligned.jpg
neutral,all_test\neutral\train_train_11465_aligned.jpg
neutral,all_test\neutral\train_train_11466_aligned.jpg
neutral,all_test\neutral\train_train_11467_aligned.jpg
neutral,all_test\neutral\train_train_11468_aligned.jpg
neutral,all_test\neutral\train_train_11469_aligned.jpg
neutral,all_test\neutral\train_train_11470_aligned.jpg
neutral,all_test\neutral\train_train_11471_aligned.jpg
neutral,all_test\neutral\train_train_11472_aligned.jpg
neutral,all_test\neutral\train_train_11473_aligned.jpg
neutral,all_test\neutral\train_train_11474_aligned.jpg
neutral,all_test\neutral\train_train_11475_aligned.jpg
neutral,all_test\neutral\train_train_11476_aligned.jpg
neutral,all_test\neutral\train_train_11477_aligned.jpg
neutral,all_test\neutral\train_train_11478_aligned.jpg
neutral,all_test\neutral\train_train_11479_aligned.jpg
neutral,all_test\neutral\train_train_11480_aligned.jpg
neutral,all_test\neutral\train_train_11481_aligned.jpg
neutral,all_test\neutral\train_train_11482_aligned.jpg
neutral,all_test\neutral\train_train_11483_aligned.jpg
neutral,all_test\neutral\train_train_11484_aligned.jpg
neutral,all_test\neutral\train_train_11485_aligned.jpg
neutral,all_test\neutral\train_train_11486_aligned.jpg
neutral,all_test\neutral\train_train_11487_aligned.jpg
neutral,all_test\neutral\train_train_11488_aligned.jpg
neutral,all_test\neutral\train_train_11489_aligned.jpg
neutral,all_test\neutral\train_train_11490_aligned.jpg
neutral,all_test\neutral\train_train_11491_aligned.jpg
neutral,all_test\neutral\train_train_11492_aligned.jpg
neutral,all_test\neutral\train_train_11493_aligned.jpg
neutral,all_test\neutral\train_train_11494_aligned.jpg
neutral,all_test\neutral\train_train_11495_aligned.jpg
neutral,all_test\neutral\train_train_11496_aligned.jpg
neutral,all_test\neutral\train_train_11497_aligned.jpg
neutral,all_test\neutral\train_train_11498_aligned.jpg
neutral,all_test\neutral\train_train_11499_aligned.jpg
neutral,all_test\neutral\train_train_11500_aligned.jpg
neutral,all_test\neutral\train_train_11501_aligned.jpg
neutral,all_test\neutral\train_train_11502_aligned.jpg
neutral,all_test\neutral\train_train_11503_aligned.jpg
neutral,all_test\neutral\train_train_11504_aligned.jpg
neutral,all_test\neutral\train_train_11505_aligned.jpg
neutral,all_test\neutral\train_train_11506_aligned.jpg
neutral,all_test\neutral\train_train_11507_aligned.jpg
neutral,all_test\neutral\train_train_11508_aligned.jpg
neutral,all_test\neutral\train_train_11509_aligned.jpg
neutral,all_test\neutral\train_train_11510_aligned.jpg
neutral,all_test\neutral\train_train_11511_aligned.jpg
neutral,all_test\neutral\train_train_11512_aligned.jpg
neutral,all_test\neutral\train_train_11513_aligned.jpg
neutral,all_test\neutral\train_train_11514_aligned.jpg
neutral,all_test\neutral\train_train_11515_aligned.jpg
neutral,all_test\neutral\train_train_11516_aligned.jpg
neutral,all_test\neutral\train_train_11517_aligned.jpg
neutral,all_test\neutral\train_train_11518_aligned.jpg
neutral,all_test\neutral\train_train_11519_aligned.jpg
neutral,all_test\neutral\train_train_11520_aligned.jpg
neutral,all_test\neutral\train_train_11521_aligned.jpg
neutral,all_test\neutral\train_train_11522_aligned.jpg
neutral,all_test\neutral\train_train_11523_aligned.jpg
neutral,all_test\neutral\train_train_11524_aligned.jpg
neutral,all_test\neutral\train_train_11525_aligned.jpg
neutral,all_test\neutral\train_train_11526_aligned.jpg
neutral,all_test\neutral\train_train_11527_aligned.jpg
neutral,all_test\neutral\train_train_11528_aligned.jpg
neutral,all_test\neutral\train_train_11529_aligned.jpg
neutral,all_test\neutral\train_train_11530_aligned.jpg
neutral,all_test\neutral\train_train_11531_aligned.jpg
neutral,all_test\neutral\train_train_11532_aligned.jpg
neutral,all_test\neutral\train_train_11533_aligned.jpg
neutral,all_test\neutral\train_train_11534_aligned.jpg
neutral,all_test\neutral\train_train_11535_aligned.jpg
neutral,all_test\neutral\train_train_11536_aligned.jpg
neutral,all_test\neutral\train_train_11537_aligned.jpg
neutral,all_test\neutral\train_train_11538_aligned.jpg
neutral,all_test\neutral\train_train_11539_aligned.jpg
neutral,all_test\neutral\train_train_11540_aligned.jpg
neutral,all_test\neutral\train_train_11541_aligned.jpg
neutral,all_test\neutral\train_train_11542_aligned.jpg
neutral,all_test\neutral\train_train_11543_aligned.jpg
neutral,all_test\neutral\train_train_11544_aligned.jpg
neutral,all_test\neutral\train_train_11545_aligned.jpg
neutral,all_test\neutral\train_train_11546_aligned.jpg
neutral,all_test\neutral\train_train_11547_aligned.jpg
neutral,all_test\neutral\train_train_11548_aligned.jpg
neutral,all_test\neutral\train_train_11549_aligned.jpg
neutral,all_test\neutral\train_train_11550_aligned.jpg
neutral,all_test\neutral\train_train_11551_aligned.jpg
neutral,all_test\neutral\train_train_11552_aligned.jpg
neutral,all_test\neutral\train_train_11553_aligned.jpg
neutral,all_test\neutral\train_train_11554_aligned.jpg
neutral,all_test\neutral\train_train_11555_aligned.jpg
neutral,all_test\neutral\train_train_11556_aligned.jpg
neutral,all_test\neutral\train_train_11557_aligned.jpg
neutral,all_test\neutral\train_train_11558_aligned.jpg
neutral,all_test\neutral\train_train_11559_aligned.jpg
neutral,all_test\neutral\train_train_11560_aligned.jpg
neutral,all_test\neutral\train_train_11561_aligned.jpg
neutral,all_test\neutral\train_train_11562_aligned.jpg
neutral,all_test\neutral\train_train_11563_aligned.jpg
neutral,all_test\neutral\train_train_11564_aligned.jpg
neutral,all_test\neutral\train_train_11565_aligned.jpg
neutral,all_test\neutral\train_train_11566_aligned.jpg
neutral,all_test\neutral\train_train_11567_aligned.jpg
neutral,all_test\neutral\train_train_11568_aligned.jpg
neutral,all_test\neutral\train_train_11569_aligned.jpg
neutral,all_test\neutral\train_train_11570_aligned.jpg
neutral,all_test\neutral\train_train_11571_aligned.jpg
neutral,all_test\neutral\train_train_11572_aligned.jpg
neutral,all_test\neutral\train_train_11573_aligned.jpg
neutral,all_test\neutral\train_train_11574_aligned.jpg
neutral,all_test\neutral\train_train_11575_aligned.jpg
neutral,all_test\neutral\train_train_11576_aligned.jpg
neutral,all_test\neutral\train_train_11577_aligned.jpg
neutral,all_test\neutral\train_train_11578_aligned.jpg
neutral,all_test\neutral\train_train_11579_aligned.jpg
neutral,all_test\neutral\train_train_11580_aligned.jpg
neutral,all_test\neutral\train_train_11581_aligned.jpg
neutral,all_test\neutral\train_train_11582_aligned.jpg
neutral,all_test\neutral\train_train_11583_aligned.jpg
neutral,all_test\neutral\train_train_11584_aligned.jpg
neutral,all_test\neutral\train_train_11585_aligned.jpg
neutral,all_test\neutral\train_train_11586_aligned.jpg
neutral,all_test\neutral\train_train_11587_aligned.jpg
neutral,all_test\neutral\train_train_11588_aligned.jpg
neutral,all_test\neutral\train_train_11589_aligned.jpg
neutral,all_test\neutral\train_train_11590_aligned.jpg
neutral,all_test\neutral\train_train_11591_aligned.jpg
neutral,all_test\neutral\train_train_11592_aligned.jpg
neutral,all_test\neutral\train_train_11593_aligned.jpg
neutral,all_test\neutral\train_train_11594_aligned.jpg
neutral,all_test\neutral\train_train_11595_aligned.jpg
neutral,all_test\neutral\train_train_11596_aligned.jpg
neutral,all_test\neutral\train_train_11597_aligned.jpg
neutral,all_test\neutral\train_train_11598_aligned.jpg
neutral,all_test\neutral\train_train_11599_aligned.jpg
neutral,all_test\neutral\train_train_11600_aligned.jpg
neutral,all_test\neutral\train_train_11601_aligned.jpg
neutral,all_test\neutral\train_train_11602_aligned.jpg
neutral,all_test\neutral\train_train_11603_aligned.jpg
neutral,all_test\neutral\train_train_11604_aligned.jpg
neutral,all_test\neutral\train_train_11605_aligned.jpg
neutral,all_test\neutral\train_train_11606_aligned.jpg
neutral,all_test\neutral\train_train_11607_aligned.jpg
neutral,all_test\neutral\train_train_11608_aligned.jpg
neutral,all_test\neutral\train_train_11609_aligned.jpg
neutral,all_test\neutral\train_train_11610_aligned.jpg
neutral,all_test\neutral\train_train_11611_aligned.jpg
neutral,all_test\neutral\train_train_11612_aligned.jpg
neutral,all_test\neutral\train_train_11613_aligned.jpg
neutral,all_test\neutral\train_train_11614_aligned.jpg
neutral,all_test\neutral\train_train_11615_aligned.jpg
neutral,all_test\neutral\train_train_11616_aligned.jpg
neutral,all_test\neutral\train_train_11617_aligned.jpg
neutral,all_test\neutral\train_train_11618_aligned.jpg
neutral,all_test\neutral\train_train_11619_aligned.jpg
neutral,all_test\neutral\train_train_11620_aligned.jpg
neutral,all_test\neutral\train_train_11621_aligned.jpg
neutral,all_test\neutral\train_train_11622_aligned.jpg
neutral,all_test\neutral\train_train_11623_aligned.jpg
neutral,all_test\neutral\train_train_11624_aligned.jpg
neutral,all_test\neutral\train_train_11625_aligned.jpg
neutral,all_test\neutral\train_train_11626_aligned.jpg
neutral,all_test\neutral\train_train_11627_aligned.jpg
neutral,all_test\neutral\train_train_11628_aligned.jpg
neutral,all_test\neutral\train_train_11629_aligned.jpg
neutral,all_test\neutral\train_train_11630_aligned.jpg
neutral,all_test\neutral\train_train_11631_aligned.jpg
neutral,all_test\neutral\train_train_11632_aligned.jpg
neutral,all_test\neutral\train_train_11633_aligned.jpg
neutral,all_test\neutral\train_train_11634_aligned.jpg
neutral,all_test\neutral\train_train_11635_aligned.jpg
neutral,all_test\neutral\train_train_11636_aligned.jpg
neutral,all_test\neutral\train_train_11637_aligned.jpg
neutral,all_test\neutral\train_train_11638_aligned.jpg
neutral,all_test\neutral\train_train_11639_aligned.jpg
neutral,all_test\neutral\train_train_11640_aligned.jpg
neutral,all_test\neutral\train_train_11641_aligned.jpg
neutral,all_test\neutral\train_train_11642_aligned.jpg
neutral,all_test\neutral\train_train_11643_aligned.jpg
neutral,all_test\neutral\train_train_11644_aligned.jpg
neutral,all_test\neutral\train_train_11645_aligned.jpg
neutral,all_test\neutral\train_train_11646_aligned.jpg
neutral,all_test\neutral\train_train_11647_aligned.jpg
neutral,all_test\neutral\train_train_11648_aligned.jpg
neutral,all_test\neutral\train_train_11649_aligned.jpg
neutral,all_test\neutral\train_train_11650_aligned.jpg
neutral,all_test\neutral\train_train_11651_aligned.jpg
neutral,all_test\neutral\train_train_11652_aligned.jpg
neutral,all_test\neutral\train_train_11653_aligned.jpg
neutral,all_test\neutral\train_train_11654_aligned.jpg
neutral,all_test\neutral\train_train_11655_aligned.jpg
neutral,all_test\neutral\train_train_11656_aligned.jpg
neutral,all_test\neutral\train_train_11657_aligned.jpg
neutral,all_test\neutral\train_train_11658_aligned.jpg
neutral,all_test\neutral\train_train_11659_aligned.jpg
neutral,all_test\neutral\train_train_11660_aligned.jpg
neutral,all_test\neutral\train_train_11661_aligned.jpg
neutral,all_test\neutral\train_train_11662_aligned.jpg
neutral,all_test\neutral\train_train_11663_aligned.jpg
neutral,all_test\neutral\train_train_11664_aligned.jpg
neutral,all_test\neutral\train_train_11665_aligned.jpg
neutral,all_test\neutral\train_train_11666_aligned.jpg
neutral,all_test\neutral\train_train_11667_aligned.jpg
neutral,all_test\neutral\train_train_11668_aligned.jpg
neutral,all_test\neutral\train_train_11669_aligned.jpg
neutral,all_test\neutral\train_train_11670_aligned.jpg
neutral,all_test\neutral\train_train_11671_aligned.jpg
neutral,all_test\neutral\train_train_11672_aligned.jpg
neutral,all_test\neutral\train_train_11673_aligned.jpg
neutral,all_test\neutral\train_train_11674_aligned.jpg
neutral,all_test\neutral\train_train_11675_aligned.jpg
neutral,all_test\neutral\train_train_11676_aligned.jpg
neutral,all_test\neutral\train_train_11677_aligned.jpg
neutral,all_test\neutral\train_train_11678_aligned.jpg
neutral,all_test\neutral\train_train_11679_aligned.jpg
neutral,all_test\neutral\train_train_11680_aligned.jpg
neutral,all_test\neutral\train_train_11681_aligned.jpg
neutral,all_test\neutral\train_train_11682_aligned.jpg
neutral,all_test\neutral\train_train_11683_aligned.jpg
neutral,all_test\neutral\train_train_11684_aligned.jpg
neutral,all_test\neutral\train_train_11685_aligned.jpg
neutral,all_test\neutral\train_train_11686_aligned.jpg
neutral,all_test\neutral\train_train_11687_aligned.jpg
neutral,all_test\neutral\train_train_11688_aligned.jpg
neutral,all_test\neutral\train_train_11689_aligned.jpg
neutral,all_test\neutral\train_train_11690_aligned.jpg
neutral,all_test\neutral\train_train_11691_aligned.jpg
neutral,all_test\neutral\train_train_11692_aligned.jpg
neutral,all_test\neutral\train_train_11693_aligned.jpg
neutral,all_test\neutral\train_train_11694_aligned.jpg
neutral,all_test\neutral\train_train_11695_aligned.jpg
neutral,all_test\neutral\train_train_11696_aligned.jpg
neutral,all_test\neutral\train_train_11697_aligned.jpg
neutral,all_test\neutral\train_train_11698_aligned.jpg
neutral,all_test\neutral\train_train_11699_aligned.jpg
neutral,all_test\neutral\train_train_11700_aligned.jpg
neutral,all_test\neutral\train_train_11701_aligned.jpg
neutral,all_test\neutral\train_train_11702_aligned.jpg
neutral,all_test\neutral\train_train_11703_aligned.jpg
neutral,all_test\neutral\train_train_11704_aligned.jpg
neutral,all_test\neutral\train_train_11705_aligned.jpg
neutral,all_test\neutral\train_train_11706_aligned.jpg
neutral,all_test\neutral\train_train_11707_aligned.jpg
neutral,all_test\neutral\train_train_11708_aligned.jpg
neutral,all_test\neutral\train_train_11709_aligned.jpg
neutral,all_test\neutral\train_train_11710_aligned.jpg
neutral,all_test\neutral\train_train_11711_aligned.jpg
neutral,all_test\neutral\train_train_11712_aligned.jpg
neutral,all_test\neutral\train_train_11713_aligned.jpg
neutral,all_test\neutral\train_train_11714_aligned.jpg
neutral,all_test\neutral\train_train_11715_aligned.jpg
neutral,all_test\neutral\train_train_11716_aligned.jpg
neutral,all_test\neutral\train_train_11717_aligned.jpg
neutral,all_test\neutral\train_train_11718_aligned.jpg
neutral,all_test\neutral\train_train_11719_aligned.jpg
neutral,all_test\neutral\train_train_11720_aligned.jpg
neutral,all_test\neutral\train_train_11721_aligned.jpg
neutral,all_test\neutral\train_train_11722_aligned.jpg
neutral,all_test\neutral\train_train_11723_aligned.jpg
neutral,all_test\neutral\train_train_11724_aligned.jpg
neutral,all_test\neutral\train_train_11725_aligned.jpg
neutral,all_test\neutral\train_train_11726_aligned.jpg
neutral,all_test\neutral\train_train_11727_aligned.jpg
neutral,all_test\neutral\train_train_11728_aligned.jpg
neutral,all_test\neutral\train_train_11729_aligned.jpg
neutral,all_test\neutral\train_train_11730_aligned.jpg
neutral,all_test\neutral\train_train_11731_aligned.jpg
neutral,all_test\neutral\train_train_11732_aligned.jpg
neutral,all_test\neutral\train_train_11733_aligned.jpg
neutral,all_test\neutral\train_train_11734_aligned.jpg
neutral,all_test\neutral\train_train_11735_aligned.jpg
neutral,all_test\neutral\train_train_11736_aligned.jpg
neutral,all_test\neutral\train_train_11737_aligned.jpg
neutral,all_test\neutral\train_train_11738_aligned.jpg
neutral,all_test\neutral\train_train_11739_aligned.jpg
neutral,all_test\neutral\train_train_11740_aligned.jpg
neutral,all_test\neutral\train_train_11741_aligned.jpg
neutral,all_test\neutral\train_train_11742_aligned.jpg
neutral,all_test\neutral\train_train_11743_aligned.jpg
neutral,all_test\neutral\train_train_11744_aligned.jpg
neutral,all_test\neutral\train_train_11745_aligned.jpg
neutral,all_test\neutral\train_train_11746_aligned.jpg
neutral,all_test\neutral\train_train_11747_aligned.jpg
neutral,all_test\neutral\train_train_11748_aligned.jpg
neutral,all_test\neutral\train_train_11749_aligned.jpg
neutral,all_test\neutral\train_train_11750_aligned.jpg
neutral,all_test\neutral\train_train_11751_aligned.jpg
neutral,all_test\neutral\train_train_11752_aligned.jpg
neutral,all_test\neutral\train_train_11753_aligned.jpg
neutral,all_test\neutral\train_train_11754_aligned.jpg
neutral,all_test\neutral\train_train_11755_aligned.jpg
neutral,all_test\neutral\train_train_11756_aligned.jpg
neutral,all_test\neutral\train_train_11757_aligned.jpg
neutral,all_test\neutral\train_train_11758_aligned.jpg
neutral,all_test\neutral\train_train_11759_aligned.jpg
neutral,all_test\neutral\train_train_11760_aligned.jpg
neutral,all_test\neutral\train_train_11761_aligned.jpg
neutral,all_test\neutral\train_train_11762_aligned.jpg
neutral,all_test\neutral\train_train_11763_aligned.jpg
neutral,all_test\neutral\train_train_11764_aligned.jpg
neutral,all_test\neutral\train_train_11765_aligned.jpg
neutral,all_test\neutral\train_train_11766_aligned.jpg
neutral,all_test\neutral\train_train_11767_aligned.jpg
neutral,all_test\neutral\train_train_11768_aligned.jpg
neutral,all_test\neutral\train_train_11769_aligned.jpg
neutral,all_test\neutral\train_train_11770_aligned.jpg
neutral,all_test\neutral\train_train_11771_aligned.jpg
neutral,all_test\neutral\train_train_11772_aligned.jpg
neutral,all_test\neutral\train_train_11773_aligned.jpg
neutral,all_test\neutral\train_train_11774_aligned.jpg
neutral,all_test\neutral\train_train_11775_aligned.jpg
neutral,all_test\neutral\train_train_11776_aligned.jpg
neutral,all_test\neutral\train_train_11777_aligned.jpg
neutral,all_test\neutral\train_train_11778_aligned.jpg
neutral,all_test\neutral\train_train_11779_aligned.jpg
neutral,all_test\neutral\train_train_11780_aligned.jpg
neutral,all_test\neutral\train_train_11781_aligned.jpg
neutral,all_test\neutral\train_train_11782_aligned.jpg
neutral,all_test\neutral\train_train_11783_aligned.jpg
neutral,all_test\neutral\train_train_11784_aligned.jpg
neutral,all_test\neutral\train_train_11785_aligned.jpg
neutral,all_test\neutral\train_train_11786_aligned.jpg
neutral,all_test\neutral\train_train_11787_aligned.jpg
neutral,all_test\neutral\train_train_11788_aligned.jpg
neutral,all_test\neutral\train_train_11789_aligned.jpg
neutral,all_test\neutral\train_train_11790_aligned.jpg
neutral,all_test\neutral\train_train_11791_aligned.jpg
neutral,all_test\neutral\train_train_11792_aligned.jpg
neutral,all_test\neutral\train_train_11793_aligned.jpg
neutral,all_test\neutral\train_train_11794_aligned.jpg
neutral,all_test\neutral\train_train_11795_aligned.jpg
neutral,all_test\neutral\train_train_11796_aligned.jpg
neutral,all_test\neutral\train_train_11797_aligned.jpg
neutral,all_test\neutral\train_train_11798_aligned.jpg
neutral,all_test\neutral\train_train_11799_aligned.jpg
neutral,all_test\neutral\train_train_11800_aligned.jpg
neutral,all_test\neutral\train_train_11801_aligned.jpg
neutral,all_test\neutral\train_train_11802_aligned.jpg
neutral,all_test\neutral\train_train_11803_aligned.jpg
neutral,all_test\neutral\train_train_11804_aligned.jpg
neutral,all_test\neutral\train_train_11805_aligned.jpg
neutral,all_test\neutral\train_train_11806_aligned.jpg
neutral,all_test\neutral\train_train_11807_aligned.jpg
neutral,all_test\neutral\train_train_11808_aligned.jpg
neutral,all_test\neutral\train_train_11809_aligned.jpg
neutral,all_test\neutral\train_train_11810_aligned.jpg
neutral,all_test\neutral\train_train_11811_aligned.jpg
neutral,all_test\neutral\train_train_11812_aligned.jpg
neutral,all_test\neutral\train_train_11813_aligned.jpg
neutral,all_test\neutral\train_train_11814_aligned.jpg
neutral,all_test\neutral\train_train_11815_aligned.jpg
neutral,all_test\neutral\train_train_11816_aligned.jpg
neutral,all_test\neutral\train_train_11817_aligned.jpg
neutral,all_test\neutral\train_train_11818_aligned.jpg
neutral,all_test\neutral\train_train_11819_aligned.jpg
neutral,all_test\neutral\train_train_11820_aligned.jpg
neutral,all_test\neutral\train_train_11821_aligned.jpg
neutral,all_test\neutral\train_train_11822_aligned.jpg
neutral,all_test\neutral\train_train_11823_aligned.jpg
neutral,all_test\neutral\train_train_11824_aligned.jpg
neutral,all_test\neutral\train_train_11825_aligned.jpg
neutral,all_test\neutral\train_train_11826_aligned.jpg
neutral,all_test\neutral\train_train_11827_aligned.jpg
neutral,all_test\neutral\train_train_11828_aligned.jpg
neutral,all_test\neutral\train_train_11829_aligned.jpg
neutral,all_test\neutral\train_train_11830_aligned.jpg
neutral,all_test\neutral\train_train_11831_aligned.jpg
neutral,all_test\neutral\train_train_11832_aligned.jpg
neutral,all_test\neutral\train_train_11833_aligned.jpg
neutral,all_test\neutral\train_train_11834_aligned.jpg
neutral,all_test\neutral\train_train_11835_aligned.jpg
neutral,all_test\neutral\train_train_11836_aligned.jpg
neutral,all_test\neutral\train_train_11837_aligned.jpg
neutral,all_test\neutral\train_train_11838_aligned.jpg
neutral,all_test\neutral\train_train_11839_aligned.jpg
neutral,all_test\neutral\train_train_11840_aligned.jpg
neutral,all_test\neutral\train_train_11841_aligned.jpg
neutral,all_test\neutral\train_train_11842_aligned.jpg
neutral,all_test\neutral\train_train_11843_aligned.jpg
neutral,all_test\neutral\train_train_11844_aligned.jpg
neutral,all_test\neutral\train_train_11845_aligned.jpg
neutral,all_test\neutral\train_train_11846_aligned.jpg
neutral,all_test\neutral\train_train_11847_aligned.jpg
neutral,all_test\neutral\train_train_11848_aligned.jpg
neutral,all_test\neutral\train_train_11849_aligned.jpg
neutral,all_test\neutral\train_train_11850_aligned.jpg
neutral,all_test\neutral\train_train_11851_aligned.jpg
neutral,all_test\neutral\train_train_11852_aligned.jpg
neutral,all_test\neutral\train_train_11853_aligned.jpg
neutral,all_test\neutral\train_train_11854_aligned.jpg
neutral,all_test\neutral\train_train_11855_aligned.jpg
neutral,all_test\neutral\train_train_11856_aligned.jpg
neutral,all_test\neutral\train_train_11857_aligned.jpg
neutral,all_test\neutral\train_train_11858_aligned.jpg
neutral,all_test\neutral\train_train_11859_aligned.jpg
neutral,all_test\neutral\train_train_11860_aligned.jpg
neutral,all_test\neutral\train_train_11861_aligned.jpg
neutral,all_test\neutral\train_train_11862_aligned.jpg
neutral,all_test\neutral\train_train_11863_aligned.jpg
neutral,all_test\neutral\train_train_11864_aligned.jpg
neutral,all_test\neutral\train_train_11865_aligned.jpg
neutral,all_test\neutral\train_train_11866_aligned.jpg
neutral,all_test\neutral\train_train_11867_aligned.jpg
neutral,all_test\neutral\train_train_11868_aligned.jpg
neutral,all_test\neutral\train_train_11869_aligned.jpg
neutral,all_test\neutral\train_train_11870_aligned.jpg
neutral,all_test\neutral\train_train_11871_aligned.jpg
neutral,all_test\neutral\train_train_11872_aligned.jpg
neutral,all_test\neutral\train_train_11873_aligned.jpg
neutral,all_test\neutral\train_train_11874_aligned.jpg
neutral,all_test\neutral\train_train_11875_aligned.jpg
neutral,all_test\neutral\train_train_11876_aligned.jpg
neutral,all_test\neutral\train_train_11877_aligned.jpg
neutral,all_test\neutral\train_train_11878_aligned.jpg
neutral,all_test\neutral\train_train_11879_aligned.jpg
neutral,all_test\neutral\train_train_11880_aligned.jpg
neutral,all_test\neutral\train_train_11881_aligned.jpg
neutral,all_test\neutral\train_train_11882_aligned.jpg
neutral,all_test\neutral\train_train_11883_aligned.jpg
neutral,all_test\neutral\train_train_11884_aligned.jpg
neutral,all_test\neutral\train_train_11885_aligned.jpg
neutral,all_test\neutral\train_train_11886_aligned.jpg
neutral,all_test\neutral\train_train_11887_aligned.jpg
neutral,all_test\neutral\train_train_11888_aligned.jpg
neutral,all_test\neutral\train_train_11889_aligned.jpg
neutral,all_test\neutral\train_train_11890_aligned.jpg
neutral,all_test\neutral\train_train_11891_aligned.jpg
neutral,all_test\neutral\train_train_11892_aligned.jpg
neutral,all_test\neutral\train_train_11893_aligned.jpg
neutral,all_test\neutral\train_train_11894_aligned.jpg
neutral,all_test\neutral\train_train_11895_aligned.jpg
neutral,all_test\neutral\train_train_11896_aligned.jpg
neutral,all_test\neutral\train_train_11897_aligned.jpg
neutral,all_test\neutral\train_train_11898_aligned.jpg
neutral,all_test\neutral\train_train_11899_aligned.jpg
neutral,all_test\neutral\train_train_11900_aligned.jpg
neutral,all_test\neutral\train_train_11901_aligned.jpg
neutral,all_test\neutral\train_train_11902_aligned.jpg
neutral,all_test\neutral\train_train_11903_aligned.jpg
neutral,all_test\neutral\train_train_11904_aligned.jpg
neutral,all_test\neutral\train_train_11905_aligned.jpg
neutral,all_test\neutral\train_train_11906_aligned.jpg
neutral,all_test\neutral\train_train_11907_aligned.jpg
neutral,all_test\neutral\train_train_11908_aligned.jpg
neutral,all_test\neutral\train_train_11909_aligned.jpg
neutral,all_test\neutral\train_train_11910_aligned.jpg
neutral,all_test\neutral\train_train_11911_aligned.jpg
neutral,all_test\neutral\train_train_11912_aligned.jpg
neutral,all_test\neutral\train_train_11913_aligned.jpg
neutral,all_test\neutral\train_train_11914_aligned.jpg
neutral,all_test\neutral\train_train_11915_aligned.jpg
neutral,all_test\neutral\train_train_11916_aligned.jpg
neutral,all_test\neutral\train_train_11917_aligned.jpg
neutral,all_test\neutral\train_train_11918_aligned.jpg
neutral,all_test\neutral\train_train_11919_aligned.jpg
neutral,all_test\neutral\train_train_11920_aligned.jpg
neutral,all_test\neutral\train_train_11921_aligned.jpg
neutral,all_test\neutral\train_train_11922_aligned.jpg
neutral,all_test\neutral\train_train_11923_aligned.jpg
neutral,all_test\neutral\train_train_11924_aligned.jpg
neutral,all_test\neutral\train_train_11925_aligned.jpg
neutral,all_test\neutral\train_train_11926_aligned.jpg
neutral,all_test\neutral\train_train_11927_aligned.jpg
neutral,all_test\neutral\train_train_11928_aligned.jpg
neutral,all_test\neutral\train_train_11929_aligned.jpg
neutral,all_test\neutral\train_train_11930_aligned.jpg
neutral,all_test\neutral\train_train_11931_aligned.jpg
neutral,all_test\neutral\train_train_11932_aligned.jpg
neutral,all_test\neutral\train_train_11933_aligned.jpg
neutral,all_test\neutral\train_train_11934_aligned.jpg
neutral,all_test\neutral\train_train_11935_aligned.jpg
neutral,all_test\neutral\train_train_11936_aligned.jpg
neutral,all_test\neutral\train_train_11937_aligned.jpg
neutral,all_test\neutral\train_train_11938_aligned.jpg
neutral,all_test\neutral\train_train_11939_aligned.jpg
neutral,all_test\neutral\train_train_11940_aligned.jpg
neutral,all_test\neutral\train_train_11941_aligned.jpg
neutral,all_test\neutral\train_train_11942_aligned.jpg
neutral,all_test\neutral\train_train_11943_aligned.jpg
neutral,all_test\neutral\train_train_11944_aligned.jpg
neutral,all_test\neutral\train_train_11945_aligned.jpg
neutral,all_test\neutral\train_train_11946_aligned.jpg
neutral,all_test\neutral\train_train_11947_aligned.jpg
neutral,all_test\neutral\train_train_11948_aligned.jpg
neutral,all_test\neutral\train_train_11949_aligned.jpg
neutral,all_test\neutral\train_train_11950_aligned.jpg
neutral,all_test\neutral\train_train_11951_aligned.jpg
neutral,all_test\neutral\train_train_11952_aligned.jpg
neutral,all_test\neutral\train_train_11953_aligned.jpg
neutral,all_test\neutral\train_train_11954_aligned.jpg
neutral,all_test\neutral\train_train_11955_aligned.jpg
neutral,all_test\neutral\train_train_11956_aligned.jpg
neutral,all_test\neutral\train_train_11957_aligned.jpg
neutral,all_test\neutral\train_train_11958_aligned.jpg
neutral,all_test\neutral\train_train_11959_aligned.jpg
neutral,all_test\neutral\train_train_11960_aligned.jpg
neutral,all_test\neutral\train_train_11961_aligned.jpg
neutral,all_test\neutral\train_train_11962_aligned.jpg
neutral,all_test\neutral\train_train_11963_aligned.jpg
neutral,all_test\neutral\train_train_11964_aligned.jpg
neutral,all_test\neutral\train_train_11965_aligned.jpg
neutral,all_test\neutral\train_train_11966_aligned.jpg
neutral,all_test\neutral\train_train_11967_aligned.jpg
neutral,all_test\neutral\train_train_11968_aligned.jpg
neutral,all_test\neutral\train_train_11969_aligned.jpg
neutral,all_test\neutral\train_train_11970_aligned.jpg
neutral,all_test\neutral\train_train_11971_aligned.jpg
neutral,all_test\neutral\train_train_11972_aligned.jpg
neutral,all_test\neutral\train_train_11973_aligned.jpg
neutral,all_test\neutral\train_train_11974_aligned.jpg
neutral,all_test\neutral\train_train_11975_aligned.jpg
neutral,all_test\neutral\train_train_11976_aligned.jpg
neutral,all_test\neutral\train_train_11977_aligned.jpg
neutral,all_test\neutral\train_train_11978_aligned.jpg
neutral,all_test\neutral\train_train_11979_aligned.jpg
neutral,all_test\neutral\train_train_11980_aligned.jpg
neutral,all_test\neutral\train_train_11981_aligned.jpg
neutral,all_test\neutral\train_train_11982_aligned.jpg
neutral,all_test\neutral\train_train_11983_aligned.jpg
neutral,all_test\neutral\train_train_11984_aligned.jpg
neutral,all_test\neutral\train_train_11985_aligned.jpg
neutral,all_test\neutral\train_train_11986_aligned.jpg
neutral,all_test\neutral\train_train_11987_aligned.jpg
neutral,all_test\neutral\train_train_11988_aligned.jpg
neutral,all_test\neutral\train_train_11989_aligned.jpg
neutral,all_test\neutral\train_train_11990_aligned.jpg
neutral,all_test\neutral\train_train_11991_aligned.jpg
neutral,all_test\neutral\train_train_11992_aligned.jpg
neutral,all_test\neutral\train_train_11993_aligned.jpg
neutral,all_test\neutral\train_train_11994_aligned.jpg
neutral,all_test\neutral\train_train_11995_aligned.jpg
neutral,all_test\neutral\train_train_11996_aligned.jpg
neutral,all_test\neutral\train_train_11997_aligned.jpg
neutral,all_test\neutral\train_train_11998_aligned.jpg
neutral,all_test\neutral\train_train_11999_aligned.jpg
neutral,all_test\neutral\train_train_12000_aligned.jpg
neutral,all_test\neutral\train_train_12001_aligned.jpg
neutral,all_test\neutral\train_train_12002_aligned.jpg
neutral,all_test\neutral\train_train_12003_aligned.jpg
neutral,all_test\neutral\train_train_12004_aligned.jpg
neutral,all_test\neutral\train_train_12005_aligned.jpg
neutral,all_test\neutral\train_train_12006_aligned.jpg
neutral,all_test\neutral\train_train_12007_aligned.jpg
neutral,all_test\neutral\train_train_12008_aligned.jpg
neutral,all_test\neutral\train_train_12009_aligned.jpg
neutral,all_test\neutral\train_train_12010_aligned.jpg
neutral,all_test\neutral\train_train_12011_aligned.jpg
neutral,all_test\neutral\train_train_12012_aligned.jpg
neutral,all_test\neutral\train_train_12013_aligned.jpg
neutral,all_test\neutral\train_train_12014_aligned.jpg
neutral,all_test\neutral\train_train_12015_aligned.jpg
neutral,all_test\neutral\train_train_12016_aligned.jpg
neutral,all_test\neutral\train_train_12017_aligned.jpg
neutral,all_test\neutral\train_train_12018_aligned.jpg
neutral,all_test\neutral\train_train_12019_aligned.jpg
neutral,all_test\neutral\train_train_12020_aligned.jpg
neutral,all_test\neutral\train_train_12021_aligned.jpg
neutral,all_test\neutral\train_train_12022_aligned.jpg
neutral,all_test\neutral\train_train_12023_aligned.jpg
neutral,all_test\neutral\train_train_12024_aligned.jpg
neutral,all_test\neutral\train_train_12025_aligned.jpg
neutral,all_test\neutral\train_train_12026_aligned.jpg
neutral,all_test\neutral\train_train_12027_aligned.jpg
neutral,all_test\neutral\train_train_12028_aligned.jpg
neutral,all_test\neutral\train_train_12029_aligned.jpg
neutral,all_test\neutral\train_train_12030_aligned.jpg
neutral,all_test\neutral\train_train_12031_aligned.jpg
neutral,all_test\neutral\train_train_12032_aligned.jpg
neutral,all_test\neutral\train_train_12033_aligned.jpg
neutral,all_test\neutral\train_train_12034_aligned.jpg
neutral,all_test\neutral\train_train_12035_aligned.jpg
neutral,all_test\neutral\train_train_12036_aligned.jpg
neutral,all_test\neutral\train_train_12037_aligned.jpg
neutral,all_test\neutral\train_train_12038_aligned.jpg
neutral,all_test\neutral\train_train_12039_aligned.jpg
neutral,all_test\neutral\train_train_12040_aligned.jpg
neutral,all_test\neutral\train_train_12041_aligned.jpg
neutral,all_test\neutral\train_train_12042_aligned.jpg
neutral,all_test\neutral\train_train_12043_aligned.jpg
neutral,all_test\neutral\train_train_12044_aligned.jpg
neutral,all_test\neutral\train_train_12045_aligned.jpg
neutral,all_test\neutral\train_train_12046_aligned.jpg
neutral,all_test\neutral\train_train_12047_aligned.jpg
neutral,all_test\neutral\train_train_12048_aligned.jpg
neutral,all_test\neutral\train_train_12049_aligned.jpg
neutral,all_test\neutral\train_train_12050_aligned.jpg
neutral,all_test\neutral\train_train_12051_aligned.jpg
neutral,all_test\neutral\train_train_12052_aligned.jpg
neutral,all_test\neutral\train_train_12053_aligned.jpg
neutral,all_test\neutral\train_train_12054_aligned.jpg
neutral,all_test\neutral\train_train_12055_aligned.jpg
neutral,all_test\neutral\train_train_12056_aligned.jpg
neutral,all_test\neutral\train_train_12057_aligned.jpg
neutral,all_test\neutral\train_train_12058_aligned.jpg
neutral,all_test\neutral\train_train_12059_aligned.jpg
neutral,all_test\neutral\train_train_12060_aligned.jpg
neutral,all_test\neutral\train_train_12061_aligned.jpg
neutral,all_test\neutral\train_train_12062_aligned.jpg
neutral,all_test\neutral\train_train_12063_aligned.jpg
neutral,all_test\neutral\train_train_12064_aligned.jpg
neutral,all_test\neutral\train_train_12065_aligned.jpg
neutral,all_test\neutral\train_train_12066_aligned.jpg
neutral,all_test\neutral\train_train_12067_aligned.jpg
neutral,all_test\neutral\train_train_12068_aligned.jpg
neutral,all_test\neutral\train_train_12069_aligned.jpg
neutral,all_test\neutral\train_train_12070_aligned.jpg
neutral,all_test\neutral\train_train_12071_aligned.jpg
neutral,all_test\neutral\train_train_12072_aligned.jpg
neutral,all_test\neutral\train_train_12073_aligned.jpg
neutral,all_test\neutral\train_train_12074_aligned.jpg
neutral,all_test\neutral\train_train_12075_aligned.jpg
neutral,all_test\neutral\train_train_12076_aligned.jpg
neutral,all_test\neutral\train_train_12077_aligned.jpg
neutral,all_test\neutral\train_train_12078_aligned.jpg
neutral,all_test\neutral\train_train_12079_aligned.jpg
neutral,all_test\neutral\train_train_12080_aligned.jpg
neutral,all_test\neutral\train_train_12081_aligned.jpg
neutral,all_test\neutral\train_train_12082_aligned.jpg
neutral,all_test\neutral\train_train_12083_aligned.jpg
neutral,all_test\neutral\train_train_12084_aligned.jpg
neutral,all_test\neutral\train_train_12085_aligned.jpg
neutral,all_test\neutral\train_train_12086_aligned.jpg
neutral,all_test\neutral\train_train_12087_aligned.jpg
neutral,all_test\neutral\train_train_12088_aligned.jpg
neutral,all_test\neutral\train_train_12089_aligned.jpg
neutral,all_test\neutral\train_train_12090_aligned.jpg
neutral,all_test\neutral\train_train_12091_aligned.jpg
neutral,all_test\neutral\train_train_12092_aligned.jpg
neutral,all_test\neutral\train_train_12093_aligned.jpg
neutral,all_test\neutral\train_train_12094_aligned.jpg
neutral,all_test\neutral\train_train_12095_aligned.jpg
neutral,all_test\neutral\train_train_12096_aligned.jpg
neutral,all_test\neutral\train_train_12097_aligned.jpg
neutral,all_test\neutral\train_train_12098_aligned.jpg
neutral,all_test\neutral\train_train_12099_aligned.jpg
neutral,all_test\neutral\train_train_12100_aligned.jpg
neutral,all_test\neutral\train_train_12101_aligned.jpg
neutral,all_test\neutral\train_train_12102_aligned.jpg
neutral,all_test\neutral\train_train_12103_aligned.jpg
neutral,all_test\neutral\train_train_12104_aligned.jpg
neutral,all_test\neutral\train_train_12105_aligned.jpg
neutral,all_test\neutral\train_train_12106_aligned.jpg
neutral,all_test\neutral\train_train_12107_aligned.jpg
neutral,all_test\neutral\train_train_12108_aligned.jpg
neutral,all_test\neutral\train_train_12109_aligned.jpg
neutral,all_test\neutral\train_train_12110_aligned.jpg
neutral,all_test\neutral\train_train_12111_aligned.jpg
neutral,all_test\neutral\train_train_12112_aligned.jpg
neutral,all_test\neutral\train_train_12113_aligned.jpg
neutral,all_test\neutral\train_train_12114_aligned.jpg
neutral,all_test\neutral\train_train_12115_aligned.jpg
neutral,all_test\neutral\train_train_12116_aligned.jpg
neutral,all_test\neutral\train_train_12117_aligned.jpg
neutral,all_test\neutral\train_train_12118_aligned.jpg
neutral,all_test\neutral\train_train_12119_aligned.jpg
neutral,all_test\neutral\train_train_12120_aligned.jpg
neutral,all_test\neutral\train_train_12121_aligned.jpg
neutral,all_test\neutral\train_train_12122_aligned.jpg
neutral,all_test\neutral\train_train_12123_aligned.jpg
neutral,all_test\neutral\train_train_12124_aligned.jpg
neutral,all_test\neutral\train_train_12125_aligned.jpg
neutral,all_test\neutral\train_train_12126_aligned.jpg
neutral,all_test\neutral\train_train_12127_aligned.jpg
neutral,all_test\neutral\train_train_12128_aligned.jpg
neutral,all_test\neutral\train_train_12129_aligned.jpg
neutral,all_test\neutral\train_train_12130_aligned.jpg
neutral,all_test\neutral\train_train_12131_aligned.jpg
neutral,all_test\neutral\train_train_12132_aligned.jpg
neutral,all_test\neutral\train_train_12133_aligned.jpg
neutral,all_test\neutral\train_train_12134_aligned.jpg
neutral,all_test\neutral\train_train_12135_aligned.jpg
neutral,all_test\neutral\train_train_12136_aligned.jpg
neutral,all_test\neutral\train_train_12137_aligned.jpg
neutral,all_test\neutral\train_train_12138_aligned.jpg
neutral,all_test\neutral\train_train_12139_aligned.jpg
neutral,all_test\neutral\train_train_12140_aligned.jpg
neutral,all_test\neutral\train_train_12141_aligned.jpg
neutral,all_test\neutral\train_train_12142_aligned.jpg
neutral,all_test\neutral\train_train_12143_aligned.jpg
neutral,all_test\neutral\train_train_12144_aligned.jpg
neutral,all_test\neutral\train_train_12145_aligned.jpg
neutral,all_test\neutral\train_train_12146_aligned.jpg
neutral,all_test\neutral\train_train_12147_aligned.jpg
neutral,all_test\neutral\train_train_12148_aligned.jpg
neutral,all_test\neutral\train_train_12149_aligned.jpg
neutral,all_test\neutral\train_train_12150_aligned.jpg
neutral,all_test\neutral\train_train_12151_aligned.jpg
neutral,all_test\neutral\train_train_12152_aligned.jpg
neutral,all_test\neutral\train_train_12153_aligned.jpg
neutral,all_test\neutral\train_train_12154_aligned.jpg
neutral,all_test\neutral\train_train_12155_aligned.jpg
neutral,all_test\neutral\train_train_12156_aligned.jpg
neutral,all_test\neutral\train_train_12157_aligned.jpg
neutral,all_test\neutral\train_train_12158_aligned.jpg
neutral,all_test\neutral\train_train_12159_aligned.jpg
neutral,all_test\neutral\train_train_12160_aligned.jpg
neutral,all_test\neutral\train_train_12161_aligned.jpg
neutral,all_test\neutral\train_train_12162_aligned.jpg
neutral,all_test\neutral\train_train_12163_aligned.jpg
neutral,all_test\neutral\train_train_12164_aligned.jpg
neutral,all_test\neutral\train_train_12165_aligned.jpg
neutral,all_test\neutral\train_train_12166_aligned.jpg
neutral,all_test\neutral\train_train_12167_aligned.jpg
neutral,all_test\neutral\train_train_12168_aligned.jpg
neutral,all_test\neutral\train_train_12169_aligned.jpg
neutral,all_test\neutral\train_train_12170_aligned.jpg
neutral,all_test\neutral\train_train_12171_aligned.jpg
neutral,all_test\neutral\train_train_12172_aligned.jpg
neutral,all_test\neutral\train_train_12173_aligned.jpg
neutral,all_test\neutral\train_train_12174_aligned.jpg
neutral,all_test\neutral\train_train_12175_aligned.jpg
neutral,all_test\neutral\train_train_12176_aligned.jpg
neutral,all_test\neutral\train_train_12177_aligned.jpg
neutral,all_test\neutral\train_train_12178_aligned.jpg
neutral,all_test\neutral\train_train_12179_aligned.jpg
neutral,all_test\neutral\train_train_12180_aligned.jpg
neutral,all_test\neutral\train_train_12181_aligned.jpg
neutral,all_test\neutral\train_train_12182_aligned.jpg
neutral,all_test\neutral\train_train_12183_aligned.jpg
neutral,all_test\neutral\train_train_12184_aligned.jpg
neutral,all_test\neutral\train_train_12185_aligned.jpg
neutral,all_test\neutral\train_train_12186_aligned.jpg
neutral,all_test\neutral\train_train_12187_aligned.jpg
neutral,all_test\neutral\train_train_12188_aligned.jpg
neutral,all_test\neutral\train_train_12189_aligned.jpg
neutral,all_test\neutral\train_train_12190_aligned.jpg
neutral,all_test\neutral\train_train_12191_aligned.jpg
neutral,all_test\neutral\train_train_12192_aligned.jpg
neutral,all_test\neutral\train_train_12193_aligned.jpg
neutral,all_test\neutral\train_train_12194_aligned.jpg
neutral,all_test\neutral\train_train_12195_aligned.jpg
neutral,all_test\neutral\train_train_12196_aligned.jpg
neutral,all_test\neutral\train_train_12197_aligned.jpg
neutral,all_test\neutral\train_train_12198_aligned.jpg
neutral,all_test\neutral\train_train_12199_aligned.jpg
neutral,all_test\neutral\train_train_12200_aligned.jpg
neutral,all_test\neutral\train_train_12201_aligned.jpg
neutral,all_test\neutral\train_train_12202_aligned.jpg
neutral,all_test\neutral\train_train_12203_aligned.jpg
neutral,all_test\neutral\train_train_12204_aligned.jpg
neutral,all_test\neutral\train_train_12205_aligned.jpg
neutral,all_test\neutral\train_train_12206_aligned.jpg
neutral,all_test\neutral\train_train_12207_aligned.jpg
neutral,all_test\neutral\train_train_12208_aligned.jpg
neutral,all_test\neutral\train_train_12209_aligned.jpg
neutral,all_test\neutral\train_train_12210_aligned.jpg
neutral,all_test\neutral\train_train_12211_aligned.jpg
neutral,all_test\neutral\train_train_12212_aligned.jpg
neutral,all_test\neutral\train_train_12213_aligned.jpg
neutral,all_test\neutral\train_train_12214_aligned.jpg
neutral,all_test\neutral\train_train_12215_aligned.jpg
neutral,all_test\neutral\train_train_12216_aligned.jpg
neutral,all_test\neutral\train_train_12217_aligned.jpg
neutral,all_test\neutral\train_train_12218_aligned.jpg
neutral,all_test\neutral\train_train_12219_aligned.jpg
neutral,all_test\neutral\train_train_12220_aligned.jpg
neutral,all_test\neutral\train_train_12221_aligned.jpg
neutral,all_test\neutral\train_train_12222_aligned.jpg
neutral,all_test\neutral\train_train_12223_aligned.jpg
neutral,all_test\neutral\train_train_12224_aligned.jpg
neutral,all_test\neutral\train_train_12225_aligned.jpg
neutral,all_test\neutral\train_train_12226_aligned.jpg
neutral,all_test\neutral\train_train_12227_aligned.jpg
neutral,all_test\neutral\train_train_12228_aligned.jpg
neutral,all_test\neutral\train_train_12229_aligned.jpg
neutral,all_test\neutral\train_train_12230_aligned.jpg
neutral,all_test\neutral\train_train_12231_aligned.jpg
neutral,all_test\neutral\train_train_12232_aligned.jpg
neutral,all_test\neutral\train_train_12233_aligned.jpg
neutral,all_test\neutral\train_train_12234_aligned.jpg
neutral,all_test\neutral\train_train_12235_aligned.jpg
neutral,all_test\neutral\train_train_12236_aligned.jpg
neutral,all_test\neutral\train_train_12237_aligned.jpg
neutral,all_test\neutral\train_train_12238_aligned.jpg
neutral,all_test\neutral\train_train_12239_aligned.jpg
neutral,all_test\neutral\train_train_12240_aligned.jpg
neutral,all_test\neutral\train_train_12241_aligned.jpg
neutral,all_test\neutral\train_train_12242_aligned.jpg
neutral,all_test\neutral\train_train_12243_aligned.jpg
neutral,all_test\neutral\train_train_12244_aligned.jpg
neutral,all_test\neutral\train_train_12245_aligned.jpg
neutral,all_test\neutral\train_train_12246_aligned.jpg
neutral,all_test\neutral\train_train_12247_aligned.jpg
neutral,all_test\neutral\train_train_12248_aligned.jpg
neutral,all_test\neutral\train_train_12249_aligned.jpg
neutral,all_test\neutral\train_train_12250_aligned.jpg
neutral,all_test\neutral\train_train_12251_aligned.jpg
neutral,all_test\neutral\train_train_12252_aligned.jpg
neutral,all_test\neutral\train_train_12253_aligned.jpg
neutral,all_test\neutral\train_train_12254_aligned.jpg
neutral,all_test\neutral\train_train_12255_aligned.jpg
neutral,all_test\neutral\train_train_12256_aligned.jpg
neutral,all_test\neutral\train_train_12257_aligned.jpg
neutral,all_test\neutral\train_train_12258_aligned.jpg
neutral,all_test\neutral\train_train_12259_aligned.jpg
neutral,all_test\neutral\train_train_12260_aligned.jpg
neutral,all_test\neutral\train_train_12261_aligned.jpg
neutral,all_test\neutral\train_train_12262_aligned.jpg
neutral,all_test\neutral\train_train_12263_aligned.jpg
neutral,all_test\neutral\train_train_12264_aligned.jpg
neutral,all_test\neutral\train_train_12265_aligned.jpg
neutral,all_test\neutral\train_train_12266_aligned.jpg
neutral,all_test\neutral\train_train_12267_aligned.jpg
neutral,all_test\neutral\train_train_12268_aligned.jpg
neutral,all_test\neutral\train_train_12269_aligned.jpg
neutral,all_test\neutral\train_train_12270_aligned.jpg
neutral,all_test\neutral\train_train_12271_aligned.jpg
sadness,all_test\sadness\test_test_0001_aligned.jpg
sadness,all_test\sadness\test_test_0005_aligned.jpg
sadness,all_test\sadness\test_test_0006_aligned.jpg
sadness,all_test\sadness\test_test_0022_aligned.jpg
sadness,all_test\sadness\test_test_0024_aligned.jpg
sadness,all_test\sadness\test_test_0030_aligned.jpg
sadness,all_test\sadness\test_test_0031_aligned.jpg
sadness,all_test\sadness\test_test_0036_aligned.jpg
sadness,all_test\sadness\test_test_0039_aligned.jpg
sadness,all_test\sadness\test_test_0045_aligned.jpg
sadness,all_test\sadness\test_test_0049_aligned.jpg
sadness,all_test\sadness\test_test_0062_aligned.jpg
sadness,all_test\sadness\test_test_0069_aligned.jpg
sadness,all_test\sadness\test_test_0070_aligned.jpg
sadness,all_test\sadness\test_test_0076_aligned.jpg
sadness,all_test\sadness\test_test_0080_aligned.jpg
sadness,all_test\sadness\test_test_0085_aligned.jpg
sadness,all_test\sadness\test_test_0088_aligned.jpg
sadness,all_test\sadness\test_test_0089_aligned.jpg
sadness,all_test\sadness\test_test_0095_aligned.jpg
sadness,all_test\sadness\test_test_0100_aligned.jpg
sadness,all_test\sadness\test_test_0103_aligned.jpg
sadness,all_test\sadness\test_test_0107_aligned.jpg
sadness,all_test\sadness\test_test_0119_aligned.jpg
sadness,all_test\sadness\test_test_0134_aligned.jpg
sadness,all_test\sadness\test_test_0142_aligned.jpg
sadness,all_test\sadness\test_test_0145_aligned.jpg
sadness,all_test\sadness\test_test_0152_aligned.jpg
sadness,all_test\sadness\test_test_0156_aligned.jpg
sadness,all_test\sadness\test_test_0160_aligned.jpg
sadness,all_test\sadness\test_test_0162_aligned.jpg
sadness,all_test\sadness\test_test_0164_aligned.jpg
sadness,all_test\sadness\test_test_0171_aligned.jpg
sadness,all_test\sadness\test_test_0180_aligned.jpg
sadness,all_test\sadness\test_test_0202_aligned.jpg
sadness,all_test\sadness\test_test_0203_aligned.jpg
sadness,all_test\sadness\test_test_0205_aligned.jpg
sadness,all_test\sadness\test_test_0210_aligned.jpg
sadness,all_test\sadness\test_test_0211_aligned.jpg
sadness,all_test\sadness\test_test_0217_aligned.jpg
sadness,all_test\sadness\test_test_0220_aligned.jpg
sadness,all_test\sadness\test_test_0229_aligned.jpg
sadness,all_test\sadness\test_test_0240_aligned.jpg
sadness,all_test\sadness\test_test_0242_aligned.jpg
sadness,all_test\sadness\test_test_0264_aligned.jpg
sadness,all_test\sadness\test_test_0273_aligned.jpg
sadness,all_test\sadness\test_test_0276_aligned.jpg
sadness,all_test\sadness\test_test_0278_aligned.jpg
sadness,all_test\sadness\test_test_0284_aligned.jpg
sadness,all_test\sadness\test_test_0290_aligned.jpg
sadness,all_test\sadness\test_test_0298_aligned.jpg
sadness,all_test\sadness\test_test_0300_aligned.jpg
sadness,all_test\sadness\test_test_0315_aligned.jpg
sadness,all_test\sadness\test_test_0318_aligned.jpg
sadness,all_test\sadness\test_test_0319_aligned.jpg
sadness,all_test\sadness\test_test_0323_aligned.jpg
sadness,all_test\sadness\test_test_0328_aligned.jpg
sadness,all_test\sadness\test_test_0336_aligned.jpg
sadness,all_test\sadness\test_test_0339_aligned.jpg
sadness,all_test\sadness\test_test_0341_aligned.jpg
sadness,all_test\sadness\test_test_0342_aligned.jpg
sadness,all_test\sadness\test_test_0344_aligned.jpg
sadness,all_test\sadness\test_test_0348_aligned.jpg
sadness,all_test\sadness\test_test_0351_aligned.jpg
sadness,all_test\sadness\test_test_0356_aligned.jpg
sadness,all_test\sadness\test_test_0365_aligned.jpg
sadness,all_test\sadness\test_test_0368_aligned.jpg
sadness,all_test\sadness\test_test_0385_aligned.jpg
sadness,all_test\sadness\test_test_0387_aligned.jpg
sadness,all_test\sadness\test_test_0389_aligned.jpg
sadness,all_test\sadness\test_test_0401_aligned.jpg
sadness,all_test\sadness\test_test_0403_aligned.jpg
sadness,all_test\sadness\test_test_0404_aligned.jpg
sadness,all_test\sadness\test_test_0434_aligned.jpg
sadness,all_test\sadness\test_test_0438_aligned.jpg
sadness,all_test\sadness\test_test_0470_aligned.jpg
sadness,all_test\sadness\test_test_0471_aligned.jpg
sadness,all_test\sadness\test_test_0472_aligned.jpg
sadness,all_test\sadness\test_test_0476_aligned.jpg
sadness,all_test\sadness\test_test_0483_aligned.jpg
sadness,all_test\sadness\test_test_0507_aligned.jpg
sadness,all_test\sadness\test_test_0513_aligned.jpg
sadness,all_test\sadness\test_test_0514_aligned.jpg
sadness,all_test\sadness\test_test_0537_aligned.jpg
sadness,all_test\sadness\test_test_0541_aligned.jpg
sadness,all_test\sadness\test_test_0550_aligned.jpg
sadness,all_test\sadness\test_test_0560_aligned.jpg
sadness,all_test\sadness\test_test_0566_aligned.jpg
sadness,all_test\sadness\test_test_0593_aligned.jpg
sadness,all_test\sadness\test_test_0595_aligned.jpg
sadness,all_test\sadness\test_test_0598_aligned.jpg
sadness,all_test\sadness\test_test_0606_aligned.jpg
sadness,all_test\sadness\test_test_0610_aligned.jpg
sadness,all_test\sadness\test_test_0616_aligned.jpg
sadness,all_test\sadness\test_test_0629_aligned.jpg
sadness,all_test\sadness\test_test_0655_aligned.jpg
sadness,all_test\sadness\test_test_0687_aligned.jpg
sadness,all_test\sadness\test_test_0691_aligned.jpg
sadness,all_test\sadness\test_test_0716_aligned.jpg
sadness,all_test\sadness\test_test_0719_aligned.jpg
sadness,all_test\sadness\test_test_0721_aligned.jpg
sadness,all_test\sadness\test_test_0736_aligned.jpg
sadness,all_test\sadness\test_test_0738_aligned.jpg
sadness,all_test\sadness\test_test_0765_aligned.jpg
sadness,all_test\sadness\test_test_0770_aligned.jpg
sadness,all_test\sadness\test_test_0772_aligned.jpg
sadness,all_test\sadness\test_test_0810_aligned.jpg
sadness,all_test\sadness\test_test_0834_aligned.jpg
sadness,all_test\sadness\test_test_0845_aligned.jpg
sadness,all_test\sadness\test_test_0847_aligned.jpg
sadness,all_test\sadness\test_test_0868_aligned.jpg
sadness,all_test\sadness\test_test_0875_aligned.jpg
sadness,all_test\sadness\test_test_0876_aligned.jpg
sadness,all_test\sadness\test_test_0888_aligned.jpg
sadness,all_test\sadness\test_test_0889_aligned.jpg
sadness,all_test\sadness\test_test_0891_aligned.jpg
sadness,all_test\sadness\test_test_0895_aligned.jpg
sadness,all_test\sadness\test_test_0910_aligned.jpg
sadness,all_test\sadness\test_test_0916_aligned.jpg
sadness,all_test\sadness\test_test_0917_aligned.jpg
sadness,all_test\sadness\test_test_0918_aligned.jpg
sadness,all_test\sadness\test_test_0925_aligned.jpg
sadness,all_test\sadness\test_test_0927_aligned.jpg
sadness,all_test\sadness\test_test_0931_aligned.jpg
sadness,all_test\sadness\test_test_0936_aligned.jpg
sadness,all_test\sadness\test_test_0937_aligned.jpg
sadness,all_test\sadness\test_test_0947_aligned.jpg
sadness,all_test\sadness\test_test_0948_aligned.jpg
sadness,all_test\sadness\test_test_0949_aligned.jpg
sadness,all_test\sadness\test_test_0950_aligned.jpg
sadness,all_test\sadness\test_test_0951_aligned.jpg
sadness,all_test\sadness\test_test_0952_aligned.jpg
sadness,all_test\sadness\test_test_0957_aligned.jpg
sadness,all_test\sadness\test_test_0965_aligned.jpg
sadness,all_test\sadness\test_test_0966_aligned.jpg
sadness,all_test\sadness\test_test_0968_aligned.jpg
sadness,all_test\sadness\test_test_0969_aligned.jpg
sadness,all_test\sadness\test_test_0982_aligned.jpg
sadness,all_test\sadness\test_test_0988_aligned.jpg
sadness,all_test\sadness\test_test_0991_aligned.jpg
sadness,all_test\sadness\test_test_1008_aligned.jpg
sadness,all_test\sadness\test_test_1009_aligned.jpg
sadness,all_test\sadness\test_test_1017_aligned.jpg
sadness,all_test\sadness\test_test_1023_aligned.jpg
sadness,all_test\sadness\test_test_1024_aligned.jpg
sadness,all_test\sadness\test_test_1036_aligned.jpg
sadness,all_test\sadness\test_test_1042_aligned.jpg
sadness,all_test\sadness\test_test_1043_aligned.jpg
sadness,all_test\sadness\test_test_1049_aligned.jpg
sadness,all_test\sadness\test_test_1051_aligned.jpg
sadness,all_test\sadness\test_test_1052_aligned.jpg
sadness,all_test\sadness\test_test_1054_aligned.jpg
sadness,all_test\sadness\test_test_1060_aligned.jpg
sadness,all_test\sadness\test_test_1065_aligned.jpg
sadness,all_test\sadness\test_test_1066_aligned.jpg
sadness,all_test\sadness\test_test_1074_aligned.jpg
sadness,all_test\sadness\test_test_1076_aligned.jpg
sadness,all_test\sadness\test_test_1078_aligned.jpg
sadness,all_test\sadness\test_test_1079_aligned.jpg
sadness,all_test\sadness\test_test_1081_aligned.jpg
sadness,all_test\sadness\test_test_1082_aligned.jpg
sadness,all_test\sadness\test_test_1083_aligned.jpg
sadness,all_test\sadness\test_test_1084_aligned.jpg
sadness,all_test\sadness\test_test_1085_aligned.jpg
sadness,all_test\sadness\test_test_1086_aligned.jpg
sadness,all_test\sadness\test_test_1087_aligned.jpg
sadness,all_test\sadness\test_test_1088_aligned.jpg
sadness,all_test\sadness\test_test_1090_aligned.jpg
sadness,all_test\sadness\test_test_1091_aligned.jpg
sadness,all_test\sadness\test_test_1094_aligned.jpg
sadness,all_test\sadness\test_test_1095_aligned.jpg
sadness,all_test\sadness\test_test_1098_aligned.jpg
sadness,all_test\sadness\test_test_1104_aligned.jpg
sadness,all_test\sadness\test_test_1112_aligned.jpg
sadness,all_test\sadness\test_test_1116_aligned.jpg
sadness,all_test\sadness\test_test_1118_aligned.jpg
sadness,all_test\sadness\test_test_1121_aligned.jpg
sadness,all_test\sadness\test_test_1124_aligned.jpg
sadness,all_test\sadness\test_test_1131_aligned.jpg
sadness,all_test\sadness\test_test_1133_aligned.jpg
sadness,all_test\sadness\test_test_1137_aligned.jpg
sadness,all_test\sadness\test_test_1139_aligned.jpg
sadness,all_test\sadness\test_test_1141_aligned.jpg
sadness,all_test\sadness\test_test_1142_aligned.jpg
sadness,all_test\sadness\test_test_1148_aligned.jpg
sadness,all_test\sadness\test_test_1149_aligned.jpg
sadness,all_test\sadness\test_test_1154_aligned.jpg
sadness,all_test\sadness\test_test_1156_aligned.jpg
sadness,all_test\sadness\test_test_1158_aligned.jpg
sadness,all_test\sadness\test_test_1160_aligned.jpg
sadness,all_test\sadness\test_test_1161_aligned.jpg
sadness,all_test\sadness\test_test_1162_aligned.jpg
sadness,all_test\sadness\test_test_1174_aligned.jpg
sadness,all_test\sadness\test_test_1183_aligned.jpg
sadness,all_test\sadness\test_test_1185_aligned.jpg
sadness,all_test\sadness\test_test_1186_aligned.jpg
sadness,all_test\sadness\test_test_1187_aligned.jpg
sadness,all_test\sadness\test_test_1195_aligned.jpg
sadness,all_test\sadness\test_test_1198_aligned.jpg
sadness,all_test\sadness\test_test_1199_aligned.jpg
sadness,all_test\sadness\test_test_1212_aligned.jpg
sadness,all_test\sadness\test_test_1221_aligned.jpg
sadness,all_test\sadness\test_test_1223_aligned.jpg
sadness,all_test\sadness\test_test_1224_aligned.jpg
sadness,all_test\sadness\test_test_1228_aligned.jpg
sadness,all_test\sadness\test_test_1233_aligned.jpg
sadness,all_test\sadness\test_test_1241_aligned.jpg
sadness,all_test\sadness\test_test_1245_aligned.jpg
sadness,all_test\sadness\test_test_1246_aligned.jpg
sadness,all_test\sadness\test_test_1248_aligned.jpg
sadness,all_test\sadness\test_test_1256_aligned.jpg
sadness,all_test\sadness\test_test_1259_aligned.jpg
sadness,all_test\sadness\test_test_1262_aligned.jpg
sadness,all_test\sadness\test_test_1268_aligned.jpg
sadness,all_test\sadness\test_test_1272_aligned.jpg
sadness,all_test\sadness\test_test_1277_aligned.jpg
sadness,all_test\sadness\test_test_1279_aligned.jpg
sadness,all_test\sadness\test_test_1293_aligned.jpg
sadness,all_test\sadness\test_test_1300_aligned.jpg
sadness,all_test\sadness\test_test_1303_aligned.jpg
sadness,all_test\sadness\test_test_1306_aligned.jpg
sadness,all_test\sadness\test_test_1312_aligned.jpg
sadness,all_test\sadness\test_test_1315_aligned.jpg
sadness,all_test\sadness\test_test_1316_aligned.jpg
sadness,all_test\sadness\test_test_1324_aligned.jpg
sadness,all_test\sadness\test_test_1326_aligned.jpg
sadness,all_test\sadness\test_test_1329_aligned.jpg
sadness,all_test\sadness\test_test_1335_aligned.jpg
sadness,all_test\sadness\test_test_1343_aligned.jpg
sadness,all_test\sadness\test_test_1344_aligned.jpg
sadness,all_test\sadness\test_test_1348_aligned.jpg
sadness,all_test\sadness\test_test_1349_aligned.jpg
sadness,all_test\sadness\test_test_1355_aligned.jpg
sadness,all_test\sadness\test_test_1365_aligned.jpg
sadness,all_test\sadness\test_test_1368_aligned.jpg
sadness,all_test\sadness\test_test_1370_aligned.jpg
sadness,all_test\sadness\test_test_1372_aligned.jpg
sadness,all_test\sadness\test_test_1377_aligned.jpg
sadness,all_test\sadness\test_test_1381_aligned.jpg
sadness,all_test\sadness\test_test_1382_aligned.jpg
sadness,all_test\sadness\test_test_1386_aligned.jpg
sadness,all_test\sadness\test_test_1396_aligned.jpg
sadness,all_test\sadness\test_test_1397_aligned.jpg
sadness,all_test\sadness\test_test_1399_aligned.jpg
sadness,all_test\sadness\test_test_1408_aligned.jpg
sadness,all_test\sadness\test_test_1411_aligned.jpg
sadness,all_test\sadness\test_test_1412_aligned.jpg
sadness,all_test\sadness\test_test_1416_aligned.jpg
sadness,all_test\sadness\test_test_1425_aligned.jpg
sadness,all_test\sadness\test_test_1426_aligned.jpg
sadness,all_test\sadness\test_test_1433_aligned.jpg
sadness,all_test\sadness\test_test_1436_aligned.jpg
sadness,all_test\sadness\test_test_1439_aligned.jpg
sadness,all_test\sadness\test_test_1440_aligned.jpg
sadness,all_test\sadness\test_test_1441_aligned.jpg
sadness,all_test\sadness\test_test_1446_aligned.jpg
sadness,all_test\sadness\test_test_1447_aligned.jpg
sadness,all_test\sadness\test_test_1449_aligned.jpg
sadness,all_test\sadness\test_test_1450_aligned.jpg
sadness,all_test\sadness\test_test_1451_aligned.jpg
sadness,all_test\sadness\test_test_1453_aligned.jpg
sadness,all_test\sadness\test_test_1454_aligned.jpg
sadness,all_test\sadness\test_test_1461_aligned.jpg
sadness,all_test\sadness\test_test_1467_aligned.jpg
sadness,all_test\sadness\test_test_1470_aligned.jpg
sadness,all_test\sadness\test_test_1473_aligned.jpg
sadness,all_test\sadness\test_test_1474_aligned.jpg
sadness,all_test\sadness\test_test_1476_aligned.jpg
sadness,all_test\sadness\test_test_1479_aligned.jpg
sadness,all_test\sadness\test_test_1481_aligned.jpg
sadness,all_test\sadness\test_test_1492_aligned.jpg
sadness,all_test\sadness\test_test_1494_aligned.jpg
sadness,all_test\sadness\test_test_1495_aligned.jpg
sadness,all_test\sadness\test_test_1509_aligned.jpg
sadness,all_test\sadness\test_test_1515_aligned.jpg
sadness,all_test\sadness\test_test_1517_aligned.jpg
sadness,all_test\sadness\test_test_1529_aligned.jpg
sadness,all_test\sadness\test_test_1535_aligned.jpg
sadness,all_test\sadness\test_test_1536_aligned.jpg
sadness,all_test\sadness\test_test_1537_aligned.jpg
sadness,all_test\sadness\test_test_1542_aligned.jpg
sadness,all_test\sadness\test_test_1546_aligned.jpg
sadness,all_test\sadness\test_test_1547_aligned.jpg
sadness,all_test\sadness\test_test_1557_aligned.jpg
sadness,all_test\sadness\test_test_1563_aligned.jpg
sadness,all_test\sadness\test_test_1565_aligned.jpg
sadness,all_test\sadness\test_test_1566_aligned.jpg
sadness,all_test\sadness\test_test_1573_aligned.jpg
sadness,all_test\sadness\test_test_1574_aligned.jpg
sadness,all_test\sadness\test_test_1575_aligned.jpg
sadness,all_test\sadness\test_test_1576_aligned.jpg
sadness,all_test\sadness\test_test_1578_aligned.jpg
sadness,all_test\sadness\test_test_1584_aligned.jpg
sadness,all_test\sadness\test_test_1586_aligned.jpg
sadness,all_test\sadness\test_test_1592_aligned.jpg
sadness,all_test\sadness\test_test_1598_aligned.jpg
sadness,all_test\sadness\test_test_1603_aligned.jpg
sadness,all_test\sadness\test_test_1606_aligned.jpg
sadness,all_test\sadness\test_test_1607_aligned.jpg
sadness,all_test\sadness\test_test_1611_aligned.jpg
sadness,all_test\sadness\test_test_1612_aligned.jpg
sadness,all_test\sadness\test_test_1613_aligned.jpg
sadness,all_test\sadness\test_test_1615_aligned.jpg
sadness,all_test\sadness\test_test_1619_aligned.jpg
sadness,all_test\sadness\test_test_1621_aligned.jpg
sadness,all_test\sadness\test_test_1622_aligned.jpg
sadness,all_test\sadness\test_test_1630_aligned.jpg
sadness,all_test\sadness\test_test_1632_aligned.jpg
sadness,all_test\sadness\test_test_1634_aligned.jpg
sadness,all_test\sadness\test_test_1637_aligned.jpg
sadness,all_test\sadness\test_test_1639_aligned.jpg
sadness,all_test\sadness\test_test_1642_aligned.jpg
sadness,all_test\sadness\test_test_1645_aligned.jpg
sadness,all_test\sadness\test_test_1646_aligned.jpg
sadness,all_test\sadness\test_test_1652_aligned.jpg
sadness,all_test\sadness\test_test_1654_aligned.jpg
sadness,all_test\sadness\test_test_1657_aligned.jpg
sadness,all_test\sadness\test_test_1660_aligned.jpg
sadness,all_test\sadness\test_test_1662_aligned.jpg
sadness,all_test\sadness\test_test_1663_aligned.jpg
sadness,all_test\sadness\test_test_1664_aligned.jpg
sadness,all_test\sadness\test_test_1666_aligned.jpg
sadness,all_test\sadness\test_test_1668_aligned.jpg
sadness,all_test\sadness\test_test_1673_aligned.jpg
sadness,all_test\sadness\test_test_1674_aligned.jpg
sadness,all_test\sadness\test_test_1675_aligned.jpg
sadness,all_test\sadness\test_test_1682_aligned.jpg
sadness,all_test\sadness\test_test_1687_aligned.jpg
sadness,all_test\sadness\test_test_1688_aligned.jpg
sadness,all_test\sadness\test_test_1698_aligned.jpg
sadness,all_test\sadness\test_test_1700_aligned.jpg
sadness,all_test\sadness\test_test_1709_aligned.jpg
sadness,all_test\sadness\test_test_1711_aligned.jpg
sadness,all_test\sadness\test_test_1715_aligned.jpg
sadness,all_test\sadness\test_test_1716_aligned.jpg
sadness,all_test\sadness\test_test_1720_aligned.jpg
sadness,all_test\sadness\test_test_1721_aligned.jpg
sadness,all_test\sadness\test_test_1723_aligned.jpg
sadness,all_test\sadness\test_test_1728_aligned.jpg
sadness,all_test\sadness\test_test_1730_aligned.jpg
sadness,all_test\sadness\test_test_1731_aligned.jpg
sadness,all_test\sadness\test_test_1735_aligned.jpg
sadness,all_test\sadness\test_test_1736_aligned.jpg
sadness,all_test\sadness\test_test_1737_aligned.jpg
sadness,all_test\sadness\test_test_1740_aligned.jpg
sadness,all_test\sadness\test_test_1742_aligned.jpg
sadness,all_test\sadness\test_test_1745_aligned.jpg
sadness,all_test\sadness\test_test_1747_aligned.jpg
sadness,all_test\sadness\test_test_1748_aligned.jpg
sadness,all_test\sadness\test_test_1753_aligned.jpg
sadness,all_test\sadness\test_test_1754_aligned.jpg
sadness,all_test\sadness\test_test_1758_aligned.jpg
sadness,all_test\sadness\test_test_1763_aligned.jpg
sadness,all_test\sadness\test_test_1766_aligned.jpg
sadness,all_test\sadness\test_test_1767_aligned.jpg
sadness,all_test\sadness\test_test_1771_aligned.jpg
sadness,all_test\sadness\test_test_1776_aligned.jpg
sadness,all_test\sadness\test_test_1777_aligned.jpg
sadness,all_test\sadness\test_test_1780_aligned.jpg
sadness,all_test\sadness\test_test_1789_aligned.jpg
sadness,all_test\sadness\test_test_1795_aligned.jpg
sadness,all_test\sadness\test_test_1798_aligned.jpg
sadness,all_test\sadness\test_test_1799_aligned.jpg
sadness,all_test\sadness\test_test_1800_aligned.jpg
sadness,all_test\sadness\test_test_1804_aligned.jpg
sadness,all_test\sadness\test_test_1806_aligned.jpg
sadness,all_test\sadness\test_test_1808_aligned.jpg
sadness,all_test\sadness\test_test_1809_aligned.jpg
sadness,all_test\sadness\test_test_1810_aligned.jpg
sadness,all_test\sadness\test_test_1811_aligned.jpg
sadness,all_test\sadness\test_test_1812_aligned.jpg
sadness,all_test\sadness\test_test_1814_aligned.jpg
sadness,all_test\sadness\test_test_1818_aligned.jpg
sadness,all_test\sadness\test_test_1823_aligned.jpg
sadness,all_test\sadness\test_test_1824_aligned.jpg
sadness,all_test\sadness\test_test_1829_aligned.jpg
sadness,all_test\sadness\test_test_1831_aligned.jpg
sadness,all_test\sadness\test_test_1832_aligned.jpg
sadness,all_test\sadness\test_test_1842_aligned.jpg
sadness,all_test\sadness\test_test_1843_aligned.jpg
sadness,all_test\sadness\test_test_1846_aligned.jpg
sadness,all_test\sadness\test_test_1847_aligned.jpg
sadness,all_test\sadness\test_test_1849_aligned.jpg
sadness,all_test\sadness\test_test_1851_aligned.jpg
sadness,all_test\sadness\test_test_1853_aligned.jpg
sadness,all_test\sadness\test_test_1854_aligned.jpg
sadness,all_test\sadness\test_test_1856_aligned.jpg
sadness,all_test\sadness\test_test_1857_aligned.jpg
sadness,all_test\sadness\test_test_1864_aligned.jpg
sadness,all_test\sadness\test_test_1872_aligned.jpg
sadness,all_test\sadness\test_test_1873_aligned.jpg
sadness,all_test\sadness\test_test_1875_aligned.jpg
sadness,all_test\sadness\test_test_1877_aligned.jpg
sadness,all_test\sadness\test_test_1882_aligned.jpg
sadness,all_test\sadness\test_test_1893_aligned.jpg
sadness,all_test\sadness\test_test_1902_aligned.jpg
sadness,all_test\sadness\test_test_1908_aligned.jpg
sadness,all_test\sadness\test_test_1909_aligned.jpg
sadness,all_test\sadness\test_test_1910_aligned.jpg
sadness,all_test\sadness\test_test_1918_aligned.jpg
sadness,all_test\sadness\test_test_1922_aligned.jpg
sadness,all_test\sadness\test_test_1923_aligned.jpg
sadness,all_test\sadness\test_test_1927_aligned.jpg
sadness,all_test\sadness\test_test_1929_aligned.jpg
sadness,all_test\sadness\test_test_1932_aligned.jpg
sadness,all_test\sadness\test_test_1936_aligned.jpg
sadness,all_test\sadness\test_test_1937_aligned.jpg
sadness,all_test\sadness\test_test_1942_aligned.jpg
sadness,all_test\sadness\test_test_1943_aligned.jpg
sadness,all_test\sadness\test_test_1947_aligned.jpg
sadness,all_test\sadness\test_test_1949_aligned.jpg
sadness,all_test\sadness\test_test_1951_aligned.jpg
sadness,all_test\sadness\test_test_1952_aligned.jpg
sadness,all_test\sadness\test_test_1956_aligned.jpg
sadness,all_test\sadness\test_test_1961_aligned.jpg
sadness,all_test\sadness\test_test_1968_aligned.jpg
sadness,all_test\sadness\test_test_1973_aligned.jpg
sadness,all_test\sadness\test_test_1974_aligned.jpg
sadness,all_test\sadness\test_test_1975_aligned.jpg
sadness,all_test\sadness\test_test_1983_aligned.jpg
sadness,all_test\sadness\test_test_1984_aligned.jpg
sadness,all_test\sadness\test_test_1986_aligned.jpg
sadness,all_test\sadness\test_test_1996_aligned.jpg
sadness,all_test\sadness\test_test_2005_aligned.jpg
sadness,all_test\sadness\test_test_2013_aligned.jpg
sadness,all_test\sadness\test_test_2017_aligned.jpg
sadness,all_test\sadness\test_test_2021_aligned.jpg
sadness,all_test\sadness\test_test_2022_aligned.jpg
sadness,all_test\sadness\test_test_2025_aligned.jpg
sadness,all_test\sadness\test_test_2026_aligned.jpg
sadness,all_test\sadness\test_test_2035_aligned.jpg
sadness,all_test\sadness\test_test_2038_aligned.jpg
sadness,all_test\sadness\test_test_2050_aligned.jpg
sadness,all_test\sadness\test_test_2052_aligned.jpg
sadness,all_test\sadness\test_test_2054_aligned.jpg
sadness,all_test\sadness\test_test_2061_aligned.jpg
sadness,all_test\sadness\test_test_2066_aligned.jpg
sadness,all_test\sadness\test_test_2070_aligned.jpg
sadness,all_test\sadness\test_test_2071_aligned.jpg
sadness,all_test\sadness\test_test_2077_aligned.jpg
sadness,all_test\sadness\test_test_2078_aligned.jpg
sadness,all_test\sadness\test_test_2080_aligned.jpg
sadness,all_test\sadness\test_test_2088_aligned.jpg
sadness,all_test\sadness\test_test_2095_aligned.jpg
sadness,all_test\sadness\test_test_2097_aligned.jpg
sadness,all_test\sadness\test_test_2102_aligned.jpg
sadness,all_test\sadness\test_test_2111_aligned.jpg
sadness,all_test\sadness\test_test_2113_aligned.jpg
sadness,all_test\sadness\test_test_2115_aligned.jpg
sadness,all_test\sadness\test_test_2117_aligned.jpg
sadness,all_test\sadness\test_test_2118_aligned.jpg
sadness,all_test\sadness\test_test_2119_aligned.jpg
sadness,all_test\sadness\test_test_2123_aligned.jpg
sadness,all_test\sadness\test_test_2124_aligned.jpg
sadness,all_test\sadness\test_test_2131_aligned.jpg
sadness,all_test\sadness\test_test_2132_aligned.jpg
sadness,all_test\sadness\test_test_2138_aligned.jpg
sadness,all_test\sadness\test_test_2142_aligned.jpg
sadness,all_test\sadness\test_test_2147_aligned.jpg
sadness,all_test\sadness\test_test_2156_aligned.jpg
sadness,all_test\sadness\test_test_2157_aligned.jpg
sadness,all_test\sadness\test_test_2158_aligned.jpg
sadness,all_test\sadness\test_test_2167_aligned.jpg
sadness,all_test\sadness\test_test_2169_aligned.jpg
sadness,all_test\sadness\test_test_2188_aligned.jpg
sadness,all_test\sadness\test_test_2191_aligned.jpg
sadness,all_test\sadness\test_test_2193_aligned.jpg
sadness,all_test\sadness\test_test_2194_aligned.jpg
sadness,all_test\sadness\test_test_2195_aligned.jpg
sadness,all_test\sadness\test_test_2204_aligned.jpg
sadness,all_test\sadness\test_test_2209_aligned.jpg
sadness,all_test\sadness\test_test_2210_aligned.jpg
sadness,all_test\sadness\test_test_2211_aligned.jpg
sadness,all_test\sadness\test_test_2216_aligned.jpg
sadness,all_test\sadness\test_test_2217_aligned.jpg
sadness,all_test\sadness\test_test_2223_aligned.jpg
sadness,all_test\sadness\test_test_2225_aligned.jpg
sadness,all_test\sadness\test_test_2227_aligned.jpg
sadness,all_test\sadness\train_train_00001_aligned.jpg
sadness,all_test\sadness\train_train_00002_aligned.jpg
sadness,all_test\sadness\train_train_00005_aligned.jpg
sadness,all_test\sadness\train_train_00007_aligned.jpg
sadness,all_test\sadness\train_train_00015_aligned.jpg
sadness,all_test\sadness\train_train_00024_aligned.jpg
sadness,all_test\sadness\train_train_00025_aligned.jpg
sadness,all_test\sadness\train_train_00026_aligned.jpg
sadness,all_test\sadness\train_train_00028_aligned.jpg
sadness,all_test\sadness\train_train_00030_aligned.jpg
sadness,all_test\sadness\train_train_00033_aligned.jpg
sadness,all_test\sadness\train_train_00038_aligned.jpg
sadness,all_test\sadness\train_train_00039_aligned.jpg
sadness,all_test\sadness\train_train_00040_aligned.jpg
sadness,all_test\sadness\train_train_00041_aligned.jpg
sadness,all_test\sadness\train_train_00042_aligned.jpg
sadness,all_test\sadness\train_train_00066_aligned.jpg
sadness,all_test\sadness\train_train_00088_aligned.jpg
sadness,all_test\sadness\train_train_00097_aligned.jpg
sadness,all_test\sadness\train_train_00101_aligned.jpg
sadness,all_test\sadness\train_train_00102_aligned.jpg
sadness,all_test\sadness\train_train_00109_aligned.jpg
sadness,all_test\sadness\train_train_00115_aligned.jpg
sadness,all_test\sadness\train_train_00119_aligned.jpg
sadness,all_test\sadness\train_train_00130_aligned.jpg
sadness,all_test\sadness\train_train_00139_aligned.jpg
sadness,all_test\sadness\train_train_00142_aligned.jpg
sadness,all_test\sadness\train_train_00144_aligned.jpg
sadness,all_test\sadness\train_train_00155_aligned.jpg
sadness,all_test\sadness\train_train_00158_aligned.jpg
sadness,all_test\sadness\train_train_00160_aligned.jpg
sadness,all_test\sadness\train_train_00163_aligned.jpg
sadness,all_test\sadness\train_train_00165_aligned.jpg
sadness,all_test\sadness\train_train_00171_aligned.jpg
sadness,all_test\sadness\train_train_00194_aligned.jpg
sadness,all_test\sadness\train_train_00199_aligned.jpg
sadness,all_test\sadness\train_train_00214_aligned.jpg
sadness,all_test\sadness\train_train_00216_aligned.jpg
sadness,all_test\sadness\train_train_00221_aligned.jpg
sadness,all_test\sadness\train_train_00222_aligned.jpg
sadness,all_test\sadness\train_train_00231_aligned.jpg
sadness,all_test\sadness\train_train_00236_aligned.jpg
sadness,all_test\sadness\train_train_00238_aligned.jpg
sadness,all_test\sadness\train_train_00242_aligned.jpg
sadness,all_test\sadness\train_train_00248_aligned.jpg
sadness,all_test\sadness\train_train_00249_aligned.jpg
sadness,all_test\sadness\train_train_00251_aligned.jpg
sadness,all_test\sadness\train_train_00252_aligned.jpg
sadness,all_test\sadness\train_train_00253_aligned.jpg
sadness,all_test\sadness\train_train_00262_aligned.jpg
sadness,all_test\sadness\train_train_00263_aligned.jpg
sadness,all_test\sadness\train_train_00269_aligned.jpg
sadness,all_test\sadness\train_train_00271_aligned.jpg
sadness,all_test\sadness\train_train_00272_aligned.jpg
sadness,all_test\sadness\train_train_00273_aligned.jpg
sadness,all_test\sadness\train_train_00277_aligned.jpg
sadness,all_test\sadness\train_train_00283_aligned.jpg
sadness,all_test\sadness\train_train_00284_aligned.jpg
sadness,all_test\sadness\train_train_00285_aligned.jpg
sadness,all_test\sadness\train_train_00286_aligned.jpg
sadness,all_test\sadness\train_train_00287_aligned.jpg
sadness,all_test\sadness\train_train_00288_aligned.jpg
sadness,all_test\sadness\train_train_00289_aligned.jpg
sadness,all_test\sadness\train_train_00291_aligned.jpg
sadness,all_test\sadness\train_train_00299_aligned.jpg
sadness,all_test\sadness\train_train_00305_aligned.jpg
sadness,all_test\sadness\train_train_00306_aligned.jpg
sadness,all_test\sadness\train_train_00319_aligned.jpg
sadness,all_test\sadness\train_train_00322_aligned.jpg
sadness,all_test\sadness\train_train_00325_aligned.jpg
sadness,all_test\sadness\train_train_00336_aligned.jpg
sadness,all_test\sadness\train_train_00342_aligned.jpg
sadness,all_test\sadness\train_train_00345_aligned.jpg
sadness,all_test\sadness\train_train_00347_aligned.jpg
sadness,all_test\sadness\train_train_00349_aligned.jpg
sadness,all_test\sadness\train_train_00356_aligned.jpg
sadness,all_test\sadness\train_train_00364_aligned.jpg
sadness,all_test\sadness\train_train_00369_aligned.jpg
sadness,all_test\sadness\train_train_00370_aligned.jpg
sadness,all_test\sadness\train_train_00371_aligned.jpg
sadness,all_test\sadness\train_train_00382_aligned.jpg
sadness,all_test\sadness\train_train_00386_aligned.jpg
sadness,all_test\sadness\train_train_00387_aligned.jpg
sadness,all_test\sadness\train_train_00391_aligned.jpg
sadness,all_test\sadness\train_train_00398_aligned.jpg
sadness,all_test\sadness\train_train_00423_aligned.jpg
sadness,all_test\sadness\train_train_00429_aligned.jpg
sadness,all_test\sadness\train_train_00431_aligned.jpg
sadness,all_test\sadness\train_train_00436_aligned.jpg
sadness,all_test\sadness\train_train_00445_aligned.jpg
sadness,all_test\sadness\train_train_00451_aligned.jpg
sadness,all_test\sadness\train_train_00459_aligned.jpg
sadness,all_test\sadness\train_train_00460_aligned.jpg
sadness,all_test\sadness\train_train_00464_aligned.jpg
sadness,all_test\sadness\train_train_00473_aligned.jpg
sadness,all_test\sadness\train_train_00476_aligned.jpg
sadness,all_test\sadness\train_train_00477_aligned.jpg
sadness,all_test\sadness\train_train_00479_aligned.jpg
sadness,all_test\sadness\train_train_00488_aligned.jpg
sadness,all_test\sadness\train_train_00496_aligned.jpg
sadness,all_test\sadness\train_train_00500_aligned.jpg
sadness,all_test\sadness\train_train_00511_aligned.jpg
sadness,all_test\sadness\train_train_00512_aligned.jpg
sadness,all_test\sadness\train_train_00526_aligned.jpg
sadness,all_test\sadness\train_train_00531_aligned.jpg
sadness,all_test\sadness\train_train_00534_aligned.jpg
sadness,all_test\sadness\train_train_00535_aligned.jpg
sadness,all_test\sadness\train_train_00536_aligned.jpg
sadness,all_test\sadness\train_train_00540_aligned.jpg
sadness,all_test\sadness\train_train_00544_aligned.jpg
sadness,all_test\sadness\train_train_00550_aligned.jpg
sadness,all_test\sadness\train_train_00557_aligned.jpg
sadness,all_test\sadness\train_train_00558_aligned.jpg
sadness,all_test\sadness\train_train_00559_aligned.jpg
sadness,all_test\sadness\train_train_00560_aligned.jpg
sadness,all_test\sadness\train_train_00562_aligned.jpg
sadness,all_test\sadness\train_train_00563_aligned.jpg
sadness,all_test\sadness\train_train_00566_aligned.jpg
sadness,all_test\sadness\train_train_00567_aligned.jpg
sadness,all_test\sadness\train_train_00573_aligned.jpg
sadness,all_test\sadness\train_train_00574_aligned.jpg
sadness,all_test\sadness\train_train_00575_aligned.jpg
sadness,all_test\sadness\train_train_00583_aligned.jpg
sadness,all_test\sadness\train_train_00585_aligned.jpg
sadness,all_test\sadness\train_train_00593_aligned.jpg
sadness,all_test\sadness\train_train_00603_aligned.jpg
sadness,all_test\sadness\train_train_00605_aligned.jpg
sadness,all_test\sadness\train_train_00611_aligned.jpg
sadness,all_test\sadness\train_train_00612_aligned.jpg
sadness,all_test\sadness\train_train_00613_aligned.jpg
sadness,all_test\sadness\train_train_00616_aligned.jpg
sadness,all_test\sadness\train_train_00617_aligned.jpg
sadness,all_test\sadness\train_train_00619_aligned.jpg
sadness,all_test\sadness\train_train_00622_aligned.jpg
sadness,all_test\sadness\train_train_00623_aligned.jpg
sadness,all_test\sadness\train_train_00625_aligned.jpg
sadness,all_test\sadness\train_train_00643_aligned.jpg
sadness,all_test\sadness\train_train_00648_aligned.jpg
sadness,all_test\sadness\train_train_00649_aligned.jpg
sadness,all_test\sadness\train_train_00650_aligned.jpg
sadness,all_test\sadness\train_train_00651_aligned.jpg
sadness,all_test\sadness\train_train_00652_aligned.jpg
sadness,all_test\sadness\train_train_00653_aligned.jpg
sadness,all_test\sadness\train_train_00654_aligned.jpg
sadness,all_test\sadness\train_train_00655_aligned.jpg
sadness,all_test\sadness\train_train_00656_aligned.jpg
sadness,all_test\sadness\train_train_00657_aligned.jpg
sadness,all_test\sadness\train_train_00658_aligned.jpg
sadness,all_test\sadness\train_train_00659_aligned.jpg
sadness,all_test\sadness\train_train_00660_aligned.jpg
sadness,all_test\sadness\train_train_00661_aligned.jpg
sadness,all_test\sadness\train_train_00663_aligned.jpg
sadness,all_test\sadness\train_train_00671_aligned.jpg
sadness,all_test\sadness\train_train_00672_aligned.jpg
sadness,all_test\sadness\train_train_00674_aligned.jpg
sadness,all_test\sadness\train_train_00687_aligned.jpg
sadness,all_test\sadness\train_train_00688_aligned.jpg
sadness,all_test\sadness\train_train_00690_aligned.jpg
sadness,all_test\sadness\train_train_00691_aligned.jpg
sadness,all_test\sadness\train_train_00692_aligned.jpg
sadness,all_test\sadness\train_train_00699_aligned.jpg
sadness,all_test\sadness\train_train_00712_aligned.jpg
sadness,all_test\sadness\train_train_00723_aligned.jpg
sadness,all_test\sadness\train_train_00724_aligned.jpg
sadness,all_test\sadness\train_train_00731_aligned.jpg
sadness,all_test\sadness\train_train_00738_aligned.jpg
sadness,all_test\sadness\train_train_00740_aligned.jpg
sadness,all_test\sadness\train_train_00741_aligned.jpg
sadness,all_test\sadness\train_train_00745_aligned.jpg
sadness,all_test\sadness\train_train_00751_aligned.jpg
sadness,all_test\sadness\train_train_00752_aligned.jpg
sadness,all_test\sadness\train_train_00759_aligned.jpg
sadness,all_test\sadness\train_train_00773_aligned.jpg
sadness,all_test\sadness\train_train_00774_aligned.jpg
sadness,all_test\sadness\train_train_00783_aligned.jpg
sadness,all_test\sadness\train_train_00786_aligned.jpg
sadness,all_test\sadness\train_train_00791_aligned.jpg
sadness,all_test\sadness\train_train_00809_aligned.jpg
sadness,all_test\sadness\train_train_00814_aligned.jpg
sadness,all_test\sadness\train_train_00817_aligned.jpg
sadness,all_test\sadness\train_train_00821_aligned.jpg
sadness,all_test\sadness\train_train_00828_aligned.jpg
sadness,all_test\sadness\train_train_00833_aligned.jpg
sadness,all_test\sadness\train_train_00834_aligned.jpg
sadness,all_test\sadness\train_train_00835_aligned.jpg
sadness,all_test\sadness\train_train_00842_aligned.jpg
sadness,all_test\sadness\train_train_00853_aligned.jpg
sadness,all_test\sadness\train_train_00858_aligned.jpg
sadness,all_test\sadness\train_train_00861_aligned.jpg
sadness,all_test\sadness\train_train_00862_aligned.jpg
sadness,all_test\sadness\train_train_00867_aligned.jpg
sadness,all_test\sadness\train_train_00875_aligned.jpg
sadness,all_test\sadness\train_train_00878_aligned.jpg
sadness,all_test\sadness\train_train_00880_aligned.jpg
sadness,all_test\sadness\train_train_00890_aligned.jpg
sadness,all_test\sadness\train_train_00891_aligned.jpg
sadness,all_test\sadness\train_train_00892_aligned.jpg
sadness,all_test\sadness\train_train_00905_aligned.jpg
sadness,all_test\sadness\train_train_00908_aligned.jpg
sadness,all_test\sadness\train_train_00913_aligned.jpg
sadness,all_test\sadness\train_train_00921_aligned.jpg
sadness,all_test\sadness\train_train_00923_aligned.jpg
sadness,all_test\sadness\train_train_00928_aligned.jpg
sadness,all_test\sadness\train_train_00937_aligned.jpg
sadness,all_test\sadness\train_train_00938_aligned.jpg
sadness,all_test\sadness\train_train_00950_aligned.jpg
sadness,all_test\sadness\train_train_00953_aligned.jpg
sadness,all_test\sadness\train_train_00961_aligned.jpg
sadness,all_test\sadness\train_train_00968_aligned.jpg
sadness,all_test\sadness\train_train_00970_aligned.jpg
sadness,all_test\sadness\train_train_00971_aligned.jpg
sadness,all_test\sadness\train_train_00979_aligned.jpg
sadness,all_test\sadness\train_train_00981_aligned.jpg
sadness,all_test\sadness\train_train_00987_aligned.jpg
sadness,all_test\sadness\train_train_00990_aligned.jpg
sadness,all_test\sadness\train_train_00991_aligned.jpg
sadness,all_test\sadness\train_train_00992_aligned.jpg
sadness,all_test\sadness\train_train_01002_aligned.jpg
sadness,all_test\sadness\train_train_01010_aligned.jpg
sadness,all_test\sadness\train_train_01011_aligned.jpg
sadness,all_test\sadness\train_train_01013_aligned.jpg
sadness,all_test\sadness\train_train_01015_aligned.jpg
sadness,all_test\sadness\train_train_01017_aligned.jpg
sadness,all_test\sadness\train_train_01039_aligned.jpg
sadness,all_test\sadness\train_train_01048_aligned.jpg
sadness,all_test\sadness\train_train_01049_aligned.jpg
sadness,all_test\sadness\train_train_01053_aligned.jpg
sadness,all_test\sadness\train_train_01070_aligned.jpg
sadness,all_test\sadness\train_train_01074_aligned.jpg
sadness,all_test\sadness\train_train_01078_aligned.jpg
sadness,all_test\sadness\train_train_01083_aligned.jpg
sadness,all_test\sadness\train_train_01085_aligned.jpg
sadness,all_test\sadness\train_train_01087_aligned.jpg
sadness,all_test\sadness\train_train_01088_aligned.jpg
sadness,all_test\sadness\train_train_01090_aligned.jpg
sadness,all_test\sadness\train_train_01092_aligned.jpg
sadness,all_test\sadness\train_train_01093_aligned.jpg
sadness,all_test\sadness\train_train_01100_aligned.jpg
sadness,all_test\sadness\train_train_01101_aligned.jpg
sadness,all_test\sadness\train_train_01105_aligned.jpg
sadness,all_test\sadness\train_train_01106_aligned.jpg
sadness,all_test\sadness\train_train_01111_aligned.jpg
sadness,all_test\sadness\train_train_01113_aligned.jpg
sadness,all_test\sadness\train_train_01116_aligned.jpg
sadness,all_test\sadness\train_train_01119_aligned.jpg
sadness,all_test\sadness\train_train_01121_aligned.jpg
sadness,all_test\sadness\train_train_01133_aligned.jpg
sadness,all_test\sadness\train_train_01135_aligned.jpg
sadness,all_test\sadness\train_train_01136_aligned.jpg
sadness,all_test\sadness\train_train_01142_aligned.jpg
sadness,all_test\sadness\train_train_01143_aligned.jpg
sadness,all_test\sadness\train_train_01146_aligned.jpg
sadness,all_test\sadness\train_train_01148_aligned.jpg
sadness,all_test\sadness\train_train_01155_aligned.jpg
sadness,all_test\sadness\train_train_01166_aligned.jpg
sadness,all_test\sadness\train_train_01167_aligned.jpg
sadness,all_test\sadness\train_train_01169_aligned.jpg
sadness,all_test\sadness\train_train_01180_aligned.jpg
sadness,all_test\sadness\train_train_01190_aligned.jpg
sadness,all_test\sadness\train_train_01202_aligned.jpg
sadness,all_test\sadness\train_train_01219_aligned.jpg
sadness,all_test\sadness\train_train_01223_aligned.jpg
sadness,all_test\sadness\train_train_01228_aligned.jpg
sadness,all_test\sadness\train_train_01233_aligned.jpg
sadness,all_test\sadness\train_train_01234_aligned.jpg
sadness,all_test\sadness\train_train_01237_aligned.jpg
sadness,all_test\sadness\train_train_01245_aligned.jpg
sadness,all_test\sadness\train_train_01248_aligned.jpg
sadness,all_test\sadness\train_train_01251_aligned.jpg
sadness,all_test\sadness\train_train_01253_aligned.jpg
sadness,all_test\sadness\train_train_01254_aligned.jpg
sadness,all_test\sadness\train_train_01262_aligned.jpg
sadness,all_test\sadness\train_train_01263_aligned.jpg
sadness,all_test\sadness\train_train_01266_aligned.jpg
sadness,all_test\sadness\train_train_01274_aligned.jpg
sadness,all_test\sadness\train_train_01277_aligned.jpg
sadness,all_test\sadness\train_train_01279_aligned.jpg
sadness,all_test\sadness\train_train_01280_aligned.jpg
sadness,all_test\sadness\train_train_01281_aligned.jpg
sadness,all_test\sadness\train_train_01287_aligned.jpg
sadness,all_test\sadness\train_train_01290_aligned.jpg
sadness,all_test\sadness\train_train_01293_aligned.jpg
sadness,all_test\sadness\train_train_01296_aligned.jpg
sadness,all_test\sadness\train_train_01297_aligned.jpg
sadness,all_test\sadness\train_train_01299_aligned.jpg
sadness,all_test\sadness\train_train_01307_aligned.jpg
sadness,all_test\sadness\train_train_01315_aligned.jpg
sadness,all_test\sadness\train_train_01319_aligned.jpg
sadness,all_test\sadness\train_train_01326_aligned.jpg
sadness,all_test\sadness\train_train_01328_aligned.jpg
sadness,all_test\sadness\train_train_01329_aligned.jpg
sadness,all_test\sadness\train_train_01332_aligned.jpg
sadness,all_test\sadness\train_train_01344_aligned.jpg
sadness,all_test\sadness\train_train_01351_aligned.jpg
sadness,all_test\sadness\train_train_01358_aligned.jpg
sadness,all_test\sadness\train_train_01359_aligned.jpg
sadness,all_test\sadness\train_train_01366_aligned.jpg
sadness,all_test\sadness\train_train_01374_aligned.jpg
sadness,all_test\sadness\train_train_01376_aligned.jpg
sadness,all_test\sadness\train_train_01377_aligned.jpg
sadness,all_test\sadness\train_train_01383_aligned.jpg
sadness,all_test\sadness\train_train_01385_aligned.jpg
sadness,all_test\sadness\train_train_01386_aligned.jpg
sadness,all_test\sadness\train_train_01394_aligned.jpg
sadness,all_test\sadness\train_train_01400_aligned.jpg
sadness,all_test\sadness\train_train_01401_aligned.jpg
sadness,all_test\sadness\train_train_01407_aligned.jpg
sadness,all_test\sadness\train_train_01416_aligned.jpg
sadness,all_test\sadness\train_train_01417_aligned.jpg
sadness,all_test\sadness\train_train_01425_aligned.jpg
sadness,all_test\sadness\train_train_01430_aligned.jpg
sadness,all_test\sadness\train_train_01431_aligned.jpg
sadness,all_test\sadness\train_train_01437_aligned.jpg
sadness,all_test\sadness\train_train_01440_aligned.jpg
sadness,all_test\sadness\train_train_01446_aligned.jpg
sadness,all_test\sadness\train_train_01448_aligned.jpg
sadness,all_test\sadness\train_train_01449_aligned.jpg
sadness,all_test\sadness\train_train_01451_aligned.jpg
sadness,all_test\sadness\train_train_01453_aligned.jpg
sadness,all_test\sadness\train_train_01460_aligned.jpg
sadness,all_test\sadness\train_train_01461_aligned.jpg
sadness,all_test\sadness\train_train_01462_aligned.jpg
sadness,all_test\sadness\train_train_01469_aligned.jpg
sadness,all_test\sadness\train_train_01473_aligned.jpg
sadness,all_test\sadness\train_train_01475_aligned.jpg
sadness,all_test\sadness\train_train_01476_aligned.jpg
sadness,all_test\sadness\train_train_01486_aligned.jpg
sadness,all_test\sadness\train_train_01491_aligned.jpg
sadness,all_test\sadness\train_train_01514_aligned.jpg
sadness,all_test\sadness\train_train_01552_aligned.jpg
sadness,all_test\sadness\train_train_01558_aligned.jpg
sadness,all_test\sadness\train_train_01586_aligned.jpg
sadness,all_test\sadness\train_train_01606_aligned.jpg
sadness,all_test\sadness\train_train_01609_aligned.jpg
sadness,all_test\sadness\train_train_01620_aligned.jpg
sadness,all_test\sadness\train_train_01623_aligned.jpg
sadness,all_test\sadness\train_train_01652_aligned.jpg
sadness,all_test\sadness\train_train_01653_aligned.jpg
sadness,all_test\sadness\train_train_01674_aligned.jpg
sadness,all_test\sadness\train_train_01678_aligned.jpg
sadness,all_test\sadness\train_train_01731_aligned.jpg
sadness,all_test\sadness\train_train_01752_aligned.jpg
sadness,all_test\sadness\train_train_01766_aligned.jpg
sadness,all_test\sadness\train_train_01774_aligned.jpg
sadness,all_test\sadness\train_train_01791_aligned.jpg
sadness,all_test\sadness\train_train_01796_aligned.jpg
sadness,all_test\sadness\train_train_01810_aligned.jpg
sadness,all_test\sadness\train_train_01811_aligned.jpg
sadness,all_test\sadness\train_train_01824_aligned.jpg
sadness,all_test\sadness\train_train_01834_aligned.jpg
sadness,all_test\sadness\train_train_01842_aligned.jpg
sadness,all_test\sadness\train_train_01851_aligned.jpg
sadness,all_test\sadness\train_train_01864_aligned.jpg
sadness,all_test\sadness\train_train_01876_aligned.jpg
sadness,all_test\sadness\train_train_01878_aligned.jpg
sadness,all_test\sadness\train_train_01897_aligned.jpg
sadness,all_test\sadness\train_train_01925_aligned.jpg
sadness,all_test\sadness\train_train_01928_aligned.jpg
sadness,all_test\sadness\train_train_01948_aligned.jpg
sadness,all_test\sadness\train_train_01949_aligned.jpg
sadness,all_test\sadness\train_train_01972_aligned.jpg
sadness,all_test\sadness\train_train_01975_aligned.jpg
sadness,all_test\sadness\train_train_01984_aligned.jpg
sadness,all_test\sadness\train_train_01991_aligned.jpg
sadness,all_test\sadness\train_train_02000_aligned.jpg
sadness,all_test\sadness\train_train_02007_aligned.jpg
sadness,all_test\sadness\train_train_02008_aligned.jpg
sadness,all_test\sadness\train_train_02016_aligned.jpg
sadness,all_test\sadness\train_train_02018_aligned.jpg
sadness,all_test\sadness\train_train_02033_aligned.jpg
sadness,all_test\sadness\train_train_02036_aligned.jpg
sadness,all_test\sadness\train_train_02037_aligned.jpg
sadness,all_test\sadness\train_train_02048_aligned.jpg
sadness,all_test\sadness\train_train_02053_aligned.jpg
sadness,all_test\sadness\train_train_02061_aligned.jpg
sadness,all_test\sadness\train_train_02063_aligned.jpg
sadness,all_test\sadness\train_train_02065_aligned.jpg
sadness,all_test\sadness\train_train_02066_aligned.jpg
sadness,all_test\sadness\train_train_02075_aligned.jpg
sadness,all_test\sadness\train_train_02085_aligned.jpg
sadness,all_test\sadness\train_train_02087_aligned.jpg
sadness,all_test\sadness\train_train_02101_aligned.jpg
sadness,all_test\sadness\train_train_02103_aligned.jpg
sadness,all_test\sadness\train_train_02108_aligned.jpg
sadness,all_test\sadness\train_train_02119_aligned.jpg
sadness,all_test\sadness\train_train_02120_aligned.jpg
sadness,all_test\sadness\train_train_02121_aligned.jpg
sadness,all_test\sadness\train_train_02122_aligned.jpg
sadness,all_test\sadness\train_train_02139_aligned.jpg
sadness,all_test\sadness\train_train_02155_aligned.jpg
sadness,all_test\sadness\train_train_02193_aligned.jpg
sadness,all_test\sadness\train_train_02223_aligned.jpg
sadness,all_test\sadness\train_train_02226_aligned.jpg
sadness,all_test\sadness\train_train_02231_aligned.jpg
sadness,all_test\sadness\train_train_02237_aligned.jpg
sadness,all_test\sadness\train_train_02247_aligned.jpg
sadness,all_test\sadness\train_train_02252_aligned.jpg
sadness,all_test\sadness\train_train_02255_aligned.jpg
sadness,all_test\sadness\train_train_02263_aligned.jpg
sadness,all_test\sadness\train_train_02269_aligned.jpg
sadness,all_test\sadness\train_train_02278_aligned.jpg
sadness,all_test\sadness\train_train_02293_aligned.jpg
sadness,all_test\sadness\train_train_02306_aligned.jpg
sadness,all_test\sadness\train_train_02324_aligned.jpg
sadness,all_test\sadness\train_train_02329_aligned.jpg
sadness,all_test\sadness\train_train_02331_aligned.jpg
sadness,all_test\sadness\train_train_02348_aligned.jpg
sadness,all_test\sadness\train_train_02349_aligned.jpg
sadness,all_test\sadness\train_train_02352_aligned.jpg
sadness,all_test\sadness\train_train_02367_aligned.jpg
sadness,all_test\sadness\train_train_02379_aligned.jpg
sadness,all_test\sadness\train_train_02392_aligned.jpg
sadness,all_test\sadness\train_train_02402_aligned.jpg
sadness,all_test\sadness\train_train_02416_aligned.jpg
sadness,all_test\sadness\train_train_02417_aligned.jpg
sadness,all_test\sadness\train_train_02420_aligned.jpg
sadness,all_test\sadness\train_train_02424_aligned.jpg
sadness,all_test\sadness\train_train_02425_aligned.jpg
sadness,all_test\sadness\train_train_02453_aligned.jpg
sadness,all_test\sadness\train_train_02454_aligned.jpg
sadness,all_test\sadness\train_train_02463_aligned.jpg
sadness,all_test\sadness\train_train_02467_aligned.jpg
sadness,all_test\sadness\train_train_02468_aligned.jpg
sadness,all_test\sadness\train_train_02481_aligned.jpg
sadness,all_test\sadness\train_train_02483_aligned.jpg
sadness,all_test\sadness\train_train_02486_aligned.jpg
sadness,all_test\sadness\train_train_02492_aligned.jpg
sadness,all_test\sadness\train_train_02507_aligned.jpg
sadness,all_test\sadness\train_train_02520_aligned.jpg
sadness,all_test\sadness\train_train_02543_aligned.jpg
sadness,all_test\sadness\train_train_02552_aligned.jpg
sadness,all_test\sadness\train_train_02558_aligned.jpg
sadness,all_test\sadness\train_train_02575_aligned.jpg
sadness,all_test\sadness\train_train_02576_aligned.jpg
sadness,all_test\sadness\train_train_02590_aligned.jpg
sadness,all_test\sadness\train_train_02605_aligned.jpg
sadness,all_test\sadness\train_train_02606_aligned.jpg
sadness,all_test\sadness\train_train_02609_aligned.jpg
sadness,all_test\sadness\train_train_02615_aligned.jpg
sadness,all_test\sadness\train_train_02628_aligned.jpg
sadness,all_test\sadness\train_train_02629_aligned.jpg
sadness,all_test\sadness\train_train_02643_aligned.jpg
sadness,all_test\sadness\train_train_02657_aligned.jpg
sadness,all_test\sadness\train_train_02682_aligned.jpg
sadness,all_test\sadness\train_train_02687_aligned.jpg
sadness,all_test\sadness\train_train_02728_aligned.jpg
sadness,all_test\sadness\train_train_02743_aligned.jpg
sadness,all_test\sadness\train_train_02760_aligned.jpg
sadness,all_test\sadness\train_train_02762_aligned.jpg
sadness,all_test\sadness\train_train_02776_aligned.jpg
sadness,all_test\sadness\train_train_02777_aligned.jpg
sadness,all_test\sadness\train_train_02782_aligned.jpg
sadness,all_test\sadness\train_train_02783_aligned.jpg
sadness,all_test\sadness\train_train_02793_aligned.jpg
sadness,all_test\sadness\train_train_02821_aligned.jpg
sadness,all_test\sadness\train_train_02841_aligned.jpg
sadness,all_test\sadness\train_train_02844_aligned.jpg
sadness,all_test\sadness\train_train_02861_aligned.jpg
sadness,all_test\sadness\train_train_02867_aligned.jpg
sadness,all_test\sadness\train_train_02868_aligned.jpg
sadness,all_test\sadness\train_train_02881_aligned.jpg
sadness,all_test\sadness\train_train_02884_aligned.jpg
sadness,all_test\sadness\train_train_02895_aligned.jpg
sadness,all_test\sadness\train_train_02952_aligned.jpg
sadness,all_test\sadness\train_train_02959_aligned.jpg
sadness,all_test\sadness\train_train_02962_aligned.jpg
sadness,all_test\sadness\train_train_02964_aligned.jpg
sadness,all_test\sadness\train_train_02970_aligned.jpg
sadness,all_test\sadness\train_train_02972_aligned.jpg
sadness,all_test\sadness\train_train_02983_aligned.jpg
sadness,all_test\sadness\train_train_02993_aligned.jpg
sadness,all_test\sadness\train_train_03021_aligned.jpg
sadness,all_test\sadness\train_train_03025_aligned.jpg
sadness,all_test\sadness\train_train_03030_aligned.jpg
sadness,all_test\sadness\train_train_03051_aligned.jpg
sadness,all_test\sadness\train_train_03069_aligned.jpg
sadness,all_test\sadness\train_train_03070_aligned.jpg
sadness,all_test\sadness\train_train_03071_aligned.jpg
sadness,all_test\sadness\train_train_03072_aligned.jpg
sadness,all_test\sadness\train_train_03075_aligned.jpg
sadness,all_test\sadness\train_train_03076_aligned.jpg
sadness,all_test\sadness\train_train_03087_aligned.jpg
sadness,all_test\sadness\train_train_03107_aligned.jpg
sadness,all_test\sadness\train_train_03112_aligned.jpg
sadness,all_test\sadness\train_train_03113_aligned.jpg
sadness,all_test\sadness\train_train_03151_aligned.jpg
sadness,all_test\sadness\train_train_03168_aligned.jpg
sadness,all_test\sadness\train_train_03173_aligned.jpg
sadness,all_test\sadness\train_train_03198_aligned.jpg
sadness,all_test\sadness\train_train_03210_aligned.jpg
sadness,all_test\sadness\train_train_03211_aligned.jpg
sadness,all_test\sadness\train_train_03212_aligned.jpg
sadness,all_test\sadness\train_train_03213_aligned.jpg
sadness,all_test\sadness\train_train_03215_aligned.jpg
sadness,all_test\sadness\train_train_03216_aligned.jpg
sadness,all_test\sadness\train_train_03234_aligned.jpg
sadness,all_test\sadness\train_train_03262_aligned.jpg
sadness,all_test\sadness\train_train_03279_aligned.jpg
sadness,all_test\sadness\train_train_03280_aligned.jpg
sadness,all_test\sadness\train_train_03308_aligned.jpg
sadness,all_test\sadness\train_train_03316_aligned.jpg
sadness,all_test\sadness\train_train_03324_aligned.jpg
sadness,all_test\sadness\train_train_03325_aligned.jpg
sadness,all_test\sadness\train_train_03328_aligned.jpg
sadness,all_test\sadness\train_train_03360_aligned.jpg
sadness,all_test\sadness\train_train_03363_aligned.jpg
sadness,all_test\sadness\train_train_03366_aligned.jpg
sadness,all_test\sadness\train_train_03370_aligned.jpg
sadness,all_test\sadness\train_train_03382_aligned.jpg
sadness,all_test\sadness\train_train_03389_aligned.jpg
sadness,all_test\sadness\train_train_03392_aligned.jpg
sadness,all_test\sadness\train_train_03393_aligned.jpg
sadness,all_test\sadness\train_train_03394_aligned.jpg
sadness,all_test\sadness\train_train_03397_aligned.jpg
sadness,all_test\sadness\train_train_03420_aligned.jpg
sadness,all_test\sadness\train_train_03431_aligned.jpg
sadness,all_test\sadness\train_train_03433_aligned.jpg
sadness,all_test\sadness\train_train_03446_aligned.jpg
sadness,all_test\sadness\train_train_03461_aligned.jpg
sadness,all_test\sadness\train_train_03462_aligned.jpg
sadness,all_test\sadness\train_train_03475_aligned.jpg
sadness,all_test\sadness\train_train_03480_aligned.jpg
sadness,all_test\sadness\train_train_03482_aligned.jpg
sadness,all_test\sadness\train_train_03505_aligned.jpg
sadness,all_test\sadness\train_train_03540_aligned.jpg
sadness,all_test\sadness\train_train_03548_aligned.jpg
sadness,all_test\sadness\train_train_03554_aligned.jpg
sadness,all_test\sadness\train_train_03565_aligned.jpg
sadness,all_test\sadness\train_train_03591_aligned.jpg
sadness,all_test\sadness\train_train_03606_aligned.jpg
sadness,all_test\sadness\train_train_03613_aligned.jpg
sadness,all_test\sadness\train_train_03617_aligned.jpg
sadness,all_test\sadness\train_train_03622_aligned.jpg
sadness,all_test\sadness\train_train_03624_aligned.jpg
sadness,all_test\sadness\train_train_03625_aligned.jpg
sadness,all_test\sadness\train_train_03626_aligned.jpg
sadness,all_test\sadness\train_train_03627_aligned.jpg
sadness,all_test\sadness\train_train_03628_aligned.jpg
sadness,all_test\sadness\train_train_03629_aligned.jpg
sadness,all_test\sadness\train_train_03631_aligned.jpg
sadness,all_test\sadness\train_train_03634_aligned.jpg
sadness,all_test\sadness\train_train_03635_aligned.jpg
sadness,all_test\sadness\train_train_03639_aligned.jpg
sadness,all_test\sadness\train_train_03643_aligned.jpg
sadness,all_test\sadness\train_train_03644_aligned.jpg
sadness,all_test\sadness\train_train_03648_aligned.jpg
sadness,all_test\sadness\train_train_03651_aligned.jpg
sadness,all_test\sadness\train_train_03652_aligned.jpg
sadness,all_test\sadness\train_train_03653_aligned.jpg
sadness,all_test\sadness\train_train_03654_aligned.jpg
sadness,all_test\sadness\train_train_03667_aligned.jpg
sadness,all_test\sadness\train_train_03668_aligned.jpg
sadness,all_test\sadness\train_train_03670_aligned.jpg
sadness,all_test\sadness\train_train_03671_aligned.jpg
sadness,all_test\sadness\train_train_03673_aligned.jpg
sadness,all_test\sadness\train_train_03686_aligned.jpg
sadness,all_test\sadness\train_train_03687_aligned.jpg
sadness,all_test\sadness\train_train_03688_aligned.jpg
sadness,all_test\sadness\train_train_03689_aligned.jpg
sadness,all_test\sadness\train_train_03690_aligned.jpg
sadness,all_test\sadness\train_train_03691_aligned.jpg
sadness,all_test\sadness\train_train_03698_aligned.jpg
sadness,all_test\sadness\train_train_03706_aligned.jpg
sadness,all_test\sadness\train_train_03707_aligned.jpg
sadness,all_test\sadness\train_train_03716_aligned.jpg
sadness,all_test\sadness\train_train_03720_aligned.jpg
sadness,all_test\sadness\train_train_03726_aligned.jpg
sadness,all_test\sadness\train_train_03728_aligned.jpg
sadness,all_test\sadness\train_train_03731_aligned.jpg
sadness,all_test\sadness\train_train_03733_aligned.jpg
sadness,all_test\sadness\train_train_03735_aligned.jpg
sadness,all_test\sadness\train_train_03739_aligned.jpg
sadness,all_test\sadness\train_train_03747_aligned.jpg
sadness,all_test\sadness\train_train_03752_aligned.jpg
sadness,all_test\sadness\train_train_03753_aligned.jpg
sadness,all_test\sadness\train_train_03754_aligned.jpg
sadness,all_test\sadness\train_train_03757_aligned.jpg
sadness,all_test\sadness\train_train_03759_aligned.jpg
sadness,all_test\sadness\train_train_03760_aligned.jpg
sadness,all_test\sadness\train_train_03765_aligned.jpg
sadness,all_test\sadness\train_train_03774_aligned.jpg
sadness,all_test\sadness\train_train_03789_aligned.jpg
sadness,all_test\sadness\train_train_03794_aligned.jpg
sadness,all_test\sadness\train_train_03800_aligned.jpg
sadness,all_test\sadness\train_train_03801_aligned.jpg
sadness,all_test\sadness\train_train_03803_aligned.jpg
sadness,all_test\sadness\train_train_03804_aligned.jpg
sadness,all_test\sadness\train_train_03805_aligned.jpg
sadness,all_test\sadness\train_train_03824_aligned.jpg
sadness,all_test\sadness\train_train_03826_aligned.jpg
sadness,all_test\sadness\train_train_03828_aligned.jpg
sadness,all_test\sadness\train_train_03829_aligned.jpg
sadness,all_test\sadness\train_train_03830_aligned.jpg
sadness,all_test\sadness\train_train_03832_aligned.jpg
sadness,all_test\sadness\train_train_03833_aligned.jpg
sadness,all_test\sadness\train_train_03842_aligned.jpg
sadness,all_test\sadness\train_train_03846_aligned.jpg
sadness,all_test\sadness\train_train_03855_aligned.jpg
sadness,all_test\sadness\train_train_03856_aligned.jpg
sadness,all_test\sadness\train_train_03858_aligned.jpg
sadness,all_test\sadness\train_train_03860_aligned.jpg
sadness,all_test\sadness\train_train_03862_aligned.jpg
sadness,all_test\sadness\train_train_03863_aligned.jpg
sadness,all_test\sadness\train_train_03869_aligned.jpg
sadness,all_test\sadness\train_train_03879_aligned.jpg
sadness,all_test\sadness\train_train_03880_aligned.jpg
sadness,all_test\sadness\train_train_03881_aligned.jpg
sadness,all_test\sadness\train_train_03882_aligned.jpg
sadness,all_test\sadness\train_train_03883_aligned.jpg
sadness,all_test\sadness\train_train_03889_aligned.jpg
sadness,all_test\sadness\train_train_03911_aligned.jpg
sadness,all_test\sadness\train_train_03917_aligned.jpg
sadness,all_test\sadness\train_train_03918_aligned.jpg
sadness,all_test\sadness\train_train_03921_aligned.jpg
sadness,all_test\sadness\train_train_03928_aligned.jpg
sadness,all_test\sadness\train_train_03929_aligned.jpg
sadness,all_test\sadness\train_train_03942_aligned.jpg
sadness,all_test\sadness\train_train_03945_aligned.jpg
sadness,all_test\sadness\train_train_03970_aligned.jpg
sadness,all_test\sadness\train_train_03971_aligned.jpg
sadness,all_test\sadness\train_train_03977_aligned.jpg
sadness,all_test\sadness\train_train_03979_aligned.jpg
sadness,all_test\sadness\train_train_03990_aligned.jpg
sadness,all_test\sadness\train_train_03995_aligned.jpg
sadness,all_test\sadness\train_train_03997_aligned.jpg
sadness,all_test\sadness\train_train_03998_aligned.jpg
sadness,all_test\sadness\train_train_04002_aligned.jpg
sadness,all_test\sadness\train_train_04007_aligned.jpg
sadness,all_test\sadness\train_train_04009_aligned.jpg
sadness,all_test\sadness\train_train_04013_aligned.jpg
sadness,all_test\sadness\train_train_04029_aligned.jpg
sadness,all_test\sadness\train_train_04037_aligned.jpg
sadness,all_test\sadness\train_train_04038_aligned.jpg
sadness,all_test\sadness\train_train_04039_aligned.jpg
sadness,all_test\sadness\train_train_04040_aligned.jpg
sadness,all_test\sadness\train_train_04046_aligned.jpg
sadness,all_test\sadness\train_train_04048_aligned.jpg
sadness,all_test\sadness\train_train_04049_aligned.jpg
sadness,all_test\sadness\train_train_04051_aligned.jpg
sadness,all_test\sadness\train_train_04053_aligned.jpg
sadness,all_test\sadness\train_train_04056_aligned.jpg
sadness,all_test\sadness\train_train_04057_aligned.jpg
sadness,all_test\sadness\train_train_04060_aligned.jpg
sadness,all_test\sadness\train_train_04063_aligned.jpg
sadness,all_test\sadness\train_train_04068_aligned.jpg
sadness,all_test\sadness\train_train_04072_aligned.jpg
sadness,all_test\sadness\train_train_04073_aligned.jpg
sadness,all_test\sadness\train_train_04074_aligned.jpg
sadness,all_test\sadness\train_train_04082_aligned.jpg
sadness,all_test\sadness\train_train_04103_aligned.jpg
sadness,all_test\sadness\train_train_04104_aligned.jpg
sadness,all_test\sadness\train_train_04106_aligned.jpg
sadness,all_test\sadness\train_train_04109_aligned.jpg
sadness,all_test\sadness\train_train_04111_aligned.jpg
sadness,all_test\sadness\train_train_04115_aligned.jpg
sadness,all_test\sadness\train_train_04116_aligned.jpg
sadness,all_test\sadness\train_train_04123_aligned.jpg
sadness,all_test\sadness\train_train_04124_aligned.jpg
sadness,all_test\sadness\train_train_04136_aligned.jpg
sadness,all_test\sadness\train_train_04140_aligned.jpg
sadness,all_test\sadness\train_train_04142_aligned.jpg
sadness,all_test\sadness\train_train_04148_aligned.jpg
sadness,all_test\sadness\train_train_04151_aligned.jpg
sadness,all_test\sadness\train_train_04158_aligned.jpg
sadness,all_test\sadness\train_train_04162_aligned.jpg
sadness,all_test\sadness\train_train_04163_aligned.jpg
sadness,all_test\sadness\train_train_04164_aligned.jpg
sadness,all_test\sadness\train_train_04170_aligned.jpg
sadness,all_test\sadness\train_train_04175_aligned.jpg
sadness,all_test\sadness\train_train_04178_aligned.jpg
sadness,all_test\sadness\train_train_04183_aligned.jpg
sadness,all_test\sadness\train_train_04184_aligned.jpg
sadness,all_test\sadness\train_train_04185_aligned.jpg
sadness,all_test\sadness\train_train_04193_aligned.jpg
sadness,all_test\sadness\train_train_04194_aligned.jpg
sadness,all_test\sadness\train_train_04197_aligned.jpg
sadness,all_test\sadness\train_train_04200_aligned.jpg
sadness,all_test\sadness\train_train_04201_aligned.jpg
sadness,all_test\sadness\train_train_04202_aligned.jpg
sadness,all_test\sadness\train_train_04209_aligned.jpg
sadness,all_test\sadness\train_train_04210_aligned.jpg
sadness,all_test\sadness\train_train_04218_aligned.jpg
sadness,all_test\sadness\train_train_04219_aligned.jpg
sadness,all_test\sadness\train_train_04221_aligned.jpg
sadness,all_test\sadness\train_train_04222_aligned.jpg
sadness,all_test\sadness\train_train_04224_aligned.jpg
sadness,all_test\sadness\train_train_04227_aligned.jpg
sadness,all_test\sadness\train_train_04228_aligned.jpg
sadness,all_test\sadness\train_train_04231_aligned.jpg
sadness,all_test\sadness\train_train_04258_aligned.jpg
sadness,all_test\sadness\train_train_04259_aligned.jpg
sadness,all_test\sadness\train_train_04270_aligned.jpg
sadness,all_test\sadness\train_train_04274_aligned.jpg
sadness,all_test\sadness\train_train_04276_aligned.jpg
sadness,all_test\sadness\train_train_04278_aligned.jpg
sadness,all_test\sadness\train_train_04287_aligned.jpg
sadness,all_test\sadness\train_train_04288_aligned.jpg
sadness,all_test\sadness\train_train_04291_aligned.jpg
sadness,all_test\sadness\train_train_04293_aligned.jpg
sadness,all_test\sadness\train_train_04296_aligned.jpg
sadness,all_test\sadness\train_train_04297_aligned.jpg
sadness,all_test\sadness\train_train_04299_aligned.jpg
sadness,all_test\sadness\train_train_04300_aligned.jpg
sadness,all_test\sadness\train_train_04303_aligned.jpg
sadness,all_test\sadness\train_train_04309_aligned.jpg
sadness,all_test\sadness\train_train_04312_aligned.jpg
sadness,all_test\sadness\train_train_04313_aligned.jpg
sadness,all_test\sadness\train_train_04315_aligned.jpg
sadness,all_test\sadness\train_train_04316_aligned.jpg
sadness,all_test\sadness\train_train_04324_aligned.jpg
sadness,all_test\sadness\train_train_04333_aligned.jpg
sadness,all_test\sadness\train_train_04335_aligned.jpg
sadness,all_test\sadness\train_train_04336_aligned.jpg
sadness,all_test\sadness\train_train_04342_aligned.jpg
sadness,all_test\sadness\train_train_04352_aligned.jpg
sadness,all_test\sadness\train_train_04355_aligned.jpg
sadness,all_test\sadness\train_train_04360_aligned.jpg
sadness,all_test\sadness\train_train_04361_aligned.jpg
sadness,all_test\sadness\train_train_04364_aligned.jpg
sadness,all_test\sadness\train_train_04366_aligned.jpg
sadness,all_test\sadness\train_train_04367_aligned.jpg
sadness,all_test\sadness\train_train_04369_aligned.jpg
sadness,all_test\sadness\train_train_04370_aligned.jpg
sadness,all_test\sadness\train_train_04371_aligned.jpg
sadness,all_test\sadness\train_train_04372_aligned.jpg
sadness,all_test\sadness\train_train_04373_aligned.jpg
sadness,all_test\sadness\train_train_04375_aligned.jpg
sadness,all_test\sadness\train_train_04383_aligned.jpg
sadness,all_test\sadness\train_train_04385_aligned.jpg
sadness,all_test\sadness\train_train_04391_aligned.jpg
sadness,all_test\sadness\train_train_04392_aligned.jpg
sadness,all_test\sadness\train_train_04394_aligned.jpg
sadness,all_test\sadness\train_train_04398_aligned.jpg
sadness,all_test\sadness\train_train_04410_aligned.jpg
sadness,all_test\sadness\train_train_04413_aligned.jpg
sadness,all_test\sadness\train_train_04418_aligned.jpg
sadness,all_test\sadness\train_train_04420_aligned.jpg
sadness,all_test\sadness\train_train_04421_aligned.jpg
sadness,all_test\sadness\train_train_04424_aligned.jpg
sadness,all_test\sadness\train_train_04435_aligned.jpg
sadness,all_test\sadness\train_train_04436_aligned.jpg
sadness,all_test\sadness\train_train_04438_aligned.jpg
sadness,all_test\sadness\train_train_04443_aligned.jpg
sadness,all_test\sadness\train_train_04446_aligned.jpg
sadness,all_test\sadness\train_train_04448_aligned.jpg
sadness,all_test\sadness\train_train_04450_aligned.jpg
sadness,all_test\sadness\train_train_04457_aligned.jpg
sadness,all_test\sadness\train_train_04461_aligned.jpg
sadness,all_test\sadness\train_train_04465_aligned.jpg
sadness,all_test\sadness\train_train_04467_aligned.jpg
sadness,all_test\sadness\train_train_04468_aligned.jpg
sadness,all_test\sadness\train_train_04469_aligned.jpg
sadness,all_test\sadness\train_train_04470_aligned.jpg
sadness,all_test\sadness\train_train_04471_aligned.jpg
sadness,all_test\sadness\train_train_04472_aligned.jpg
sadness,all_test\sadness\train_train_04473_aligned.jpg
sadness,all_test\sadness\train_train_04474_aligned.jpg
sadness,all_test\sadness\train_train_04475_aligned.jpg
sadness,all_test\sadness\train_train_04476_aligned.jpg
sadness,all_test\sadness\train_train_04477_aligned.jpg
sadness,all_test\sadness\train_train_04478_aligned.jpg
sadness,all_test\sadness\train_train_04479_aligned.jpg
sadness,all_test\sadness\train_train_04480_aligned.jpg
sadness,all_test\sadness\train_train_04481_aligned.jpg
sadness,all_test\sadness\train_train_04482_aligned.jpg
sadness,all_test\sadness\train_train_04483_aligned.jpg
sadness,all_test\sadness\train_train_04484_aligned.jpg
sadness,all_test\sadness\train_train_04485_aligned.jpg
sadness,all_test\sadness\train_train_04486_aligned.jpg
sadness,all_test\sadness\train_train_04489_aligned.jpg
sadness,all_test\sadness\train_train_04491_aligned.jpg
sadness,all_test\sadness\train_train_04506_aligned.jpg
sadness,all_test\sadness\train_train_04509_aligned.jpg
sadness,all_test\sadness\train_train_04519_aligned.jpg
sadness,all_test\sadness\train_train_04520_aligned.jpg
sadness,all_test\sadness\train_train_04522_aligned.jpg
sadness,all_test\sadness\train_train_04532_aligned.jpg
sadness,all_test\sadness\train_train_04535_aligned.jpg
sadness,all_test\sadness\train_train_04536_aligned.jpg
sadness,all_test\sadness\train_train_04538_aligned.jpg
sadness,all_test\sadness\train_train_04541_aligned.jpg
sadness,all_test\sadness\train_train_04547_aligned.jpg
sadness,all_test\sadness\train_train_04548_aligned.jpg
sadness,all_test\sadness\train_train_04552_aligned.jpg
sadness,all_test\sadness\train_train_04555_aligned.jpg
sadness,all_test\sadness\train_train_04557_aligned.jpg
sadness,all_test\sadness\train_train_04560_aligned.jpg
sadness,all_test\sadness\train_train_04562_aligned.jpg
sadness,all_test\sadness\train_train_04564_aligned.jpg
sadness,all_test\sadness\train_train_04567_aligned.jpg
sadness,all_test\sadness\train_train_04575_aligned.jpg
sadness,all_test\sadness\train_train_04581_aligned.jpg
sadness,all_test\sadness\train_train_04582_aligned.jpg
sadness,all_test\sadness\train_train_04586_aligned.jpg
sadness,all_test\sadness\train_train_04588_aligned.jpg
sadness,all_test\sadness\train_train_04596_aligned.jpg
sadness,all_test\sadness\train_train_04599_aligned.jpg
sadness,all_test\sadness\train_train_04600_aligned.jpg
sadness,all_test\sadness\train_train_04602_aligned.jpg
sadness,all_test\sadness\train_train_04603_aligned.jpg
sadness,all_test\sadness\train_train_04611_aligned.jpg
sadness,all_test\sadness\train_train_04613_aligned.jpg
sadness,all_test\sadness\train_train_04615_aligned.jpg
sadness,all_test\sadness\train_train_04616_aligned.jpg
sadness,all_test\sadness\train_train_04621_aligned.jpg
sadness,all_test\sadness\train_train_04624_aligned.jpg
sadness,all_test\sadness\train_train_04625_aligned.jpg
sadness,all_test\sadness\train_train_04633_aligned.jpg
sadness,all_test\sadness\train_train_04634_aligned.jpg
sadness,all_test\sadness\train_train_04638_aligned.jpg
sadness,all_test\sadness\train_train_04641_aligned.jpg
sadness,all_test\sadness\train_train_04647_aligned.jpg
sadness,all_test\sadness\train_train_04648_aligned.jpg
sadness,all_test\sadness\train_train_04650_aligned.jpg
sadness,all_test\sadness\train_train_04660_aligned.jpg
sadness,all_test\sadness\train_train_04670_aligned.jpg
sadness,all_test\sadness\train_train_04672_aligned.jpg
sadness,all_test\sadness\train_train_04673_aligned.jpg
sadness,all_test\sadness\train_train_04674_aligned.jpg
sadness,all_test\sadness\train_train_04676_aligned.jpg
sadness,all_test\sadness\train_train_04681_aligned.jpg
sadness,all_test\sadness\train_train_04682_aligned.jpg
sadness,all_test\sadness\train_train_04688_aligned.jpg
sadness,all_test\sadness\train_train_04695_aligned.jpg
sadness,all_test\sadness\train_train_04697_aligned.jpg
sadness,all_test\sadness\train_train_04700_aligned.jpg
sadness,all_test\sadness\train_train_04701_aligned.jpg
sadness,all_test\sadness\train_train_04705_aligned.jpg
sadness,all_test\sadness\train_train_04706_aligned.jpg
sadness,all_test\sadness\train_train_04708_aligned.jpg
sadness,all_test\sadness\train_train_04709_aligned.jpg
sadness,all_test\sadness\train_train_04717_aligned.jpg
sadness,all_test\sadness\train_train_04719_aligned.jpg
sadness,all_test\sadness\train_train_04730_aligned.jpg
sadness,all_test\sadness\train_train_04736_aligned.jpg
sadness,all_test\sadness\train_train_04743_aligned.jpg
sadness,all_test\sadness\train_train_04744_aligned.jpg
sadness,all_test\sadness\train_train_04749_aligned.jpg
sadness,all_test\sadness\train_train_04750_aligned.jpg
sadness,all_test\sadness\train_train_04752_aligned.jpg
sadness,all_test\sadness\train_train_04754_aligned.jpg
sadness,all_test\sadness\train_train_04759_aligned.jpg
sadness,all_test\sadness\train_train_04760_aligned.jpg
sadness,all_test\sadness\train_train_04764_aligned.jpg
sadness,all_test\sadness\train_train_04765_aligned.jpg
sadness,all_test\sadness\train_train_04766_aligned.jpg
sadness,all_test\sadness\train_train_04767_aligned.jpg
sadness,all_test\sadness\train_train_04783_aligned.jpg
sadness,all_test\sadness\train_train_04787_aligned.jpg
sadness,all_test\sadness\train_train_04789_aligned.jpg
sadness,all_test\sadness\train_train_04793_aligned.jpg
sadness,all_test\sadness\train_train_04799_aligned.jpg
sadness,all_test\sadness\train_train_04801_aligned.jpg
sadness,all_test\sadness\train_train_04804_aligned.jpg
sadness,all_test\sadness\train_train_04809_aligned.jpg
sadness,all_test\sadness\train_train_04812_aligned.jpg
sadness,all_test\sadness\train_train_04813_aligned.jpg
sadness,all_test\sadness\train_train_04815_aligned.jpg
sadness,all_test\sadness\train_train_04827_aligned.jpg
sadness,all_test\sadness\train_train_04828_aligned.jpg
sadness,all_test\sadness\train_train_04829_aligned.jpg
sadness,all_test\sadness\train_train_04830_aligned.jpg
sadness,all_test\sadness\train_train_04832_aligned.jpg
sadness,all_test\sadness\train_train_04835_aligned.jpg
sadness,all_test\sadness\train_train_04837_aligned.jpg
sadness,all_test\sadness\train_train_04848_aligned.jpg
sadness,all_test\sadness\train_train_04853_aligned.jpg
sadness,all_test\sadness\train_train_04855_aligned.jpg
sadness,all_test\sadness\train_train_04857_aligned.jpg
sadness,all_test\sadness\train_train_04858_aligned.jpg
sadness,all_test\sadness\train_train_04864_aligned.jpg
sadness,all_test\sadness\train_train_04865_aligned.jpg
sadness,all_test\sadness\train_train_04871_aligned.jpg
sadness,all_test\sadness\train_train_04872_aligned.jpg
sadness,all_test\sadness\train_train_04877_aligned.jpg
sadness,all_test\sadness\train_train_04881_aligned.jpg
sadness,all_test\sadness\train_train_04883_aligned.jpg
sadness,all_test\sadness\train_train_04887_aligned.jpg
sadness,all_test\sadness\train_train_04890_aligned.jpg
sadness,all_test\sadness\train_train_04892_aligned.jpg
sadness,all_test\sadness\train_train_04899_aligned.jpg
sadness,all_test\sadness\train_train_04902_aligned.jpg
sadness,all_test\sadness\train_train_04904_aligned.jpg
sadness,all_test\sadness\train_train_04907_aligned.jpg
sadness,all_test\sadness\train_train_04908_aligned.jpg
sadness,all_test\sadness\train_train_04909_aligned.jpg
sadness,all_test\sadness\train_train_04920_aligned.jpg
sadness,all_test\sadness\train_train_04925_aligned.jpg
sadness,all_test\sadness\train_train_04928_aligned.jpg
sadness,all_test\sadness\train_train_04929_aligned.jpg
sadness,all_test\sadness\train_train_04930_aligned.jpg
sadness,all_test\sadness\train_train_04931_aligned.jpg
sadness,all_test\sadness\train_train_04933_aligned.jpg
sadness,all_test\sadness\train_train_04936_aligned.jpg
sadness,all_test\sadness\train_train_04938_aligned.jpg
sadness,all_test\sadness\train_train_04940_aligned.jpg
sadness,all_test\sadness\train_train_04941_aligned.jpg
sadness,all_test\sadness\train_train_04943_aligned.jpg
sadness,all_test\sadness\train_train_04944_aligned.jpg
sadness,all_test\sadness\train_train_04945_aligned.jpg
sadness,all_test\sadness\train_train_04947_aligned.jpg
sadness,all_test\sadness\train_train_04969_aligned.jpg
sadness,all_test\sadness\train_train_04971_aligned.jpg
sadness,all_test\sadness\train_train_04975_aligned.jpg
sadness,all_test\sadness\train_train_04979_aligned.jpg
sadness,all_test\sadness\train_train_04983_aligned.jpg
sadness,all_test\sadness\train_train_04986_aligned.jpg
sadness,all_test\sadness\train_train_04990_aligned.jpg
sadness,all_test\sadness\train_train_04994_aligned.jpg
sadness,all_test\sadness\train_train_04999_aligned.jpg
sadness,all_test\sadness\train_train_05011_aligned.jpg
sadness,all_test\sadness\train_train_05022_aligned.jpg
sadness,all_test\sadness\train_train_05025_aligned.jpg
sadness,all_test\sadness\train_train_05027_aligned.jpg
sadness,all_test\sadness\train_train_05044_aligned.jpg
sadness,all_test\sadness\train_train_05053_aligned.jpg
sadness,all_test\sadness\train_train_05056_aligned.jpg
sadness,all_test\sadness\train_train_05058_aligned.jpg
sadness,all_test\sadness\train_train_05059_aligned.jpg
sadness,all_test\sadness\train_train_05067_aligned.jpg
sadness,all_test\sadness\train_train_05068_aligned.jpg
sadness,all_test\sadness\train_train_05070_aligned.jpg
sadness,all_test\sadness\train_train_05071_aligned.jpg
sadness,all_test\sadness\train_train_05073_aligned.jpg
sadness,all_test\sadness\train_train_05081_aligned.jpg
sadness,all_test\sadness\train_train_05085_aligned.jpg
sadness,all_test\sadness\train_train_05086_aligned.jpg
sadness,all_test\sadness\train_train_05101_aligned.jpg
sadness,all_test\sadness\train_train_05102_aligned.jpg
sadness,all_test\sadness\train_train_05113_aligned.jpg
sadness,all_test\sadness\train_train_05114_aligned.jpg
sadness,all_test\sadness\train_train_05119_aligned.jpg
sadness,all_test\sadness\train_train_05121_aligned.jpg
sadness,all_test\sadness\train_train_05122_aligned.jpg
sadness,all_test\sadness\train_train_05127_aligned.jpg
sadness,all_test\sadness\train_train_05130_aligned.jpg
sadness,all_test\sadness\train_train_05137_aligned.jpg
sadness,all_test\sadness\train_train_05138_aligned.jpg
sadness,all_test\sadness\train_train_05140_aligned.jpg
sadness,all_test\sadness\train_train_05148_aligned.jpg
sadness,all_test\sadness\train_train_05150_aligned.jpg
sadness,all_test\sadness\train_train_05164_aligned.jpg
sadness,all_test\sadness\train_train_05171_aligned.jpg
sadness,all_test\sadness\train_train_05173_aligned.jpg
sadness,all_test\sadness\train_train_05177_aligned.jpg
sadness,all_test\sadness\train_train_05180_aligned.jpg
sadness,all_test\sadness\train_train_05188_aligned.jpg
sadness,all_test\sadness\train_train_05190_aligned.jpg
sadness,all_test\sadness\train_train_05191_aligned.jpg
sadness,all_test\sadness\train_train_05192_aligned.jpg
sadness,all_test\sadness\train_train_05196_aligned.jpg
sadness,all_test\sadness\train_train_05197_aligned.jpg
sadness,all_test\sadness\train_train_05200_aligned.jpg
sadness,all_test\sadness\train_train_05204_aligned.jpg
sadness,all_test\sadness\train_train_05208_aligned.jpg
sadness,all_test\sadness\train_train_05217_aligned.jpg
sadness,all_test\sadness\train_train_05220_aligned.jpg
sadness,all_test\sadness\train_train_05225_aligned.jpg
sadness,all_test\sadness\train_train_05227_aligned.jpg
sadness,all_test\sadness\train_train_05232_aligned.jpg
sadness,all_test\sadness\train_train_05240_aligned.jpg
sadness,all_test\sadness\train_train_05249_aligned.jpg
sadness,all_test\sadness\train_train_05254_aligned.jpg
sadness,all_test\sadness\train_train_05255_aligned.jpg
sadness,all_test\sadness\train_train_05265_aligned.jpg
sadness,all_test\sadness\train_train_05266_aligned.jpg
sadness,all_test\sadness\train_train_05267_aligned.jpg
sadness,all_test\sadness\train_train_05273_aligned.jpg
sadness,all_test\sadness\train_train_05280_aligned.jpg
sadness,all_test\sadness\train_train_05281_aligned.jpg
sadness,all_test\sadness\train_train_05300_aligned.jpg
sadness,all_test\sadness\train_train_05305_aligned.jpg
sadness,all_test\sadness\train_train_05313_aligned.jpg
sadness,all_test\sadness\train_train_05320_aligned.jpg
sadness,all_test\sadness\train_train_05323_aligned.jpg
sadness,all_test\sadness\train_train_05326_aligned.jpg
sadness,all_test\sadness\train_train_05330_aligned.jpg
sadness,all_test\sadness\train_train_05331_aligned.jpg
sadness,all_test\sadness\train_train_05337_aligned.jpg
sadness,all_test\sadness\train_train_05346_aligned.jpg
sadness,all_test\sadness\train_train_05366_aligned.jpg
sadness,all_test\sadness\train_train_05373_aligned.jpg
sadness,all_test\sadness\train_train_05378_aligned.jpg
sadness,all_test\sadness\train_train_05381_aligned.jpg
sadness,all_test\sadness\train_train_05398_aligned.jpg
sadness,all_test\sadness\train_train_05403_aligned.jpg
sadness,all_test\sadness\train_train_05405_aligned.jpg
sadness,all_test\sadness\train_train_05412_aligned.jpg
sadness,all_test\sadness\train_train_05414_aligned.jpg
sadness,all_test\sadness\train_train_05415_aligned.jpg
sadness,all_test\sadness\train_train_05416_aligned.jpg
sadness,all_test\sadness\train_train_05422_aligned.jpg
sadness,all_test\sadness\train_train_05426_aligned.jpg
sadness,all_test\sadness\train_train_05427_aligned.jpg
sadness,all_test\sadness\train_train_05428_aligned.jpg
sadness,all_test\sadness\train_train_05430_aligned.jpg
sadness,all_test\sadness\train_train_05436_aligned.jpg
sadness,all_test\sadness\train_train_05442_aligned.jpg
sadness,all_test\sadness\train_train_05444_aligned.jpg
sadness,all_test\sadness\train_train_05450_aligned.jpg
sadness,all_test\sadness\train_train_05465_aligned.jpg
sadness,all_test\sadness\train_train_05466_aligned.jpg
sadness,all_test\sadness\train_train_05468_aligned.jpg
sadness,all_test\sadness\train_train_05476_aligned.jpg
sadness,all_test\sadness\train_train_05477_aligned.jpg
sadness,all_test\sadness\train_train_05487_aligned.jpg
sadness,all_test\sadness\train_train_05488_aligned.jpg
sadness,all_test\sadness\train_train_05489_aligned.jpg
sadness,all_test\sadness\train_train_05496_aligned.jpg
sadness,all_test\sadness\train_train_05498_aligned.jpg
sadness,all_test\sadness\train_train_05501_aligned.jpg
sadness,all_test\sadness\train_train_05505_aligned.jpg
sadness,all_test\sadness\train_train_05507_aligned.jpg
sadness,all_test\sadness\train_train_05519_aligned.jpg
sadness,all_test\sadness\train_train_05521_aligned.jpg
sadness,all_test\sadness\train_train_05529_aligned.jpg
sadness,all_test\sadness\train_train_05534_aligned.jpg
sadness,all_test\sadness\train_train_05552_aligned.jpg
sadness,all_test\sadness\train_train_05561_aligned.jpg
sadness,all_test\sadness\train_train_05564_aligned.jpg
sadness,all_test\sadness\train_train_05573_aligned.jpg
sadness,all_test\sadness\train_train_05579_aligned.jpg
sadness,all_test\sadness\train_train_05580_aligned.jpg
sadness,all_test\sadness\train_train_05583_aligned.jpg
sadness,all_test\sadness\train_train_05586_aligned.jpg
sadness,all_test\sadness\train_train_05587_aligned.jpg
sadness,all_test\sadness\train_train_05590_aligned.jpg
sadness,all_test\sadness\train_train_05591_aligned.jpg
sadness,all_test\sadness\train_train_05594_aligned.jpg
sadness,all_test\sadness\train_train_05595_aligned.jpg
sadness,all_test\sadness\train_train_05598_aligned.jpg
sadness,all_test\sadness\train_train_05621_aligned.jpg
sadness,all_test\sadness\train_train_05640_aligned.jpg
sadness,all_test\sadness\train_train_05642_aligned.jpg
sadness,all_test\sadness\train_train_05648_aligned.jpg
sadness,all_test\sadness\train_train_05652_aligned.jpg
sadness,all_test\sadness\train_train_05657_aligned.jpg
sadness,all_test\sadness\train_train_05659_aligned.jpg
sadness,all_test\sadness\train_train_05661_aligned.jpg
sadness,all_test\sadness\train_train_05666_aligned.jpg
sadness,all_test\sadness\train_train_05671_aligned.jpg
sadness,all_test\sadness\train_train_05672_aligned.jpg
sadness,all_test\sadness\train_train_05675_aligned.jpg
sadness,all_test\sadness\train_train_05676_aligned.jpg
sadness,all_test\sadness\train_train_05680_aligned.jpg
sadness,all_test\sadness\train_train_05685_aligned.jpg
sadness,all_test\sadness\train_train_05689_aligned.jpg
sadness,all_test\sadness\train_train_05695_aligned.jpg
sadness,all_test\sadness\train_train_05699_aligned.jpg
sadness,all_test\sadness\train_train_05700_aligned.jpg
sadness,all_test\sadness\train_train_05702_aligned.jpg
sadness,all_test\sadness\train_train_05703_aligned.jpg
sadness,all_test\sadness\train_train_05704_aligned.jpg
sadness,all_test\sadness\train_train_05705_aligned.jpg
sadness,all_test\sadness\train_train_05706_aligned.jpg
sadness,all_test\sadness\train_train_05715_aligned.jpg
sadness,all_test\sadness\train_train_05726_aligned.jpg
sadness,all_test\sadness\train_train_05733_aligned.jpg
sadness,all_test\sadness\train_train_05737_aligned.jpg
sadness,all_test\sadness\train_train_05741_aligned.jpg
sadness,all_test\sadness\train_train_05745_aligned.jpg
sadness,all_test\sadness\train_train_05746_aligned.jpg
sadness,all_test\sadness\train_train_05748_aligned.jpg
sadness,all_test\sadness\train_train_05752_aligned.jpg
sadness,all_test\sadness\train_train_05753_aligned.jpg
sadness,all_test\sadness\train_train_05754_aligned.jpg
sadness,all_test\sadness\train_train_05755_aligned.jpg
sadness,all_test\sadness\train_train_05756_aligned.jpg
sadness,all_test\sadness\train_train_05757_aligned.jpg
sadness,all_test\sadness\train_train_05761_aligned.jpg
sadness,all_test\sadness\train_train_05762_aligned.jpg
sadness,all_test\sadness\train_train_05766_aligned.jpg
sadness,all_test\sadness\train_train_05775_aligned.jpg
sadness,all_test\sadness\train_train_05779_aligned.jpg
sadness,all_test\sadness\train_train_05780_aligned.jpg
sadness,all_test\sadness\train_train_05781_aligned.jpg
sadness,all_test\sadness\train_train_05784_aligned.jpg
sadness,all_test\sadness\train_train_05785_aligned.jpg
sadness,all_test\sadness\train_train_05786_aligned.jpg
sadness,all_test\sadness\train_train_05787_aligned.jpg
sadness,all_test\sadness\train_train_05789_aligned.jpg
sadness,all_test\sadness\train_train_05791_aligned.jpg
sadness,all_test\sadness\train_train_05794_aligned.jpg
sadness,all_test\sadness\train_train_05795_aligned.jpg
sadness,all_test\sadness\train_train_05800_aligned.jpg
sadness,all_test\sadness\train_train_05809_aligned.jpg
sadness,all_test\sadness\train_train_05810_aligned.jpg
sadness,all_test\sadness\train_train_05818_aligned.jpg
sadness,all_test\sadness\train_train_05822_aligned.jpg
sadness,all_test\sadness\train_train_05827_aligned.jpg
sadness,all_test\sadness\train_train_05836_aligned.jpg
sadness,all_test\sadness\train_train_05841_aligned.jpg
sadness,all_test\sadness\train_train_05842_aligned.jpg
sadness,all_test\sadness\train_train_05843_aligned.jpg
sadness,all_test\sadness\train_train_05846_aligned.jpg
sadness,all_test\sadness\train_train_05849_aligned.jpg
sadness,all_test\sadness\train_train_05852_aligned.jpg
sadness,all_test\sadness\train_train_05855_aligned.jpg
sadness,all_test\sadness\train_train_05856_aligned.jpg
sadness,all_test\sadness\train_train_05858_aligned.jpg
sadness,all_test\sadness\train_train_05865_aligned.jpg
sadness,all_test\sadness\train_train_05866_aligned.jpg
sadness,all_test\sadness\train_train_05868_aligned.jpg
sadness,all_test\sadness\train_train_05870_aligned.jpg
sadness,all_test\sadness\train_train_05871_aligned.jpg
sadness,all_test\sadness\train_train_05872_aligned.jpg
sadness,all_test\sadness\train_train_05873_aligned.jpg
sadness,all_test\sadness\train_train_05874_aligned.jpg
sadness,all_test\sadness\train_train_05875_aligned.jpg
sadness,all_test\sadness\train_train_05876_aligned.jpg
sadness,all_test\sadness\train_train_05877_aligned.jpg
sadness,all_test\sadness\train_train_05879_aligned.jpg
sadness,all_test\sadness\train_train_05883_aligned.jpg
sadness,all_test\sadness\train_train_05884_aligned.jpg
sadness,all_test\sadness\train_train_05885_aligned.jpg
sadness,all_test\sadness\train_train_05893_aligned.jpg
sadness,all_test\sadness\train_train_05897_aligned.jpg
sadness,all_test\sadness\train_train_05898_aligned.jpg
sadness,all_test\sadness\train_train_05899_aligned.jpg
sadness,all_test\sadness\train_train_05900_aligned.jpg
sadness,all_test\sadness\train_train_05901_aligned.jpg
sadness,all_test\sadness\train_train_05902_aligned.jpg
sadness,all_test\sadness\train_train_05903_aligned.jpg
sadness,all_test\sadness\train_train_05904_aligned.jpg
sadness,all_test\sadness\train_train_05908_aligned.jpg
sadness,all_test\sadness\train_train_05909_aligned.jpg
sadness,all_test\sadness\train_train_05910_aligned.jpg
sadness,all_test\sadness\train_train_05911_aligned.jpg
sadness,all_test\sadness\train_train_05912_aligned.jpg
sadness,all_test\sadness\train_train_05913_aligned.jpg
sadness,all_test\sadness\train_train_05914_aligned.jpg
sadness,all_test\sadness\train_train_05915_aligned.jpg
sadness,all_test\sadness\train_train_05916_aligned.jpg
sadness,all_test\sadness\train_train_05920_aligned.jpg
sadness,all_test\sadness\train_train_05921_aligned.jpg
sadness,all_test\sadness\train_train_05930_aligned.jpg
sadness,all_test\sadness\train_train_05932_aligned.jpg
sadness,all_test\sadness\train_train_05933_aligned.jpg
sadness,all_test\sadness\train_train_05934_aligned.jpg
sadness,all_test\sadness\train_train_05936_aligned.jpg
sadness,all_test\sadness\train_train_05937_aligned.jpg
sadness,all_test\sadness\train_train_05940_aligned.jpg
sadness,all_test\sadness\train_train_05941_aligned.jpg
sadness,all_test\sadness\train_train_05944_aligned.jpg
sadness,all_test\sadness\train_train_05954_aligned.jpg
sadness,all_test\sadness\train_train_05960_aligned.jpg
sadness,all_test\sadness\train_train_05961_aligned.jpg
sadness,all_test\sadness\train_train_05972_aligned.jpg
sadness,all_test\sadness\train_train_05978_aligned.jpg
sadness,all_test\sadness\train_train_05979_aligned.jpg
sadness,all_test\sadness\train_train_05980_aligned.jpg
sadness,all_test\sadness\train_train_05985_aligned.jpg
sadness,all_test\sadness\train_train_05986_aligned.jpg
sadness,all_test\sadness\train_train_05992_aligned.jpg
sadness,all_test\sadness\train_train_05995_aligned.jpg
sadness,all_test\sadness\train_train_05996_aligned.jpg
sadness,all_test\sadness\train_train_06003_aligned.jpg
sadness,all_test\sadness\train_train_06005_aligned.jpg
sadness,all_test\sadness\train_train_06006_aligned.jpg
sadness,all_test\sadness\train_train_06008_aligned.jpg
sadness,all_test\sadness\train_train_06012_aligned.jpg
sadness,all_test\sadness\train_train_06018_aligned.jpg
sadness,all_test\sadness\train_train_06026_aligned.jpg
sadness,all_test\sadness\train_train_06027_aligned.jpg
sadness,all_test\sadness\train_train_06029_aligned.jpg
sadness,all_test\sadness\train_train_06035_aligned.jpg
sadness,all_test\sadness\train_train_06040_aligned.jpg
sadness,all_test\sadness\train_train_06044_aligned.jpg
sadness,all_test\sadness\train_train_06045_aligned.jpg
sadness,all_test\sadness\train_train_06046_aligned.jpg
sadness,all_test\sadness\train_train_06048_aligned.jpg
sadness,all_test\sadness\train_train_06049_aligned.jpg
sadness,all_test\sadness\train_train_06051_aligned.jpg
sadness,all_test\sadness\train_train_06053_aligned.jpg
sadness,all_test\sadness\train_train_06055_aligned.jpg
sadness,all_test\sadness\train_train_06056_aligned.jpg
sadness,all_test\sadness\train_train_06057_aligned.jpg
sadness,all_test\sadness\train_train_06059_aligned.jpg
sadness,all_test\sadness\train_train_06066_aligned.jpg
sadness,all_test\sadness\train_train_06067_aligned.jpg
sadness,all_test\sadness\train_train_06072_aligned.jpg
sadness,all_test\sadness\train_train_06073_aligned.jpg
sadness,all_test\sadness\train_train_06074_aligned.jpg
sadness,all_test\sadness\train_train_06075_aligned.jpg
sadness,all_test\sadness\train_train_06077_aligned.jpg
sadness,all_test\sadness\train_train_06078_aligned.jpg
sadness,all_test\sadness\train_train_06083_aligned.jpg
sadness,all_test\sadness\train_train_06086_aligned.jpg
sadness,all_test\sadness\train_train_06091_aligned.jpg
sadness,all_test\sadness\train_train_06092_aligned.jpg
sadness,all_test\sadness\train_train_06093_aligned.jpg
sadness,all_test\sadness\train_train_06100_aligned.jpg
sadness,all_test\sadness\train_train_06103_aligned.jpg
sadness,all_test\sadness\train_train_06115_aligned.jpg
sadness,all_test\sadness\train_train_06118_aligned.jpg
sadness,all_test\sadness\train_train_06119_aligned.jpg
sadness,all_test\sadness\train_train_06123_aligned.jpg
sadness,all_test\sadness\train_train_06129_aligned.jpg
sadness,all_test\sadness\train_train_06138_aligned.jpg
sadness,all_test\sadness\train_train_06140_aligned.jpg
sadness,all_test\sadness\train_train_06145_aligned.jpg
sadness,all_test\sadness\train_train_06149_aligned.jpg
sadness,all_test\sadness\train_train_06152_aligned.jpg
sadness,all_test\sadness\train_train_06157_aligned.jpg
sadness,all_test\sadness\train_train_06162_aligned.jpg
sadness,all_test\sadness\train_train_06166_aligned.jpg
sadness,all_test\sadness\train_train_06170_aligned.jpg
sadness,all_test\sadness\train_train_06177_aligned.jpg
sadness,all_test\sadness\train_train_06182_aligned.jpg
sadness,all_test\sadness\train_train_06194_aligned.jpg
sadness,all_test\sadness\train_train_06197_aligned.jpg
sadness,all_test\sadness\train_train_06200_aligned.jpg
sadness,all_test\sadness\train_train_06202_aligned.jpg
sadness,all_test\sadness\train_train_06204_aligned.jpg
sadness,all_test\sadness\train_train_06216_aligned.jpg
sadness,all_test\sadness\train_train_06217_aligned.jpg
sadness,all_test\sadness\train_train_06220_aligned.jpg
sadness,all_test\sadness\train_train_06221_aligned.jpg
sadness,all_test\sadness\train_train_06227_aligned.jpg
sadness,all_test\sadness\train_train_06245_aligned.jpg
sadness,all_test\sadness\train_train_06255_aligned.jpg
sadness,all_test\sadness\train_train_06260_aligned.jpg
sadness,all_test\sadness\train_train_06263_aligned.jpg
sadness,all_test\sadness\train_train_06265_aligned.jpg
sadness,all_test\sadness\train_train_06267_aligned.jpg
sadness,all_test\sadness\train_train_06271_aligned.jpg
sadness,all_test\sadness\train_train_06273_aligned.jpg
sadness,all_test\sadness\train_train_06279_aligned.jpg
sadness,all_test\sadness\train_train_06283_aligned.jpg
sadness,all_test\sadness\train_train_06287_aligned.jpg
sadness,all_test\sadness\train_train_06290_aligned.jpg
sadness,all_test\sadness\train_train_06296_aligned.jpg
sadness,all_test\sadness\train_train_06303_aligned.jpg
sadness,all_test\sadness\train_train_06304_aligned.jpg
sadness,all_test\sadness\train_train_06315_aligned.jpg
sadness,all_test\sadness\train_train_06322_aligned.jpg
sadness,all_test\sadness\train_train_06324_aligned.jpg
sadness,all_test\sadness\train_train_06326_aligned.jpg
sadness,all_test\sadness\train_train_06328_aligned.jpg
sadness,all_test\sadness\train_train_06340_aligned.jpg
sadness,all_test\sadness\train_train_06342_aligned.jpg
sadness,all_test\sadness\train_train_06343_aligned.jpg
sadness,all_test\sadness\train_train_06349_aligned.jpg
sadness,all_test\sadness\train_train_06355_aligned.jpg
sadness,all_test\sadness\train_train_06357_aligned.jpg
sadness,all_test\sadness\train_train_06367_aligned.jpg
sadness,all_test\sadness\train_train_06369_aligned.jpg
sadness,all_test\sadness\train_train_06371_aligned.jpg
sadness,all_test\sadness\train_train_06374_aligned.jpg
sadness,all_test\sadness\train_train_06375_aligned.jpg
sadness,all_test\sadness\train_train_06376_aligned.jpg
sadness,all_test\sadness\train_train_06380_aligned.jpg
sadness,all_test\sadness\train_train_06381_aligned.jpg
sadness,all_test\sadness\train_train_06382_aligned.jpg
sadness,all_test\sadness\train_train_06386_aligned.jpg
sadness,all_test\sadness\train_train_06388_aligned.jpg
sadness,all_test\sadness\train_train_06419_aligned.jpg
sadness,all_test\sadness\train_train_06424_aligned.jpg
sadness,all_test\sadness\train_train_06442_aligned.jpg
sadness,all_test\sadness\train_train_06444_aligned.jpg
sadness,all_test\sadness\train_train_06446_aligned.jpg
sadness,all_test\sadness\train_train_06447_aligned.jpg
sadness,all_test\sadness\train_train_06456_aligned.jpg
sadness,all_test\sadness\train_train_06459_aligned.jpg
sadness,all_test\sadness\train_train_06461_aligned.jpg
sadness,all_test\sadness\train_train_06464_aligned.jpg
sadness,all_test\sadness\train_train_06471_aligned.jpg
sadness,all_test\sadness\train_train_06479_aligned.jpg
sadness,all_test\sadness\train_train_06483_aligned.jpg
sadness,all_test\sadness\train_train_06485_aligned.jpg
sadness,all_test\sadness\train_train_06495_aligned.jpg
sadness,all_test\sadness\train_train_06496_aligned.jpg
sadness,all_test\sadness\train_train_06505_aligned.jpg
sadness,all_test\sadness\train_train_06507_aligned.jpg
sadness,all_test\sadness\train_train_06508_aligned.jpg
sadness,all_test\sadness\train_train_06519_aligned.jpg
sadness,all_test\sadness\train_train_06521_aligned.jpg
sadness,all_test\sadness\train_train_06524_aligned.jpg
sadness,all_test\sadness\train_train_06527_aligned.jpg
sadness,all_test\sadness\train_train_06528_aligned.jpg
sadness,all_test\sadness\train_train_06532_aligned.jpg
sadness,all_test\sadness\train_train_06533_aligned.jpg
sadness,all_test\sadness\train_train_06537_aligned.jpg
sadness,all_test\sadness\train_train_06538_aligned.jpg
sadness,all_test\sadness\train_train_06540_aligned.jpg
sadness,all_test\sadness\train_train_06541_aligned.jpg
sadness,all_test\sadness\train_train_06544_aligned.jpg
sadness,all_test\sadness\train_train_06550_aligned.jpg
sadness,all_test\sadness\train_train_06551_aligned.jpg
sadness,all_test\sadness\train_train_06556_aligned.jpg
sadness,all_test\sadness\train_train_06565_aligned.jpg
sadness,all_test\sadness\train_train_06568_aligned.jpg
sadness,all_test\sadness\train_train_06580_aligned.jpg
sadness,all_test\sadness\train_train_06587_aligned.jpg
sadness,all_test\sadness\train_train_06588_aligned.jpg
sadness,all_test\sadness\train_train_06590_aligned.jpg
sadness,all_test\sadness\train_train_06593_aligned.jpg
sadness,all_test\sadness\train_train_06601_aligned.jpg
sadness,all_test\sadness\train_train_06616_aligned.jpg
sadness,all_test\sadness\train_train_06617_aligned.jpg
sadness,all_test\sadness\train_train_06620_aligned.jpg
sadness,all_test\sadness\train_train_06622_aligned.jpg
sadness,all_test\sadness\train_train_06623_aligned.jpg
sadness,all_test\sadness\train_train_06627_aligned.jpg
sadness,all_test\sadness\train_train_06628_aligned.jpg
sadness,all_test\sadness\train_train_06629_aligned.jpg
sadness,all_test\sadness\train_train_06630_aligned.jpg
sadness,all_test\sadness\train_train_06632_aligned.jpg
sadness,all_test\sadness\train_train_06649_aligned.jpg
sadness,all_test\sadness\train_train_06653_aligned.jpg
sadness,all_test\sadness\train_train_06654_aligned.jpg
sadness,all_test\sadness\train_train_06655_aligned.jpg
sadness,all_test\sadness\train_train_06656_aligned.jpg
sadness,all_test\sadness\train_train_06658_aligned.jpg
sadness,all_test\sadness\train_train_06661_aligned.jpg
sadness,all_test\sadness\train_train_06662_aligned.jpg
sadness,all_test\sadness\train_train_06666_aligned.jpg
sadness,all_test\sadness\train_train_06672_aligned.jpg
sadness,all_test\sadness\train_train_06674_aligned.jpg
sadness,all_test\sadness\train_train_06676_aligned.jpg
sadness,all_test\sadness\train_train_06677_aligned.jpg
sadness,all_test\sadness\train_train_06679_aligned.jpg
sadness,all_test\sadness\train_train_06681_aligned.jpg
sadness,all_test\sadness\train_train_06682_aligned.jpg
sadness,all_test\sadness\train_train_06683_aligned.jpg
sadness,all_test\sadness\train_train_06690_aligned.jpg
sadness,all_test\sadness\train_train_06691_aligned.jpg
sadness,all_test\sadness\train_train_06693_aligned.jpg
sadness,all_test\sadness\train_train_06694_aligned.jpg
sadness,all_test\sadness\train_train_06695_aligned.jpg
sadness,all_test\sadness\train_train_06699_aligned.jpg
sadness,all_test\sadness\train_train_06703_aligned.jpg
sadness,all_test\sadness\train_train_06704_aligned.jpg
sadness,all_test\sadness\train_train_06705_aligned.jpg
sadness,all_test\sadness\train_train_06712_aligned.jpg
sadness,all_test\sadness\train_train_06714_aligned.jpg
sadness,all_test\sadness\train_train_06716_aligned.jpg
sadness,all_test\sadness\train_train_06718_aligned.jpg
sadness,all_test\sadness\train_train_06719_aligned.jpg
sadness,all_test\sadness\train_train_06722_aligned.jpg
sadness,all_test\sadness\train_train_06730_aligned.jpg
sadness,all_test\sadness\train_train_06732_aligned.jpg
sadness,all_test\sadness\train_train_06733_aligned.jpg
sadness,all_test\sadness\train_train_06734_aligned.jpg
sadness,all_test\sadness\train_train_06736_aligned.jpg
sadness,all_test\sadness\train_train_06740_aligned.jpg
sadness,all_test\sadness\train_train_06744_aligned.jpg
sadness,all_test\sadness\train_train_06745_aligned.jpg
sadness,all_test\sadness\train_train_06747_aligned.jpg
sadness,all_test\sadness\train_train_06748_aligned.jpg
sadness,all_test\sadness\train_train_06749_aligned.jpg
sadness,all_test\sadness\train_train_06751_aligned.jpg
sadness,all_test\sadness\train_train_06756_aligned.jpg
sadness,all_test\sadness\train_train_06758_aligned.jpg
sadness,all_test\sadness\train_train_06760_aligned.jpg
sadness,all_test\sadness\train_train_06761_aligned.jpg
sadness,all_test\sadness\train_train_06762_aligned.jpg
sadness,all_test\sadness\train_train_06766_aligned.jpg
sadness,all_test\sadness\train_train_06767_aligned.jpg
sadness,all_test\sadness\train_train_06768_aligned.jpg
sadness,all_test\sadness\train_train_06770_aligned.jpg
sadness,all_test\sadness\train_train_06773_aligned.jpg
sadness,all_test\sadness\train_train_06774_aligned.jpg
sadness,all_test\sadness\train_train_06778_aligned.jpg
sadness,all_test\sadness\train_train_06779_aligned.jpg
sadness,all_test\sadness\train_train_06780_aligned.jpg
sadness,all_test\sadness\train_train_06781_aligned.jpg
sadness,all_test\sadness\train_train_06783_aligned.jpg
sadness,all_test\sadness\train_train_06785_aligned.jpg
sadness,all_test\sadness\train_train_06788_aligned.jpg
sadness,all_test\sadness\train_train_06792_aligned.jpg
sadness,all_test\sadness\train_train_06797_aligned.jpg
sadness,all_test\sadness\train_train_06802_aligned.jpg
sadness,all_test\sadness\train_train_06806_aligned.jpg
sadness,all_test\sadness\train_train_06815_aligned.jpg
sadness,all_test\sadness\train_train_06818_aligned.jpg
sadness,all_test\sadness\train_train_06819_aligned.jpg
sadness,all_test\sadness\train_train_06821_aligned.jpg
sadness,all_test\sadness\train_train_06827_aligned.jpg
sadness,all_test\sadness\train_train_06828_aligned.jpg
sadness,all_test\sadness\train_train_06829_aligned.jpg
sadness,all_test\sadness\train_train_06833_aligned.jpg
sadness,all_test\sadness\train_train_06834_aligned.jpg
sadness,all_test\sadness\train_train_06837_aligned.jpg
sadness,all_test\sadness\train_train_06843_aligned.jpg
sadness,all_test\sadness\train_train_06845_aligned.jpg
sadness,all_test\sadness\train_train_06846_aligned.jpg
sadness,all_test\sadness\train_train_06855_aligned.jpg
sadness,all_test\sadness\train_train_06865_aligned.jpg
sadness,all_test\sadness\train_train_06866_aligned.jpg
sadness,all_test\sadness\train_train_06867_aligned.jpg
sadness,all_test\sadness\train_train_06869_aligned.jpg
sadness,all_test\sadness\train_train_06870_aligned.jpg
sadness,all_test\sadness\train_train_06872_aligned.jpg
sadness,all_test\sadness\train_train_06874_aligned.jpg
sadness,all_test\sadness\train_train_06877_aligned.jpg
sadness,all_test\sadness\train_train_06886_aligned.jpg
sadness,all_test\sadness\train_train_06888_aligned.jpg
sadness,all_test\sadness\train_train_06889_aligned.jpg
sadness,all_test\sadness\train_train_06890_aligned.jpg
sadness,all_test\sadness\train_train_06894_aligned.jpg
sadness,all_test\sadness\train_train_06895_aligned.jpg
sadness,all_test\sadness\train_train_06896_aligned.jpg
sadness,all_test\sadness\train_train_06899_aligned.jpg
sadness,all_test\sadness\train_train_06900_aligned.jpg
sadness,all_test\sadness\train_train_06902_aligned.jpg
sadness,all_test\sadness\train_train_06903_aligned.jpg
sadness,all_test\sadness\train_train_06905_aligned.jpg
sadness,all_test\sadness\train_train_06906_aligned.jpg
sadness,all_test\sadness\train_train_06907_aligned.jpg
sadness,all_test\sadness\train_train_06911_aligned.jpg
sadness,all_test\sadness\train_train_06915_aligned.jpg
sadness,all_test\sadness\train_train_06922_aligned.jpg
sadness,all_test\sadness\train_train_06926_aligned.jpg
sadness,all_test\sadness\train_train_06931_aligned.jpg
sadness,all_test\sadness\train_train_06933_aligned.jpg
sadness,all_test\sadness\train_train_06934_aligned.jpg
sadness,all_test\sadness\train_train_06938_aligned.jpg
sadness,all_test\sadness\train_train_06942_aligned.jpg
sadness,all_test\sadness\train_train_06944_aligned.jpg
sadness,all_test\sadness\train_train_06947_aligned.jpg
sadness,all_test\sadness\train_train_06948_aligned.jpg
sadness,all_test\sadness\train_train_06951_aligned.jpg
sadness,all_test\sadness\train_train_06952_aligned.jpg
sadness,all_test\sadness\train_train_06953_aligned.jpg
sadness,all_test\sadness\train_train_06956_aligned.jpg
sadness,all_test\sadness\train_train_06963_aligned.jpg
sadness,all_test\sadness\train_train_06965_aligned.jpg
sadness,all_test\sadness\train_train_06977_aligned.jpg
sadness,all_test\sadness\train_train_06978_aligned.jpg
sadness,all_test\sadness\train_train_06979_aligned.jpg
sadness,all_test\sadness\train_train_06980_aligned.jpg
sadness,all_test\sadness\train_train_06981_aligned.jpg
sadness,all_test\sadness\train_train_06985_aligned.jpg
sadness,all_test\sadness\train_train_06987_aligned.jpg
sadness,all_test\sadness\train_train_06988_aligned.jpg
sadness,all_test\sadness\train_train_06989_aligned.jpg
sadness,all_test\sadness\train_train_06990_aligned.jpg
sadness,all_test\sadness\train_train_06991_aligned.jpg
sadness,all_test\sadness\train_train_06992_aligned.jpg
sadness,all_test\sadness\train_train_06997_aligned.jpg
sadness,all_test\sadness\train_train_06998_aligned.jpg
sadness,all_test\sadness\train_train_06999_aligned.jpg
sadness,all_test\sadness\train_train_07006_aligned.jpg
sadness,all_test\sadness\train_train_07007_aligned.jpg
sadness,all_test\sadness\train_train_07008_aligned.jpg
sadness,all_test\sadness\train_train_07011_aligned.jpg
sadness,all_test\sadness\train_train_07012_aligned.jpg
sadness,all_test\sadness\train_train_07016_aligned.jpg
sadness,all_test\sadness\train_train_07017_aligned.jpg
sadness,all_test\sadness\train_train_07018_aligned.jpg
sadness,all_test\sadness\train_train_07019_aligned.jpg
sadness,all_test\sadness\train_train_07021_aligned.jpg
sadness,all_test\sadness\train_train_07023_aligned.jpg
sadness,all_test\sadness\train_train_07025_aligned.jpg
sadness,all_test\sadness\train_train_07026_aligned.jpg
sadness,all_test\sadness\train_train_07028_aligned.jpg
sadness,all_test\sadness\train_train_07032_aligned.jpg
sadness,all_test\sadness\train_train_07033_aligned.jpg
sadness,all_test\sadness\train_train_07035_aligned.jpg
sadness,all_test\sadness\train_train_07038_aligned.jpg
sadness,all_test\sadness\train_train_07044_aligned.jpg
sadness,all_test\sadness\train_train_07045_aligned.jpg
sadness,all_test\sadness\train_train_07053_aligned.jpg
sadness,all_test\sadness\train_train_07056_aligned.jpg
sadness,all_test\sadness\train_train_07057_aligned.jpg
sadness,all_test\sadness\train_train_07059_aligned.jpg
sadness,all_test\sadness\train_train_07061_aligned.jpg
sadness,all_test\sadness\train_train_07063_aligned.jpg
sadness,all_test\sadness\train_train_07071_aligned.jpg
sadness,all_test\sadness\train_train_07075_aligned.jpg
sadness,all_test\sadness\train_train_07078_aligned.jpg
sadness,all_test\sadness\train_train_07079_aligned.jpg
sadness,all_test\sadness\train_train_07082_aligned.jpg
sadness,all_test\sadness\train_train_07083_aligned.jpg
sadness,all_test\sadness\train_train_07084_aligned.jpg
sadness,all_test\sadness\train_train_07089_aligned.jpg
sadness,all_test\sadness\train_train_07090_aligned.jpg
sadness,all_test\sadness\train_train_07092_aligned.jpg
sadness,all_test\sadness\train_train_07093_aligned.jpg
sadness,all_test\sadness\train_train_07094_aligned.jpg
sadness,all_test\sadness\train_train_07098_aligned.jpg
sadness,all_test\sadness\train_train_07101_aligned.jpg
sadness,all_test\sadness\train_train_07102_aligned.jpg
sadness,all_test\sadness\train_train_07103_aligned.jpg
sadness,all_test\sadness\train_train_07104_aligned.jpg
sadness,all_test\sadness\train_train_07106_aligned.jpg
sadness,all_test\sadness\train_train_07110_aligned.jpg
sadness,all_test\sadness\train_train_07117_aligned.jpg
sadness,all_test\sadness\train_train_07138_aligned.jpg
sadness,all_test\sadness\train_train_07140_aligned.jpg
sadness,all_test\sadness\train_train_07146_aligned.jpg
sadness,all_test\sadness\train_train_07161_aligned.jpg
sadness,all_test\sadness\train_train_07166_aligned.jpg
sadness,all_test\sadness\train_train_07167_aligned.jpg
sadness,all_test\sadness\train_train_07168_aligned.jpg
sadness,all_test\sadness\train_train_07170_aligned.jpg
sadness,all_test\sadness\train_train_07171_aligned.jpg
sadness,all_test\sadness\train_train_07172_aligned.jpg
sadness,all_test\sadness\train_train_07174_aligned.jpg
sadness,all_test\sadness\train_train_07176_aligned.jpg
sadness,all_test\sadness\train_train_07179_aligned.jpg
sadness,all_test\sadness\train_train_07182_aligned.jpg
sadness,all_test\sadness\train_train_07183_aligned.jpg
sadness,all_test\sadness\train_train_07186_aligned.jpg
sadness,all_test\sadness\train_train_07189_aligned.jpg
sadness,all_test\sadness\train_train_07191_aligned.jpg
sadness,all_test\sadness\train_train_07194_aligned.jpg
sadness,all_test\sadness\train_train_07196_aligned.jpg
sadness,all_test\sadness\train_train_07202_aligned.jpg
sadness,all_test\sadness\train_train_07204_aligned.jpg
sadness,all_test\sadness\train_train_07209_aligned.jpg
sadness,all_test\sadness\train_train_07215_aligned.jpg
sadness,all_test\sadness\train_train_07216_aligned.jpg
sadness,all_test\sadness\train_train_07217_aligned.jpg
sadness,all_test\sadness\train_train_07220_aligned.jpg
sadness,all_test\sadness\train_train_07221_aligned.jpg
sadness,all_test\sadness\train_train_07222_aligned.jpg
sadness,all_test\sadness\train_train_07225_aligned.jpg
sadness,all_test\sadness\train_train_07232_aligned.jpg
sadness,all_test\sadness\train_train_07240_aligned.jpg
sadness,all_test\sadness\train_train_07241_aligned.jpg
sadness,all_test\sadness\train_train_07242_aligned.jpg
sadness,all_test\sadness\train_train_07246_aligned.jpg
sadness,all_test\sadness\train_train_07254_aligned.jpg
sadness,all_test\sadness\train_train_07257_aligned.jpg
sadness,all_test\sadness\train_train_07259_aligned.jpg
sadness,all_test\sadness\train_train_07269_aligned.jpg
sadness,all_test\sadness\train_train_07282_aligned.jpg
sadness,all_test\sadness\train_train_07284_aligned.jpg
sadness,all_test\sadness\train_train_07287_aligned.jpg
sadness,all_test\sadness\train_train_07300_aligned.jpg
sadness,all_test\sadness\train_train_07305_aligned.jpg
sadness,all_test\sadness\train_train_07306_aligned.jpg
sadness,all_test\sadness\train_train_07311_aligned.jpg
sadness,all_test\sadness\train_train_07312_aligned.jpg
sadness,all_test\sadness\train_train_07314_aligned.jpg
sadness,all_test\sadness\train_train_07315_aligned.jpg
sadness,all_test\sadness\train_train_07318_aligned.jpg
sadness,all_test\sadness\train_train_07327_aligned.jpg
sadness,all_test\sadness\train_train_07329_aligned.jpg
sadness,all_test\sadness\train_train_07330_aligned.jpg
sadness,all_test\sadness\train_train_07337_aligned.jpg
sadness,all_test\sadness\train_train_07338_aligned.jpg
sadness,all_test\sadness\train_train_07351_aligned.jpg
sadness,all_test\sadness\train_train_07352_aligned.jpg
sadness,all_test\sadness\train_train_07353_aligned.jpg
sadness,all_test\sadness\train_train_07355_aligned.jpg
sadness,all_test\sadness\train_train_07356_aligned.jpg
sadness,all_test\sadness\train_train_07366_aligned.jpg
sadness,all_test\sadness\train_train_07367_aligned.jpg
sadness,all_test\sadness\train_train_07368_aligned.jpg
sadness,all_test\sadness\train_train_07371_aligned.jpg
sadness,all_test\sadness\train_train_07374_aligned.jpg
sadness,all_test\sadness\train_train_07375_aligned.jpg
sadness,all_test\sadness\train_train_07378_aligned.jpg
sadness,all_test\sadness\train_train_07383_aligned.jpg
sadness,all_test\sadness\train_train_07384_aligned.jpg
sadness,all_test\sadness\train_train_07387_aligned.jpg
sadness,all_test\sadness\train_train_07390_aligned.jpg
sadness,all_test\sadness\train_train_07394_aligned.jpg
sadness,all_test\sadness\train_train_07399_aligned.jpg
sadness,all_test\sadness\train_train_07400_aligned.jpg
sadness,all_test\sadness\train_train_07402_aligned.jpg
sadness,all_test\sadness\train_train_07407_aligned.jpg
sadness,all_test\sadness\train_train_07416_aligned.jpg
sadness,all_test\sadness\train_train_07418_aligned.jpg
sadness,all_test\sadness\train_train_07419_aligned.jpg
sadness,all_test\sadness\train_train_07422_aligned.jpg
sadness,all_test\sadness\train_train_07423_aligned.jpg
sadness,all_test\sadness\train_train_07424_aligned.jpg
sadness,all_test\sadness\train_train_07426_aligned.jpg
sadness,all_test\sadness\train_train_07427_aligned.jpg
sadness,all_test\sadness\train_train_07430_aligned.jpg
sadness,all_test\sadness\train_train_07432_aligned.jpg
sadness,all_test\sadness\train_train_07443_aligned.jpg
sadness,all_test\sadness\train_train_07445_aligned.jpg
sadness,all_test\sadness\train_train_07446_aligned.jpg
sadness,all_test\sadness\train_train_07451_aligned.jpg
sadness,all_test\sadness\train_train_07453_aligned.jpg
sadness,all_test\sadness\train_train_07464_aligned.jpg
sadness,all_test\sadness\train_train_07466_aligned.jpg
sadness,all_test\sadness\train_train_07471_aligned.jpg
sadness,all_test\sadness\train_train_07474_aligned.jpg
sadness,all_test\sadness\train_train_07479_aligned.jpg
sadness,all_test\sadness\train_train_07489_aligned.jpg
sadness,all_test\sadness\train_train_07490_aligned.jpg
sadness,all_test\sadness\train_train_07491_aligned.jpg
sadness,all_test\sadness\train_train_07492_aligned.jpg
sadness,all_test\sadness\train_train_07493_aligned.jpg
sadness,all_test\sadness\train_train_07494_aligned.jpg
sadness,all_test\sadness\train_train_07498_aligned.jpg
sadness,all_test\sadness\train_train_07502_aligned.jpg
sadness,all_test\sadness\train_train_07503_aligned.jpg
sadness,all_test\sadness\train_train_07504_aligned.jpg
sadness,all_test\sadness\train_train_07512_aligned.jpg
sadness,all_test\sadness\train_train_07515_aligned.jpg
sadness,all_test\sadness\train_train_07516_aligned.jpg
sadness,all_test\sadness\train_train_07518_aligned.jpg
sadness,all_test\sadness\train_train_07525_aligned.jpg
sadness,all_test\sadness\train_train_07527_aligned.jpg
sadness,all_test\sadness\train_train_07528_aligned.jpg
sadness,all_test\sadness\train_train_07529_aligned.jpg
sadness,all_test\sadness\train_train_07539_aligned.jpg
sadness,all_test\sadness\train_train_07540_aligned.jpg
sadness,all_test\sadness\train_train_07546_aligned.jpg
sadness,all_test\sadness\train_train_07550_aligned.jpg
sadness,all_test\sadness\train_train_07561_aligned.jpg
sadness,all_test\sadness\train_train_07562_aligned.jpg
sadness,all_test\sadness\train_train_07563_aligned.jpg
sadness,all_test\sadness\train_train_07564_aligned.jpg
sadness,all_test\sadness\train_train_07570_aligned.jpg
sadness,all_test\sadness\train_train_07574_aligned.jpg
sadness,all_test\sadness\train_train_07580_aligned.jpg
sadness,all_test\sadness\train_train_07582_aligned.jpg
sadness,all_test\sadness\train_train_07584_aligned.jpg
sadness,all_test\sadness\train_train_07586_aligned.jpg
sadness,all_test\sadness\train_train_07601_aligned.jpg
sadness,all_test\sadness\train_train_07605_aligned.jpg
sadness,all_test\sadness\train_train_07606_aligned.jpg
sadness,all_test\sadness\train_train_07613_aligned.jpg
sadness,all_test\sadness\train_train_07617_aligned.jpg
sadness,all_test\sadness\train_train_07619_aligned.jpg
sadness,all_test\sadness\train_train_07622_aligned.jpg
sadness,all_test\sadness\train_train_07623_aligned.jpg
sadness,all_test\sadness\train_train_07630_aligned.jpg
sadness,all_test\sadness\train_train_07635_aligned.jpg
sadness,all_test\sadness\train_train_07636_aligned.jpg
sadness,all_test\sadness\train_train_07637_aligned.jpg
sadness,all_test\sadness\train_train_07639_aligned.jpg
sadness,all_test\sadness\train_train_07640_aligned.jpg
sadness,all_test\sadness\train_train_07644_aligned.jpg
sadness,all_test\sadness\train_train_07646_aligned.jpg
sadness,all_test\sadness\train_train_07651_aligned.jpg
sadness,all_test\sadness\train_train_07657_aligned.jpg
sadness,all_test\sadness\train_train_07658_aligned.jpg
sadness,all_test\sadness\train_train_07671_aligned.jpg
sadness,all_test\sadness\train_train_07677_aligned.jpg
sadness,all_test\sadness\train_train_07682_aligned.jpg
sadness,all_test\sadness\train_train_07683_aligned.jpg
sadness,all_test\sadness\train_train_07684_aligned.jpg
sadness,all_test\sadness\train_train_07693_aligned.jpg
sadness,all_test\sadness\train_train_07703_aligned.jpg
sadness,all_test\sadness\train_train_07719_aligned.jpg
sadness,all_test\sadness\train_train_07725_aligned.jpg
sadness,all_test\sadness\train_train_07736_aligned.jpg
sadness,all_test\sadness\train_train_07739_aligned.jpg
sadness,all_test\sadness\train_train_07741_aligned.jpg
sadness,all_test\sadness\train_train_07742_aligned.jpg
sadness,all_test\sadness\train_train_07743_aligned.jpg
sadness,all_test\sadness\train_train_07747_aligned.jpg
sadness,all_test\sadness\train_train_07753_aligned.jpg
sadness,all_test\sadness\train_train_07754_aligned.jpg
sadness,all_test\sadness\train_train_07756_aligned.jpg
sadness,all_test\sadness\train_train_07766_aligned.jpg
sadness,all_test\sadness\train_train_07767_aligned.jpg
sadness,all_test\sadness\train_train_07773_aligned.jpg
sadness,all_test\sadness\train_train_07775_aligned.jpg
sadness,all_test\sadness\train_train_07776_aligned.jpg
sadness,all_test\sadness\train_train_07780_aligned.jpg
sadness,all_test\sadness\train_train_07784_aligned.jpg
sadness,all_test\sadness\train_train_07788_aligned.jpg
sadness,all_test\sadness\train_train_07789_aligned.jpg
sadness,all_test\sadness\train_train_07801_aligned.jpg
sadness,all_test\sadness\train_train_07805_aligned.jpg
sadness,all_test\sadness\train_train_07807_aligned.jpg
sadness,all_test\sadness\train_train_07809_aligned.jpg
sadness,all_test\sadness\train_train_07811_aligned.jpg
sadness,all_test\sadness\train_train_07815_aligned.jpg
sadness,all_test\sadness\train_train_07817_aligned.jpg
sadness,all_test\sadness\train_train_07818_aligned.jpg
sadness,all_test\sadness\train_train_07820_aligned.jpg
sadness,all_test\sadness\train_train_07829_aligned.jpg
sadness,all_test\sadness\train_train_07831_aligned.jpg
sadness,all_test\sadness\train_train_07832_aligned.jpg
sadness,all_test\sadness\train_train_07838_aligned.jpg
sadness,all_test\sadness\train_train_07844_aligned.jpg
sadness,all_test\sadness\train_train_07850_aligned.jpg
sadness,all_test\sadness\train_train_07851_aligned.jpg
sadness,all_test\sadness\train_train_07861_aligned.jpg
sadness,all_test\sadness\train_train_07862_aligned.jpg
sadness,all_test\sadness\train_train_07870_aligned.jpg
sadness,all_test\sadness\train_train_07871_aligned.jpg
sadness,all_test\sadness\train_train_07882_aligned.jpg
sadness,all_test\sadness\train_train_07886_aligned.jpg
sadness,all_test\sadness\train_train_07888_aligned.jpg
sadness,all_test\sadness\train_train_07896_aligned.jpg
sadness,all_test\sadness\train_train_07898_aligned.jpg
sadness,all_test\sadness\train_train_07899_aligned.jpg
sadness,all_test\sadness\train_train_07906_aligned.jpg
sadness,all_test\sadness\train_train_07915_aligned.jpg
sadness,all_test\sadness\train_train_07926_aligned.jpg
sadness,all_test\sadness\train_train_07927_aligned.jpg
sadness,all_test\sadness\train_train_07931_aligned.jpg
sadness,all_test\sadness\train_train_07938_aligned.jpg
sadness,all_test\sadness\train_train_07940_aligned.jpg
sadness,all_test\sadness\train_train_07942_aligned.jpg
sadness,all_test\sadness\train_train_07945_aligned.jpg
sadness,all_test\sadness\train_train_07946_aligned.jpg
sadness,all_test\sadness\train_train_07947_aligned.jpg
sadness,all_test\sadness\train_train_07948_aligned.jpg
sadness,all_test\sadness\train_train_07950_aligned.jpg
sadness,all_test\sadness\train_train_07951_aligned.jpg
sadness,all_test\sadness\train_train_07959_aligned.jpg
sadness,all_test\sadness\train_train_07965_aligned.jpg
sadness,all_test\sadness\train_train_07971_aligned.jpg
sadness,all_test\sadness\train_train_07972_aligned.jpg
sadness,all_test\sadness\train_train_07973_aligned.jpg
sadness,all_test\sadness\train_train_07977_aligned.jpg
sadness,all_test\sadness\train_train_07984_aligned.jpg
sadness,all_test\sadness\train_train_07985_aligned.jpg
sadness,all_test\sadness\train_train_07987_aligned.jpg
sadness,all_test\sadness\train_train_07989_aligned.jpg
sadness,all_test\sadness\train_train_07994_aligned.jpg
sadness,all_test\sadness\train_train_07998_aligned.jpg
sadness,all_test\sadness\train_train_08000_aligned.jpg
sadness,all_test\sadness\train_train_08001_aligned.jpg
sadness,all_test\sadness\train_train_08005_aligned.jpg
sadness,all_test\sadness\train_train_08011_aligned.jpg
sadness,all_test\sadness\train_train_08012_aligned.jpg
sadness,all_test\sadness\train_train_08013_aligned.jpg
sadness,all_test\sadness\train_train_08017_aligned.jpg
sadness,all_test\sadness\train_train_08020_aligned.jpg
sadness,all_test\sadness\train_train_08021_aligned.jpg
sadness,all_test\sadness\train_train_08024_aligned.jpg
sadness,all_test\sadness\train_train_08026_aligned.jpg
sadness,all_test\sadness\train_train_08036_aligned.jpg
sadness,all_test\sadness\train_train_08039_aligned.jpg
sadness,all_test\sadness\train_train_08048_aligned.jpg
sadness,all_test\sadness\train_train_08051_aligned.jpg
sadness,all_test\sadness\train_train_08052_aligned.jpg
sadness,all_test\sadness\train_train_08053_aligned.jpg
sadness,all_test\sadness\train_train_08057_aligned.jpg
sadness,all_test\sadness\train_train_08063_aligned.jpg
sadness,all_test\sadness\train_train_08081_aligned.jpg
sadness,all_test\sadness\train_train_08085_aligned.jpg
sadness,all_test\sadness\train_train_08092_aligned.jpg
sadness,all_test\sadness\train_train_08095_aligned.jpg
sadness,all_test\sadness\train_train_08097_aligned.jpg
sadness,all_test\sadness\train_train_08099_aligned.jpg
sadness,all_test\sadness\train_train_08102_aligned.jpg
sadness,all_test\sadness\train_train_08103_aligned.jpg
sadness,all_test\sadness\train_train_08105_aligned.jpg
sadness,all_test\sadness\train_train_08108_aligned.jpg
sadness,all_test\sadness\train_train_08112_aligned.jpg
sadness,all_test\sadness\train_train_08121_aligned.jpg
sadness,all_test\sadness\train_train_08122_aligned.jpg
sadness,all_test\sadness\train_train_08123_aligned.jpg
sadness,all_test\sadness\train_train_08126_aligned.jpg
sadness,all_test\sadness\train_train_08127_aligned.jpg
sadness,all_test\sadness\train_train_08131_aligned.jpg
sadness,all_test\sadness\train_train_08132_aligned.jpg
sadness,all_test\sadness\train_train_08134_aligned.jpg
sadness,all_test\sadness\train_train_08135_aligned.jpg
sadness,all_test\sadness\train_train_08147_aligned.jpg
sadness,all_test\sadness\train_train_08153_aligned.jpg
sadness,all_test\sadness\train_train_08156_aligned.jpg
sadness,all_test\sadness\train_train_08158_aligned.jpg
sadness,all_test\sadness\train_train_08161_aligned.jpg
sadness,all_test\sadness\train_train_08170_aligned.jpg
sadness,all_test\sadness\train_train_08171_aligned.jpg
sadness,all_test\sadness\train_train_08172_aligned.jpg
sadness,all_test\sadness\train_train_08173_aligned.jpg
sadness,all_test\sadness\train_train_08175_aligned.jpg
sadness,all_test\sadness\train_train_08178_aligned.jpg
sadness,all_test\sadness\train_train_08193_aligned.jpg
sadness,all_test\sadness\train_train_08194_aligned.jpg
sadness,all_test\sadness\train_train_08207_aligned.jpg
sadness,all_test\sadness\train_train_08208_aligned.jpg
sadness,all_test\sadness\train_train_08217_aligned.jpg
sadness,all_test\sadness\train_train_08221_aligned.jpg
sadness,all_test\sadness\train_train_08222_aligned.jpg
sadness,all_test\sadness\train_train_08224_aligned.jpg
sadness,all_test\sadness\train_train_08228_aligned.jpg
sadness,all_test\sadness\train_train_08229_aligned.jpg
sadness,all_test\sadness\train_train_08232_aligned.jpg
sadness,all_test\sadness\train_train_08235_aligned.jpg
sadness,all_test\sadness\train_train_08236_aligned.jpg
sadness,all_test\sadness\train_train_08237_aligned.jpg
sadness,all_test\sadness\train_train_08239_aligned.jpg
sadness,all_test\sadness\train_train_08242_aligned.jpg
sadness,all_test\sadness\train_train_08243_aligned.jpg
sadness,all_test\sadness\train_train_08244_aligned.jpg
sadness,all_test\sadness\train_train_08245_aligned.jpg
sadness,all_test\sadness\train_train_08249_aligned.jpg
sadness,all_test\sadness\train_train_08250_aligned.jpg
sadness,all_test\sadness\train_train_08251_aligned.jpg
sadness,all_test\sadness\train_train_08252_aligned.jpg
sadness,all_test\sadness\train_train_08253_aligned.jpg
sadness,all_test\sadness\train_train_08265_aligned.jpg
sadness,all_test\sadness\train_train_08267_aligned.jpg
sadness,all_test\sadness\train_train_08273_aligned.jpg
sadness,all_test\sadness\train_train_08275_aligned.jpg
sadness,all_test\sadness\train_train_08276_aligned.jpg
sadness,all_test\sadness\train_train_08279_aligned.jpg
sadness,all_test\sadness\train_train_08280_aligned.jpg
sadness,all_test\sadness\train_train_08281_aligned.jpg
sadness,all_test\sadness\train_train_08288_aligned.jpg
sadness,all_test\sadness\train_train_08290_aligned.jpg
sadness,all_test\sadness\train_train_08293_aligned.jpg
sadness,all_test\sadness\train_train_08294_aligned.jpg
sadness,all_test\sadness\train_train_08295_aligned.jpg
sadness,all_test\sadness\train_train_08296_aligned.jpg
sadness,all_test\sadness\train_train_08297_aligned.jpg
sadness,all_test\sadness\train_train_08298_aligned.jpg
sadness,all_test\sadness\train_train_08300_aligned.jpg
sadness,all_test\sadness\train_train_08301_aligned.jpg
sadness,all_test\sadness\train_train_08302_aligned.jpg
sadness,all_test\sadness\train_train_08305_aligned.jpg
sadness,all_test\sadness\train_train_08308_aligned.jpg
sadness,all_test\sadness\train_train_08309_aligned.jpg
sadness,all_test\sadness\train_train_08310_aligned.jpg
sadness,all_test\sadness\train_train_08311_aligned.jpg
sadness,all_test\sadness\train_train_08312_aligned.jpg
sadness,all_test\sadness\train_train_08314_aligned.jpg
sadness,all_test\sadness\train_train_08315_aligned.jpg
sadness,all_test\sadness\train_train_08318_aligned.jpg
sadness,all_test\sadness\train_train_08321_aligned.jpg
sadness,all_test\sadness\train_train_08330_aligned.jpg
sadness,all_test\sadness\train_train_08357_aligned.jpg
sadness,all_test\sadness\train_train_08361_aligned.jpg
sadness,all_test\sadness\train_train_08369_aligned.jpg
sadness,all_test\sadness\train_train_08374_aligned.jpg
sadness,all_test\sadness\train_train_08377_aligned.jpg
sadness,all_test\sadness\train_train_08378_aligned.jpg
sadness,all_test\sadness\train_train_08379_aligned.jpg
sadness,all_test\sadness\train_train_08400_aligned.jpg
sadness,all_test\sadness\train_train_08415_aligned.jpg
sadness,all_test\sadness\train_train_08416_aligned.jpg
sadness,all_test\sadness\train_train_08419_aligned.jpg
sadness,all_test\sadness\train_train_08421_aligned.jpg
sadness,all_test\sadness\train_train_08424_aligned.jpg
sadness,all_test\sadness\train_train_08436_aligned.jpg
sadness,all_test\sadness\train_train_08441_aligned.jpg
sadness,all_test\sadness\train_train_08443_aligned.jpg
sadness,all_test\sadness\train_train_08446_aligned.jpg
sadness,all_test\sadness\train_train_08453_aligned.jpg
sadness,all_test\sadness\train_train_08457_aligned.jpg
sadness,all_test\sadness\train_train_08462_aligned.jpg
sadness,all_test\sadness\train_train_08464_aligned.jpg
sadness,all_test\sadness\train_train_08465_aligned.jpg
sadness,all_test\sadness\train_train_08469_aligned.jpg
sadness,all_test\sadness\train_train_08471_aligned.jpg
sadness,all_test\sadness\train_train_08473_aligned.jpg
sadness,all_test\sadness\train_train_08474_aligned.jpg
sadness,all_test\sadness\train_train_08475_aligned.jpg
sadness,all_test\sadness\train_train_08477_aligned.jpg
sadness,all_test\sadness\train_train_08480_aligned.jpg
sadness,all_test\sadness\train_train_08483_aligned.jpg
sadness,all_test\sadness\train_train_08503_aligned.jpg
sadness,all_test\sadness\train_train_08510_aligned.jpg
sadness,all_test\sadness\train_train_08516_aligned.jpg
sadness,all_test\sadness\train_train_08517_aligned.jpg
sadness,all_test\sadness\train_train_08518_aligned.jpg
sadness,all_test\sadness\train_train_08521_aligned.jpg
sadness,all_test\sadness\train_train_08524_aligned.jpg
sadness,all_test\sadness\train_train_08526_aligned.jpg
sadness,all_test\sadness\train_train_08531_aligned.jpg
sadness,all_test\sadness\train_train_08543_aligned.jpg
sadness,all_test\sadness\train_train_08555_aligned.jpg
sadness,all_test\sadness\train_train_08561_aligned.jpg
sadness,all_test\sadness\train_train_08565_aligned.jpg
sadness,all_test\sadness\train_train_08567_aligned.jpg
sadness,all_test\sadness\train_train_08576_aligned.jpg
sadness,all_test\sadness\train_train_08578_aligned.jpg
sadness,all_test\sadness\train_train_08582_aligned.jpg
sadness,all_test\sadness\train_train_08583_aligned.jpg
sadness,all_test\sadness\train_train_08584_aligned.jpg
sadness,all_test\sadness\train_train_08585_aligned.jpg
sadness,all_test\sadness\train_train_08586_aligned.jpg
sadness,all_test\sadness\train_train_08587_aligned.jpg
sadness,all_test\sadness\train_train_08588_aligned.jpg
sadness,all_test\sadness\train_train_08589_aligned.jpg
sadness,all_test\sadness\train_train_08595_aligned.jpg
sadness,all_test\sadness\train_train_08597_aligned.jpg
sadness,all_test\sadness\train_train_08602_aligned.jpg
sadness,all_test\sadness\train_train_08607_aligned.jpg
sadness,all_test\sadness\train_train_08608_aligned.jpg
sadness,all_test\sadness\train_train_08609_aligned.jpg
sadness,all_test\sadness\train_train_08610_aligned.jpg
sadness,all_test\sadness\train_train_08611_aligned.jpg
sadness,all_test\sadness\train_train_08618_aligned.jpg
sadness,all_test\sadness\train_train_08623_aligned.jpg
sadness,all_test\sadness\train_train_08626_aligned.jpg
sadness,all_test\sadness\train_train_08635_aligned.jpg
sadness,all_test\sadness\train_train_08637_aligned.jpg
sadness,all_test\sadness\train_train_08651_aligned.jpg
sadness,all_test\sadness\train_train_08652_aligned.jpg
sadness,all_test\sadness\train_train_08653_aligned.jpg
sadness,all_test\sadness\train_train_08658_aligned.jpg
sadness,all_test\sadness\train_train_08661_aligned.jpg
sadness,all_test\sadness\train_train_08665_aligned.jpg
sadness,all_test\sadness\train_train_08673_aligned.jpg
sadness,all_test\sadness\train_train_08692_aligned.jpg
sadness,all_test\sadness\train_train_08700_aligned.jpg
sadness,all_test\sadness\train_train_08702_aligned.jpg
sadness,all_test\sadness\train_train_08704_aligned.jpg
sadness,all_test\sadness\train_train_08712_aligned.jpg
sadness,all_test\sadness\train_train_08725_aligned.jpg
sadness,all_test\sadness\train_train_08728_aligned.jpg
sadness,all_test\sadness\train_train_08730_aligned.jpg
sadness,all_test\sadness\train_train_08733_aligned.jpg
sadness,all_test\sadness\train_train_08734_aligned.jpg
sadness,all_test\sadness\train_train_08751_aligned.jpg
sadness,all_test\sadness\train_train_08753_aligned.jpg
sadness,all_test\sadness\train_train_08754_aligned.jpg
sadness,all_test\sadness\train_train_08761_aligned.jpg
sadness,all_test\sadness\train_train_08774_aligned.jpg
sadness,all_test\sadness\train_train_08776_aligned.jpg
sadness,all_test\sadness\train_train_08777_aligned.jpg
sadness,all_test\sadness\train_train_08778_aligned.jpg
sadness,all_test\sadness\train_train_08797_aligned.jpg
sadness,all_test\sadness\train_train_08800_aligned.jpg
sadness,all_test\sadness\train_train_08802_aligned.jpg
sadness,all_test\sadness\train_train_08810_aligned.jpg
sadness,all_test\sadness\train_train_08811_aligned.jpg
sadness,all_test\sadness\train_train_08812_aligned.jpg
sadness,all_test\sadness\train_train_08818_aligned.jpg
sadness,all_test\sadness\train_train_08824_aligned.jpg
sadness,all_test\sadness\train_train_08826_aligned.jpg
sadness,all_test\sadness\train_train_08831_aligned.jpg
sadness,all_test\sadness\train_train_08836_aligned.jpg
sadness,all_test\sadness\train_train_08837_aligned.jpg
sadness,all_test\sadness\train_train_08844_aligned.jpg
sadness,all_test\sadness\train_train_08854_aligned.jpg
sadness,all_test\sadness\train_train_08858_aligned.jpg
sadness,all_test\sadness\train_train_08860_aligned.jpg
sadness,all_test\sadness\train_train_08868_aligned.jpg
sadness,all_test\sadness\train_train_08871_aligned.jpg
sadness,all_test\sadness\train_train_08872_aligned.jpg
sadness,all_test\sadness\train_train_08874_aligned.jpg
sadness,all_test\sadness\train_train_08913_aligned.jpg
sadness,all_test\sadness\train_train_08918_aligned.jpg
sadness,all_test\sadness\train_train_08920_aligned.jpg
sadness,all_test\sadness\train_train_08925_aligned.jpg
sadness,all_test\sadness\train_train_08927_aligned.jpg
sadness,all_test\sadness\train_train_08934_aligned.jpg
sadness,all_test\sadness\train_train_08942_aligned.jpg
sadness,all_test\sadness\train_train_08943_aligned.jpg
sadness,all_test\sadness\train_train_08944_aligned.jpg
sadness,all_test\sadness\train_train_08959_aligned.jpg
sadness,all_test\sadness\train_train_08965_aligned.jpg
sadness,all_test\sadness\train_train_08967_aligned.jpg
sadness,all_test\sadness\train_train_08968_aligned.jpg
sadness,all_test\sadness\train_train_08971_aligned.jpg
sadness,all_test\sadness\train_train_08977_aligned.jpg
sadness,all_test\sadness\train_train_08982_aligned.jpg
sadness,all_test\sadness\train_train_08984_aligned.jpg
sadness,all_test\sadness\train_train_08985_aligned.jpg
sadness,all_test\sadness\train_train_09001_aligned.jpg
sadness,all_test\sadness\train_train_09009_aligned.jpg
sadness,all_test\sadness\train_train_09011_aligned.jpg
sadness,all_test\sadness\train_train_09015_aligned.jpg
sadness,all_test\sadness\train_train_09031_aligned.jpg
sadness,all_test\sadness\train_train_09045_aligned.jpg
sadness,all_test\sadness\train_train_09050_aligned.jpg
sadness,all_test\sadness\train_train_09051_aligned.jpg
sadness,all_test\sadness\train_train_09054_aligned.jpg
sadness,all_test\sadness\train_train_09055_aligned.jpg
sadness,all_test\sadness\train_train_09056_aligned.jpg
sadness,all_test\sadness\train_train_09059_aligned.jpg
sadness,all_test\sadness\train_train_09062_aligned.jpg
sadness,all_test\sadness\train_train_09075_aligned.jpg
sadness,all_test\sadness\train_train_09083_aligned.jpg
sadness,all_test\sadness\train_train_09086_aligned.jpg
sadness,all_test\sadness\train_train_09087_aligned.jpg
sadness,all_test\sadness\train_train_09088_aligned.jpg
sadness,all_test\sadness\train_train_09102_aligned.jpg
sadness,all_test\sadness\train_train_09108_aligned.jpg
sadness,all_test\sadness\train_train_09112_aligned.jpg
sadness,all_test\sadness\train_train_09118_aligned.jpg
sadness,all_test\sadness\train_train_09119_aligned.jpg
sadness,all_test\sadness\train_train_09120_aligned.jpg
sadness,all_test\sadness\train_train_09122_aligned.jpg
sadness,all_test\sadness\train_train_09125_aligned.jpg
sadness,all_test\sadness\train_train_09126_aligned.jpg
sadness,all_test\sadness\train_train_09131_aligned.jpg
sadness,all_test\sadness\train_train_09138_aligned.jpg
sadness,all_test\sadness\train_train_09139_aligned.jpg
sadness,all_test\sadness\train_train_09141_aligned.jpg
sadness,all_test\sadness\train_train_09155_aligned.jpg
sadness,all_test\sadness\train_train_09156_aligned.jpg
surprise,all_test\surprise\test_test_0002_aligned.jpg
surprise,all_test\surprise\test_test_0004_aligned.jpg
surprise,all_test\surprise\test_test_0008_aligned.jpg
surprise,all_test\surprise\test_test_0015_aligned.jpg
surprise,all_test\surprise\test_test_0023_aligned.jpg
surprise,all_test\surprise\test_test_0034_aligned.jpg
surprise,all_test\surprise\test_test_0035_aligned.jpg
surprise,all_test\surprise\test_test_0043_aligned.jpg
surprise,all_test\surprise\test_test_0059_aligned.jpg
surprise,all_test\surprise\test_test_0073_aligned.jpg
surprise,all_test\surprise\test_test_0084_aligned.jpg
surprise,all_test\surprise\test_test_0086_aligned.jpg
surprise,all_test\surprise\test_test_0090_aligned.jpg
surprise,all_test\surprise\test_test_0094_aligned.jpg
surprise,all_test\surprise\test_test_0096_aligned.jpg
surprise,all_test\surprise\test_test_0099_aligned.jpg
surprise,all_test\surprise\test_test_0102_aligned.jpg
surprise,all_test\surprise\test_test_0104_aligned.jpg
surprise,all_test\surprise\test_test_0121_aligned.jpg
surprise,all_test\surprise\test_test_0123_aligned.jpg
surprise,all_test\surprise\test_test_0125_aligned.jpg
surprise,all_test\surprise\test_test_0127_aligned.jpg
surprise,all_test\surprise\test_test_0135_aligned.jpg
surprise,all_test\surprise\test_test_0147_aligned.jpg
surprise,all_test\surprise\test_test_0151_aligned.jpg
surprise,all_test\surprise\test_test_0153_aligned.jpg
surprise,all_test\surprise\test_test_0155_aligned.jpg
surprise,all_test\surprise\test_test_0163_aligned.jpg
surprise,all_test\surprise\test_test_0165_aligned.jpg
surprise,all_test\surprise\test_test_0168_aligned.jpg
surprise,all_test\surprise\test_test_0169_aligned.jpg
surprise,all_test\surprise\test_test_0187_aligned.jpg
surprise,all_test\surprise\test_test_0189_aligned.jpg
surprise,all_test\surprise\test_test_0195_aligned.jpg
surprise,all_test\surprise\test_test_0196_aligned.jpg
surprise,all_test\surprise\test_test_0197_aligned.jpg
surprise,all_test\surprise\test_test_0198_aligned.jpg
surprise,all_test\surprise\test_test_0200_aligned.jpg
surprise,all_test\surprise\test_test_0207_aligned.jpg
surprise,all_test\surprise\test_test_0214_aligned.jpg
surprise,all_test\surprise\test_test_0218_aligned.jpg
surprise,all_test\surprise\test_test_0219_aligned.jpg
surprise,all_test\surprise\test_test_0226_aligned.jpg
surprise,all_test\surprise\test_test_0235_aligned.jpg
surprise,all_test\surprise\test_test_0241_aligned.jpg
surprise,all_test\surprise\test_test_0243_aligned.jpg
surprise,all_test\surprise\test_test_0245_aligned.jpg
surprise,all_test\surprise\test_test_0246_aligned.jpg
surprise,all_test\surprise\test_test_0249_aligned.jpg
surprise,all_test\surprise\test_test_0259_aligned.jpg
surprise,all_test\surprise\test_test_0288_aligned.jpg
surprise,all_test\surprise\test_test_0293_aligned.jpg
surprise,all_test\surprise\test_test_0294_aligned.jpg
surprise,all_test\surprise\test_test_0297_aligned.jpg
surprise,all_test\surprise\test_test_0299_aligned.jpg
surprise,all_test\surprise\test_test_0314_aligned.jpg
surprise,all_test\surprise\test_test_0316_aligned.jpg
surprise,all_test\surprise\test_test_0325_aligned.jpg
surprise,all_test\surprise\test_test_0326_aligned.jpg
surprise,all_test\surprise\test_test_0340_aligned.jpg
surprise,all_test\surprise\test_test_0346_aligned.jpg
surprise,all_test\surprise\test_test_0354_aligned.jpg
surprise,all_test\surprise\test_test_0355_aligned.jpg
surprise,all_test\surprise\test_test_0359_aligned.jpg
surprise,all_test\surprise\test_test_0360_aligned.jpg
surprise,all_test\surprise\test_test_0361_aligned.jpg
surprise,all_test\surprise\test_test_0363_aligned.jpg
surprise,all_test\surprise\test_test_0381_aligned.jpg
surprise,all_test\surprise\test_test_0382_aligned.jpg
surprise,all_test\surprise\test_test_0409_aligned.jpg
surprise,all_test\surprise\test_test_0413_aligned.jpg
surprise,all_test\surprise\test_test_0416_aligned.jpg
surprise,all_test\surprise\test_test_0429_aligned.jpg
surprise,all_test\surprise\test_test_0430_aligned.jpg
surprise,all_test\surprise\test_test_0431_aligned.jpg
surprise,all_test\surprise\test_test_0440_aligned.jpg
surprise,all_test\surprise\test_test_0441_aligned.jpg
surprise,all_test\surprise\test_test_0446_aligned.jpg
surprise,all_test\surprise\test_test_0482_aligned.jpg
surprise,all_test\surprise\test_test_0491_aligned.jpg
surprise,all_test\surprise\test_test_0499_aligned.jpg
surprise,all_test\surprise\test_test_0517_aligned.jpg
surprise,all_test\surprise\test_test_0526_aligned.jpg
surprise,all_test\surprise\test_test_0540_aligned.jpg
surprise,all_test\surprise\test_test_0542_aligned.jpg
surprise,all_test\surprise\test_test_0564_aligned.jpg
surprise,all_test\surprise\test_test_0577_aligned.jpg
surprise,all_test\surprise\test_test_0601_aligned.jpg
surprise,all_test\surprise\test_test_0624_aligned.jpg
surprise,all_test\surprise\test_test_0644_aligned.jpg
surprise,all_test\surprise\test_test_0652_aligned.jpg
surprise,all_test\surprise\test_test_0659_aligned.jpg
surprise,all_test\surprise\test_test_0671_aligned.jpg
surprise,all_test\surprise\test_test_0674_aligned.jpg
surprise,all_test\surprise\test_test_0675_aligned.jpg
surprise,all_test\surprise\test_test_0679_aligned.jpg
surprise,all_test\surprise\test_test_0684_aligned.jpg
surprise,all_test\surprise\test_test_0686_aligned.jpg
surprise,all_test\surprise\test_test_0689_aligned.jpg
surprise,all_test\surprise\test_test_0694_aligned.jpg
surprise,all_test\surprise\test_test_0695_aligned.jpg
surprise,all_test\surprise\test_test_0706_aligned.jpg
surprise,all_test\surprise\test_test_0722_aligned.jpg
surprise,all_test\surprise\test_test_0731_aligned.jpg
surprise,all_test\surprise\test_test_0754_aligned.jpg
surprise,all_test\surprise\test_test_0761_aligned.jpg
surprise,all_test\surprise\test_test_0762_aligned.jpg
surprise,all_test\surprise\test_test_0764_aligned.jpg
surprise,all_test\surprise\test_test_0766_aligned.jpg
surprise,all_test\surprise\test_test_0777_aligned.jpg
surprise,all_test\surprise\test_test_0789_aligned.jpg
surprise,all_test\surprise\test_test_0795_aligned.jpg
surprise,all_test\surprise\test_test_0807_aligned.jpg
surprise,all_test\surprise\test_test_0812_aligned.jpg
surprise,all_test\surprise\test_test_0819_aligned.jpg
surprise,all_test\surprise\test_test_0825_aligned.jpg
surprise,all_test\surprise\test_test_0837_aligned.jpg
surprise,all_test\surprise\test_test_0839_aligned.jpg
surprise,all_test\surprise\test_test_0850_aligned.jpg
surprise,all_test\surprise\test_test_0851_aligned.jpg
surprise,all_test\surprise\test_test_0863_aligned.jpg
surprise,all_test\surprise\test_test_0867_aligned.jpg
surprise,all_test\surprise\test_test_0872_aligned.jpg
surprise,all_test\surprise\test_test_0873_aligned.jpg
surprise,all_test\surprise\test_test_0874_aligned.jpg
surprise,all_test\surprise\test_test_0877_aligned.jpg
surprise,all_test\surprise\test_test_0878_aligned.jpg
surprise,all_test\surprise\test_test_0892_aligned.jpg
surprise,all_test\surprise\test_test_0893_aligned.jpg
surprise,all_test\surprise\test_test_0903_aligned.jpg
surprise,all_test\surprise\test_test_0907_aligned.jpg
surprise,all_test\surprise\test_test_0912_aligned.jpg
surprise,all_test\surprise\test_test_0913_aligned.jpg
surprise,all_test\surprise\test_test_0919_aligned.jpg
surprise,all_test\surprise\test_test_0920_aligned.jpg
surprise,all_test\surprise\test_test_0926_aligned.jpg
surprise,all_test\surprise\test_test_0956_aligned.jpg
surprise,all_test\surprise\test_test_0964_aligned.jpg
surprise,all_test\surprise\test_test_0970_aligned.jpg
surprise,all_test\surprise\test_test_0979_aligned.jpg
surprise,all_test\surprise\test_test_0987_aligned.jpg
surprise,all_test\surprise\test_test_0994_aligned.jpg
surprise,all_test\surprise\test_test_0997_aligned.jpg
surprise,all_test\surprise\test_test_0998_aligned.jpg
surprise,all_test\surprise\test_test_1000_aligned.jpg
surprise,all_test\surprise\test_test_1001_aligned.jpg
surprise,all_test\surprise\test_test_1002_aligned.jpg
surprise,all_test\surprise\test_test_1014_aligned.jpg
surprise,all_test\surprise\test_test_1015_aligned.jpg
surprise,all_test\surprise\test_test_1029_aligned.jpg
surprise,all_test\surprise\test_test_1031_aligned.jpg
surprise,all_test\surprise\test_test_1032_aligned.jpg
surprise,all_test\surprise\test_test_1033_aligned.jpg
surprise,all_test\surprise\test_test_1034_aligned.jpg
surprise,all_test\surprise\test_test_1037_aligned.jpg
surprise,all_test\surprise\test_test_1038_aligned.jpg
surprise,all_test\surprise\test_test_1055_aligned.jpg
surprise,all_test\surprise\test_test_1057_aligned.jpg
surprise,all_test\surprise\test_test_1064_aligned.jpg
surprise,all_test\surprise\test_test_1071_aligned.jpg
surprise,all_test\surprise\test_test_1072_aligned.jpg
surprise,all_test\surprise\test_test_1077_aligned.jpg
surprise,all_test\surprise\test_test_1080_aligned.jpg
surprise,all_test\surprise\test_test_1103_aligned.jpg
surprise,all_test\surprise\test_test_1105_aligned.jpg
surprise,all_test\surprise\test_test_1106_aligned.jpg
surprise,all_test\surprise\test_test_1108_aligned.jpg
surprise,all_test\surprise\test_test_1119_aligned.jpg
surprise,all_test\surprise\test_test_1129_aligned.jpg
surprise,all_test\surprise\test_test_1134_aligned.jpg
surprise,all_test\surprise\test_test_1136_aligned.jpg
surprise,all_test\surprise\test_test_1138_aligned.jpg
surprise,all_test\surprise\test_test_1145_aligned.jpg
surprise,all_test\surprise\test_test_1146_aligned.jpg
surprise,all_test\surprise\test_test_1150_aligned.jpg
surprise,all_test\surprise\test_test_1157_aligned.jpg
surprise,all_test\surprise\test_test_1165_aligned.jpg
surprise,all_test\surprise\test_test_1166_aligned.jpg
surprise,all_test\surprise\test_test_1173_aligned.jpg
surprise,all_test\surprise\test_test_1188_aligned.jpg
surprise,all_test\surprise\test_test_1194_aligned.jpg
surprise,all_test\surprise\test_test_1203_aligned.jpg
surprise,all_test\surprise\test_test_1204_aligned.jpg
surprise,all_test\surprise\test_test_1207_aligned.jpg
surprise,all_test\surprise\test_test_1210_aligned.jpg
surprise,all_test\surprise\test_test_1211_aligned.jpg
surprise,all_test\surprise\test_test_1227_aligned.jpg
surprise,all_test\surprise\test_test_1244_aligned.jpg
surprise,all_test\surprise\test_test_1250_aligned.jpg
surprise,all_test\surprise\test_test_1251_aligned.jpg
surprise,all_test\surprise\test_test_1254_aligned.jpg
surprise,all_test\surprise\test_test_1258_aligned.jpg
surprise,all_test\surprise\test_test_1261_aligned.jpg
surprise,all_test\surprise\test_test_1266_aligned.jpg
surprise,all_test\surprise\test_test_1267_aligned.jpg
surprise,all_test\surprise\test_test_1271_aligned.jpg
surprise,all_test\surprise\test_test_1278_aligned.jpg
surprise,all_test\surprise\test_test_1280_aligned.jpg
surprise,all_test\surprise\test_test_1282_aligned.jpg
surprise,all_test\surprise\test_test_1283_aligned.jpg
surprise,all_test\surprise\test_test_1285_aligned.jpg
surprise,all_test\surprise\test_test_1317_aligned.jpg
surprise,all_test\surprise\test_test_1320_aligned.jpg
surprise,all_test\surprise\test_test_1328_aligned.jpg
surprise,all_test\surprise\test_test_1331_aligned.jpg
surprise,all_test\surprise\test_test_1332_aligned.jpg
surprise,all_test\surprise\test_test_1333_aligned.jpg
surprise,all_test\surprise\test_test_1334_aligned.jpg
surprise,all_test\surprise\test_test_1338_aligned.jpg
surprise,all_test\surprise\test_test_1339_aligned.jpg
surprise,all_test\surprise\test_test_1340_aligned.jpg
surprise,all_test\surprise\test_test_1341_aligned.jpg
surprise,all_test\surprise\test_test_1342_aligned.jpg
surprise,all_test\surprise\test_test_1345_aligned.jpg
surprise,all_test\surprise\test_test_1347_aligned.jpg
surprise,all_test\surprise\test_test_1367_aligned.jpg
surprise,all_test\surprise\test_test_1375_aligned.jpg
surprise,all_test\surprise\test_test_1376_aligned.jpg
surprise,all_test\surprise\test_test_1378_aligned.jpg
surprise,all_test\surprise\test_test_1379_aligned.jpg
surprise,all_test\surprise\test_test_1400_aligned.jpg
surprise,all_test\surprise\test_test_1403_aligned.jpg
surprise,all_test\surprise\test_test_1417_aligned.jpg
surprise,all_test\surprise\test_test_1421_aligned.jpg
surprise,all_test\surprise\test_test_1429_aligned.jpg
surprise,all_test\surprise\test_test_1432_aligned.jpg
surprise,all_test\surprise\test_test_1435_aligned.jpg
surprise,all_test\surprise\test_test_1442_aligned.jpg
surprise,all_test\surprise\test_test_1443_aligned.jpg
surprise,all_test\surprise\test_test_1452_aligned.jpg
surprise,all_test\surprise\test_test_1458_aligned.jpg
surprise,all_test\surprise\test_test_1459_aligned.jpg
surprise,all_test\surprise\test_test_1475_aligned.jpg
surprise,all_test\surprise\test_test_1478_aligned.jpg
surprise,all_test\surprise\test_test_1484_aligned.jpg
surprise,all_test\surprise\test_test_1490_aligned.jpg
surprise,all_test\surprise\test_test_1500_aligned.jpg
surprise,all_test\surprise\test_test_1503_aligned.jpg
surprise,all_test\surprise\test_test_1504_aligned.jpg
surprise,all_test\surprise\test_test_1519_aligned.jpg
surprise,all_test\surprise\test_test_1520_aligned.jpg
surprise,all_test\surprise\test_test_1530_aligned.jpg
surprise,all_test\surprise\test_test_1549_aligned.jpg
surprise,all_test\surprise\test_test_1551_aligned.jpg
surprise,all_test\surprise\test_test_1556_aligned.jpg
surprise,all_test\surprise\test_test_1577_aligned.jpg
surprise,all_test\surprise\test_test_1587_aligned.jpg
surprise,all_test\surprise\test_test_1590_aligned.jpg
surprise,all_test\surprise\test_test_1604_aligned.jpg
surprise,all_test\surprise\test_test_1608_aligned.jpg
surprise,all_test\surprise\test_test_1609_aligned.jpg
surprise,all_test\surprise\test_test_1610_aligned.jpg
surprise,all_test\surprise\test_test_1618_aligned.jpg
surprise,all_test\surprise\test_test_1638_aligned.jpg
surprise,all_test\surprise\test_test_1651_aligned.jpg
surprise,all_test\surprise\test_test_1661_aligned.jpg
surprise,all_test\surprise\test_test_1670_aligned.jpg
surprise,all_test\surprise\test_test_1672_aligned.jpg
surprise,all_test\surprise\test_test_1714_aligned.jpg
surprise,all_test\surprise\test_test_1722_aligned.jpg
surprise,all_test\surprise\test_test_1725_aligned.jpg
surprise,all_test\surprise\test_test_1727_aligned.jpg
surprise,all_test\surprise\test_test_1732_aligned.jpg
surprise,all_test\surprise\test_test_1738_aligned.jpg
surprise,all_test\surprise\test_test_1744_aligned.jpg
surprise,all_test\surprise\test_test_1750_aligned.jpg
surprise,all_test\surprise\test_test_1759_aligned.jpg
surprise,all_test\surprise\test_test_1769_aligned.jpg
surprise,all_test\surprise\test_test_1772_aligned.jpg
surprise,all_test\surprise\test_test_1774_aligned.jpg
surprise,all_test\surprise\test_test_1781_aligned.jpg
surprise,all_test\surprise\test_test_1786_aligned.jpg
surprise,all_test\surprise\test_test_1802_aligned.jpg
surprise,all_test\surprise\test_test_1807_aligned.jpg
surprise,all_test\surprise\test_test_1816_aligned.jpg
surprise,all_test\surprise\test_test_1820_aligned.jpg
surprise,all_test\surprise\test_test_1821_aligned.jpg
surprise,all_test\surprise\test_test_1822_aligned.jpg
surprise,all_test\surprise\test_test_1827_aligned.jpg
surprise,all_test\surprise\test_test_1833_aligned.jpg
surprise,all_test\surprise\test_test_1835_aligned.jpg
surprise,all_test\surprise\test_test_1840_aligned.jpg
surprise,all_test\surprise\test_test_1845_aligned.jpg
surprise,all_test\surprise\test_test_1850_aligned.jpg
surprise,all_test\surprise\test_test_1855_aligned.jpg
surprise,all_test\surprise\test_test_1859_aligned.jpg
surprise,all_test\surprise\test_test_1861_aligned.jpg
surprise,all_test\surprise\test_test_1869_aligned.jpg
surprise,all_test\surprise\test_test_1874_aligned.jpg
surprise,all_test\surprise\test_test_1890_aligned.jpg
surprise,all_test\surprise\test_test_1903_aligned.jpg
surprise,all_test\surprise\test_test_1904_aligned.jpg
surprise,all_test\surprise\test_test_1913_aligned.jpg
surprise,all_test\surprise\test_test_1920_aligned.jpg
surprise,all_test\surprise\test_test_1926_aligned.jpg
surprise,all_test\surprise\test_test_1928_aligned.jpg
surprise,all_test\surprise\test_test_1931_aligned.jpg
surprise,all_test\surprise\test_test_1933_aligned.jpg
surprise,all_test\surprise\test_test_1934_aligned.jpg
surprise,all_test\surprise\test_test_1938_aligned.jpg
surprise,all_test\surprise\test_test_1945_aligned.jpg
surprise,all_test\surprise\test_test_1962_aligned.jpg
surprise,all_test\surprise\test_test_1966_aligned.jpg
surprise,all_test\surprise\test_test_1967_aligned.jpg
surprise,all_test\surprise\test_test_1969_aligned.jpg
surprise,all_test\surprise\test_test_1970_aligned.jpg
surprise,all_test\surprise\test_test_1971_aligned.jpg
surprise,all_test\surprise\test_test_1981_aligned.jpg
surprise,all_test\surprise\test_test_1982_aligned.jpg
surprise,all_test\surprise\test_test_1985_aligned.jpg
surprise,all_test\surprise\test_test_2014_aligned.jpg
surprise,all_test\surprise\test_test_2036_aligned.jpg
surprise,all_test\surprise\test_test_2051_aligned.jpg
surprise,all_test\surprise\test_test_2067_aligned.jpg
surprise,all_test\surprise\test_test_2068_aligned.jpg
surprise,all_test\surprise\test_test_2069_aligned.jpg
surprise,all_test\surprise\test_test_2076_aligned.jpg
surprise,all_test\surprise\test_test_2100_aligned.jpg
surprise,all_test\surprise\test_test_2103_aligned.jpg
surprise,all_test\surprise\test_test_2121_aligned.jpg
surprise,all_test\surprise\test_test_2130_aligned.jpg
surprise,all_test\surprise\test_test_2146_aligned.jpg
surprise,all_test\surprise\test_test_2149_aligned.jpg
surprise,all_test\surprise\test_test_2183_aligned.jpg
surprise,all_test\surprise\test_test_2192_aligned.jpg
surprise,all_test\surprise\test_test_2207_aligned.jpg
surprise,all_test\surprise\test_test_2218_aligned.jpg
surprise,all_test\surprise\test_test_2226_aligned.jpg
surprise,all_test\surprise\test_test_2234_aligned.jpg
surprise,all_test\surprise\train_train_00006_aligned.jpg
surprise,all_test\surprise\train_train_00010_aligned.jpg
surprise,all_test\surprise\train_train_00012_aligned.jpg
surprise,all_test\surprise\train_train_00013_aligned.jpg
surprise,all_test\surprise\train_train_00032_aligned.jpg
surprise,all_test\surprise\train_train_00034_aligned.jpg
surprise,all_test\surprise\train_train_00043_aligned.jpg
surprise,all_test\surprise\train_train_00044_aligned.jpg
surprise,all_test\surprise\train_train_00053_aligned.jpg
surprise,all_test\surprise\train_train_00062_aligned.jpg
surprise,all_test\surprise\train_train_00068_aligned.jpg
surprise,all_test\surprise\train_train_00069_aligned.jpg
surprise,all_test\surprise\train_train_00072_aligned.jpg
surprise,all_test\surprise\train_train_00091_aligned.jpg
surprise,all_test\surprise\train_train_00104_aligned.jpg
surprise,all_test\surprise\train_train_00106_aligned.jpg
surprise,all_test\surprise\train_train_00107_aligned.jpg
surprise,all_test\surprise\train_train_00110_aligned.jpg
surprise,all_test\surprise\train_train_00111_aligned.jpg
surprise,all_test\surprise\train_train_00112_aligned.jpg
surprise,all_test\surprise\train_train_00113_aligned.jpg
surprise,all_test\surprise\train_train_00114_aligned.jpg
surprise,all_test\surprise\train_train_00125_aligned.jpg
surprise,all_test\surprise\train_train_00126_aligned.jpg
surprise,all_test\surprise\train_train_00129_aligned.jpg
surprise,all_test\surprise\train_train_00136_aligned.jpg
surprise,all_test\surprise\train_train_00137_aligned.jpg
surprise,all_test\surprise\train_train_00147_aligned.jpg
surprise,all_test\surprise\train_train_00151_aligned.jpg
surprise,all_test\surprise\train_train_00154_aligned.jpg
surprise,all_test\surprise\train_train_00156_aligned.jpg
surprise,all_test\surprise\train_train_00166_aligned.jpg
surprise,all_test\surprise\train_train_00170_aligned.jpg
surprise,all_test\surprise\train_train_00175_aligned.jpg
surprise,all_test\surprise\train_train_00181_aligned.jpg
surprise,all_test\surprise\train_train_00182_aligned.jpg
surprise,all_test\surprise\train_train_00200_aligned.jpg
surprise,all_test\surprise\train_train_00204_aligned.jpg
surprise,all_test\surprise\train_train_00213_aligned.jpg
surprise,all_test\surprise\train_train_00223_aligned.jpg
surprise,all_test\surprise\train_train_00230_aligned.jpg
surprise,all_test\surprise\train_train_00239_aligned.jpg
surprise,all_test\surprise\train_train_00243_aligned.jpg
surprise,all_test\surprise\train_train_00247_aligned.jpg
surprise,all_test\surprise\train_train_00259_aligned.jpg
surprise,all_test\surprise\train_train_00261_aligned.jpg
surprise,all_test\surprise\train_train_00270_aligned.jpg
surprise,all_test\surprise\train_train_00278_aligned.jpg
surprise,all_test\surprise\train_train_00297_aligned.jpg
surprise,all_test\surprise\train_train_00304_aligned.jpg
surprise,all_test\surprise\train_train_00323_aligned.jpg
surprise,all_test\surprise\train_train_00324_aligned.jpg
surprise,all_test\surprise\train_train_00328_aligned.jpg
surprise,all_test\surprise\train_train_00341_aligned.jpg
surprise,all_test\surprise\train_train_00343_aligned.jpg
surprise,all_test\surprise\train_train_00354_aligned.jpg
surprise,all_test\surprise\train_train_00359_aligned.jpg
surprise,all_test\surprise\train_train_00372_aligned.jpg
surprise,all_test\surprise\train_train_00379_aligned.jpg
surprise,all_test\surprise\train_train_00380_aligned.jpg
surprise,all_test\surprise\train_train_00383_aligned.jpg
surprise,all_test\surprise\train_train_00399_aligned.jpg
surprise,all_test\surprise\train_train_00400_aligned.jpg
surprise,all_test\surprise\train_train_00408_aligned.jpg
surprise,all_test\surprise\train_train_00424_aligned.jpg
surprise,all_test\surprise\train_train_00442_aligned.jpg
surprise,all_test\surprise\train_train_00450_aligned.jpg
surprise,all_test\surprise\train_train_00463_aligned.jpg
surprise,all_test\surprise\train_train_00465_aligned.jpg
surprise,all_test\surprise\train_train_00474_aligned.jpg
surprise,all_test\surprise\train_train_00482_aligned.jpg
surprise,all_test\surprise\train_train_00507_aligned.jpg
surprise,all_test\surprise\train_train_00509_aligned.jpg
surprise,all_test\surprise\train_train_00520_aligned.jpg
surprise,all_test\surprise\train_train_00539_aligned.jpg
surprise,all_test\surprise\train_train_00543_aligned.jpg
surprise,all_test\surprise\train_train_00568_aligned.jpg
surprise,all_test\surprise\train_train_00572_aligned.jpg
surprise,all_test\surprise\train_train_00576_aligned.jpg
surprise,all_test\surprise\train_train_00577_aligned.jpg
surprise,all_test\surprise\train_train_00584_aligned.jpg
surprise,all_test\surprise\train_train_00586_aligned.jpg
surprise,all_test\surprise\train_train_00589_aligned.jpg
surprise,all_test\surprise\train_train_00590_aligned.jpg
surprise,all_test\surprise\train_train_00602_aligned.jpg
surprise,all_test\surprise\train_train_00610_aligned.jpg
surprise,all_test\surprise\train_train_00618_aligned.jpg
surprise,all_test\surprise\train_train_00626_aligned.jpg
surprise,all_test\surprise\train_train_00628_aligned.jpg
surprise,all_test\surprise\train_train_00637_aligned.jpg
surprise,all_test\surprise\train_train_00638_aligned.jpg
surprise,all_test\surprise\train_train_00666_aligned.jpg
surprise,all_test\surprise\train_train_00670_aligned.jpg
surprise,all_test\surprise\train_train_00673_aligned.jpg
surprise,all_test\surprise\train_train_00675_aligned.jpg
surprise,all_test\surprise\train_train_00680_aligned.jpg
surprise,all_test\surprise\train_train_00682_aligned.jpg
surprise,all_test\surprise\train_train_00685_aligned.jpg
surprise,all_test\surprise\train_train_00694_aligned.jpg
surprise,all_test\surprise\train_train_00701_aligned.jpg
surprise,all_test\surprise\train_train_00716_aligned.jpg
surprise,all_test\surprise\train_train_00725_aligned.jpg
surprise,all_test\surprise\train_train_00726_aligned.jpg
surprise,all_test\surprise\train_train_00727_aligned.jpg
surprise,all_test\surprise\train_train_00728_aligned.jpg
surprise,all_test\surprise\train_train_00729_aligned.jpg
surprise,all_test\surprise\train_train_00742_aligned.jpg
surprise,all_test\surprise\train_train_00743_aligned.jpg
surprise,all_test\surprise\train_train_00748_aligned.jpg
surprise,all_test\surprise\train_train_00753_aligned.jpg
surprise,all_test\surprise\train_train_00756_aligned.jpg
surprise,all_test\surprise\train_train_00769_aligned.jpg
surprise,all_test\surprise\train_train_00771_aligned.jpg
surprise,all_test\surprise\train_train_00777_aligned.jpg
surprise,all_test\surprise\train_train_00778_aligned.jpg
surprise,all_test\surprise\train_train_00782_aligned.jpg
surprise,all_test\surprise\train_train_00785_aligned.jpg
surprise,all_test\surprise\train_train_00793_aligned.jpg
surprise,all_test\surprise\train_train_00803_aligned.jpg
surprise,all_test\surprise\train_train_00804_aligned.jpg
surprise,all_test\surprise\train_train_00837_aligned.jpg
surprise,all_test\surprise\train_train_00839_aligned.jpg
surprise,all_test\surprise\train_train_00848_aligned.jpg
surprise,all_test\surprise\train_train_00851_aligned.jpg
surprise,all_test\surprise\train_train_00852_aligned.jpg
surprise,all_test\surprise\train_train_00855_aligned.jpg
surprise,all_test\surprise\train_train_00856_aligned.jpg
surprise,all_test\surprise\train_train_00857_aligned.jpg
surprise,all_test\surprise\train_train_00864_aligned.jpg
surprise,all_test\surprise\train_train_00872_aligned.jpg
surprise,all_test\surprise\train_train_00879_aligned.jpg
surprise,all_test\surprise\train_train_00899_aligned.jpg
surprise,all_test\surprise\train_train_00902_aligned.jpg
surprise,all_test\surprise\train_train_00914_aligned.jpg
surprise,all_test\surprise\train_train_00930_aligned.jpg
surprise,all_test\surprise\train_train_00931_aligned.jpg
surprise,all_test\surprise\train_train_00942_aligned.jpg
surprise,all_test\surprise\train_train_00948_aligned.jpg
surprise,all_test\surprise\train_train_00966_aligned.jpg
surprise,all_test\surprise\train_train_00974_aligned.jpg
surprise,all_test\surprise\train_train_00977_aligned.jpg
surprise,all_test\surprise\train_train_00985_aligned.jpg
surprise,all_test\surprise\train_train_00993_aligned.jpg
surprise,all_test\surprise\train_train_01000_aligned.jpg
surprise,all_test\surprise\train_train_01003_aligned.jpg
surprise,all_test\surprise\train_train_01038_aligned.jpg
surprise,all_test\surprise\train_train_01044_aligned.jpg
surprise,all_test\surprise\train_train_01056_aligned.jpg
surprise,all_test\surprise\train_train_01077_aligned.jpg
surprise,all_test\surprise\train_train_01079_aligned.jpg
surprise,all_test\surprise\train_train_01086_aligned.jpg
surprise,all_test\surprise\train_train_01098_aligned.jpg
surprise,all_test\surprise\train_train_01099_aligned.jpg
surprise,all_test\surprise\train_train_01107_aligned.jpg
surprise,all_test\surprise\train_train_01109_aligned.jpg
surprise,all_test\surprise\train_train_01110_aligned.jpg
surprise,all_test\surprise\train_train_01112_aligned.jpg
surprise,all_test\surprise\train_train_01118_aligned.jpg
surprise,all_test\surprise\train_train_01120_aligned.jpg
surprise,all_test\surprise\train_train_01122_aligned.jpg
surprise,all_test\surprise\train_train_01124_aligned.jpg
surprise,all_test\surprise\train_train_01127_aligned.jpg
surprise,all_test\surprise\train_train_01130_aligned.jpg
surprise,all_test\surprise\train_train_01131_aligned.jpg
surprise,all_test\surprise\train_train_01137_aligned.jpg
surprise,all_test\surprise\train_train_01145_aligned.jpg
surprise,all_test\surprise\train_train_01149_aligned.jpg
surprise,all_test\surprise\train_train_01171_aligned.jpg
surprise,all_test\surprise\train_train_01174_aligned.jpg
surprise,all_test\surprise\train_train_01176_aligned.jpg
surprise,all_test\surprise\train_train_01209_aligned.jpg
surprise,all_test\surprise\train_train_01212_aligned.jpg
surprise,all_test\surprise\train_train_01213_aligned.jpg
surprise,all_test\surprise\train_train_01218_aligned.jpg
surprise,all_test\surprise\train_train_01221_aligned.jpg
surprise,all_test\surprise\train_train_01231_aligned.jpg
surprise,all_test\surprise\train_train_01240_aligned.jpg
surprise,all_test\surprise\train_train_01250_aligned.jpg
surprise,all_test\surprise\train_train_01257_aligned.jpg
surprise,all_test\surprise\train_train_01258_aligned.jpg
surprise,all_test\surprise\train_train_01264_aligned.jpg
surprise,all_test\surprise\train_train_01268_aligned.jpg
surprise,all_test\surprise\train_train_01276_aligned.jpg
surprise,all_test\surprise\train_train_01283_aligned.jpg
surprise,all_test\surprise\train_train_01289_aligned.jpg
surprise,all_test\surprise\train_train_01301_aligned.jpg
surprise,all_test\surprise\train_train_01306_aligned.jpg
surprise,all_test\surprise\train_train_01311_aligned.jpg
surprise,all_test\surprise\train_train_01316_aligned.jpg
surprise,all_test\surprise\train_train_01320_aligned.jpg
surprise,all_test\surprise\train_train_01324_aligned.jpg
surprise,all_test\surprise\train_train_01330_aligned.jpg
surprise,all_test\surprise\train_train_01342_aligned.jpg
surprise,all_test\surprise\train_train_01345_aligned.jpg
surprise,all_test\surprise\train_train_01356_aligned.jpg
surprise,all_test\surprise\train_train_01370_aligned.jpg
surprise,all_test\surprise\train_train_01380_aligned.jpg
surprise,all_test\surprise\train_train_01381_aligned.jpg
surprise,all_test\surprise\train_train_01387_aligned.jpg
surprise,all_test\surprise\train_train_01388_aligned.jpg
surprise,all_test\surprise\train_train_01399_aligned.jpg
surprise,all_test\surprise\train_train_01409_aligned.jpg
surprise,all_test\surprise\train_train_01420_aligned.jpg
surprise,all_test\surprise\train_train_01433_aligned.jpg
surprise,all_test\surprise\train_train_01435_aligned.jpg
surprise,all_test\surprise\train_train_01436_aligned.jpg
surprise,all_test\surprise\train_train_01438_aligned.jpg
surprise,all_test\surprise\train_train_01439_aligned.jpg
surprise,all_test\surprise\train_train_01441_aligned.jpg
surprise,all_test\surprise\train_train_01450_aligned.jpg
surprise,all_test\surprise\train_train_01452_aligned.jpg
surprise,all_test\surprise\train_train_01459_aligned.jpg
surprise,all_test\surprise\train_train_01463_aligned.jpg
surprise,all_test\surprise\train_train_01467_aligned.jpg
surprise,all_test\surprise\train_train_01468_aligned.jpg
surprise,all_test\surprise\train_train_01480_aligned.jpg
surprise,all_test\surprise\train_train_01483_aligned.jpg
surprise,all_test\surprise\train_train_01487_aligned.jpg
surprise,all_test\surprise\train_train_01492_aligned.jpg
surprise,all_test\surprise\train_train_01501_aligned.jpg
surprise,all_test\surprise\train_train_01506_aligned.jpg
surprise,all_test\surprise\train_train_01508_aligned.jpg
surprise,all_test\surprise\train_train_01536_aligned.jpg
surprise,all_test\surprise\train_train_01556_aligned.jpg
surprise,all_test\surprise\train_train_01561_aligned.jpg
surprise,all_test\surprise\train_train_01562_aligned.jpg
surprise,all_test\surprise\train_train_01566_aligned.jpg
surprise,all_test\surprise\train_train_01575_aligned.jpg
surprise,all_test\surprise\train_train_01577_aligned.jpg
surprise,all_test\surprise\train_train_01595_aligned.jpg
surprise,all_test\surprise\train_train_01599_aligned.jpg
surprise,all_test\surprise\train_train_01611_aligned.jpg
surprise,all_test\surprise\train_train_01645_aligned.jpg
surprise,all_test\surprise\train_train_01646_aligned.jpg
surprise,all_test\surprise\train_train_01656_aligned.jpg
surprise,all_test\surprise\train_train_01675_aligned.jpg
surprise,all_test\surprise\train_train_01676_aligned.jpg
surprise,all_test\surprise\train_train_01679_aligned.jpg
surprise,all_test\surprise\train_train_01688_aligned.jpg
surprise,all_test\surprise\train_train_01701_aligned.jpg
surprise,all_test\surprise\train_train_01725_aligned.jpg
surprise,all_test\surprise\train_train_01732_aligned.jpg
surprise,all_test\surprise\train_train_01739_aligned.jpg
surprise,all_test\surprise\train_train_01741_aligned.jpg
surprise,all_test\surprise\train_train_01748_aligned.jpg
surprise,all_test\surprise\train_train_01758_aligned.jpg
surprise,all_test\surprise\train_train_01759_aligned.jpg
surprise,all_test\surprise\train_train_01782_aligned.jpg
surprise,all_test\surprise\train_train_01783_aligned.jpg
surprise,all_test\surprise\train_train_01784_aligned.jpg
surprise,all_test\surprise\train_train_01785_aligned.jpg
surprise,all_test\surprise\train_train_01786_aligned.jpg
surprise,all_test\surprise\train_train_01787_aligned.jpg
surprise,all_test\surprise\train_train_01788_aligned.jpg
surprise,all_test\surprise\train_train_01789_aligned.jpg
surprise,all_test\surprise\train_train_01812_aligned.jpg
surprise,all_test\surprise\train_train_01827_aligned.jpg
surprise,all_test\surprise\train_train_01829_aligned.jpg
surprise,all_test\surprise\train_train_01831_aligned.jpg
surprise,all_test\surprise\train_train_01835_aligned.jpg
surprise,all_test\surprise\train_train_01838_aligned.jpg
surprise,all_test\surprise\train_train_01841_aligned.jpg
surprise,all_test\surprise\train_train_01881_aligned.jpg
surprise,all_test\surprise\train_train_01884_aligned.jpg
surprise,all_test\surprise\train_train_01899_aligned.jpg
surprise,all_test\surprise\train_train_01921_aligned.jpg
surprise,all_test\surprise\train_train_01923_aligned.jpg
surprise,all_test\surprise\train_train_01978_aligned.jpg
surprise,all_test\surprise\train_train_01992_aligned.jpg
surprise,all_test\surprise\train_train_02003_aligned.jpg
surprise,all_test\surprise\train_train_02011_aligned.jpg
surprise,all_test\surprise\train_train_02017_aligned.jpg
surprise,all_test\surprise\train_train_02088_aligned.jpg
surprise,all_test\surprise\train_train_02112_aligned.jpg
surprise,all_test\surprise\train_train_02127_aligned.jpg
surprise,all_test\surprise\train_train_02128_aligned.jpg
surprise,all_test\surprise\train_train_02133_aligned.jpg
surprise,all_test\surprise\train_train_02188_aligned.jpg
surprise,all_test\surprise\train_train_02212_aligned.jpg
surprise,all_test\surprise\train_train_02229_aligned.jpg
surprise,all_test\surprise\train_train_02232_aligned.jpg
surprise,all_test\surprise\train_train_02240_aligned.jpg
surprise,all_test\surprise\train_train_02243_aligned.jpg
surprise,all_test\surprise\train_train_02249_aligned.jpg
surprise,all_test\surprise\train_train_02254_aligned.jpg
surprise,all_test\surprise\train_train_02260_aligned.jpg
surprise,all_test\surprise\train_train_02270_aligned.jpg
surprise,all_test\surprise\train_train_02281_aligned.jpg
surprise,all_test\surprise\train_train_02286_aligned.jpg
surprise,all_test\surprise\train_train_02292_aligned.jpg
surprise,all_test\surprise\train_train_02299_aligned.jpg
surprise,all_test\surprise\train_train_02301_aligned.jpg
surprise,all_test\surprise\train_train_02319_aligned.jpg
surprise,all_test\surprise\train_train_02330_aligned.jpg
surprise,all_test\surprise\train_train_02342_aligned.jpg
surprise,all_test\surprise\train_train_02362_aligned.jpg
surprise,all_test\surprise\train_train_02380_aligned.jpg
surprise,all_test\surprise\train_train_02403_aligned.jpg
surprise,all_test\surprise\train_train_02404_aligned.jpg
surprise,all_test\surprise\train_train_02421_aligned.jpg
surprise,all_test\surprise\train_train_02426_aligned.jpg
surprise,all_test\surprise\train_train_02444_aligned.jpg
surprise,all_test\surprise\train_train_02446_aligned.jpg
surprise,all_test\surprise\train_train_02451_aligned.jpg
surprise,all_test\surprise\train_train_02462_aligned.jpg
surprise,all_test\surprise\train_train_02465_aligned.jpg
surprise,all_test\surprise\train_train_02471_aligned.jpg
surprise,all_test\surprise\train_train_02508_aligned.jpg
surprise,all_test\surprise\train_train_02512_aligned.jpg
surprise,all_test\surprise\train_train_02551_aligned.jpg
surprise,all_test\surprise\train_train_02560_aligned.jpg
surprise,all_test\surprise\train_train_02572_aligned.jpg
surprise,all_test\surprise\train_train_02578_aligned.jpg
surprise,all_test\surprise\train_train_02604_aligned.jpg
surprise,all_test\surprise\train_train_02608_aligned.jpg
surprise,all_test\surprise\train_train_02622_aligned.jpg
surprise,all_test\surprise\train_train_02625_aligned.jpg
surprise,all_test\surprise\train_train_02631_aligned.jpg
surprise,all_test\surprise\train_train_02636_aligned.jpg
surprise,all_test\surprise\train_train_02647_aligned.jpg
surprise,all_test\surprise\train_train_02654_aligned.jpg
surprise,all_test\surprise\train_train_02658_aligned.jpg
surprise,all_test\surprise\train_train_02683_aligned.jpg
surprise,all_test\surprise\train_train_02694_aligned.jpg
surprise,all_test\surprise\train_train_02720_aligned.jpg
surprise,all_test\surprise\train_train_02733_aligned.jpg
surprise,all_test\surprise\train_train_02778_aligned.jpg
surprise,all_test\surprise\train_train_02781_aligned.jpg
surprise,all_test\surprise\train_train_02813_aligned.jpg
surprise,all_test\surprise\train_train_02816_aligned.jpg
surprise,all_test\surprise\train_train_02819_aligned.jpg
surprise,all_test\surprise\train_train_02828_aligned.jpg
surprise,all_test\surprise\train_train_02839_aligned.jpg
surprise,all_test\surprise\train_train_02852_aligned.jpg
surprise,all_test\surprise\train_train_02859_aligned.jpg
surprise,all_test\surprise\train_train_02863_aligned.jpg
surprise,all_test\surprise\train_train_02864_aligned.jpg
surprise,all_test\surprise\train_train_02865_aligned.jpg
surprise,all_test\surprise\train_train_02866_aligned.jpg
surprise,all_test\surprise\train_train_02872_aligned.jpg
surprise,all_test\surprise\train_train_02907_aligned.jpg
surprise,all_test\surprise\train_train_02914_aligned.jpg
surprise,all_test\surprise\train_train_02926_aligned.jpg
surprise,all_test\surprise\train_train_02933_aligned.jpg
surprise,all_test\surprise\train_train_02934_aligned.jpg
surprise,all_test\surprise\train_train_02938_aligned.jpg
surprise,all_test\surprise\train_train_02945_aligned.jpg
surprise,all_test\surprise\train_train_02958_aligned.jpg
surprise,all_test\surprise\train_train_02973_aligned.jpg
surprise,all_test\surprise\train_train_02980_aligned.jpg
surprise,all_test\surprise\train_train_02991_aligned.jpg
surprise,all_test\surprise\train_train_03000_aligned.jpg
surprise,all_test\surprise\train_train_03005_aligned.jpg
surprise,all_test\surprise\train_train_03047_aligned.jpg
surprise,all_test\surprise\train_train_03048_aligned.jpg
surprise,all_test\surprise\train_train_03050_aligned.jpg
surprise,all_test\surprise\train_train_03086_aligned.jpg
surprise,all_test\surprise\train_train_03116_aligned.jpg
surprise,all_test\surprise\train_train_03120_aligned.jpg
surprise,all_test\surprise\train_train_03153_aligned.jpg
surprise,all_test\surprise\train_train_03163_aligned.jpg
surprise,all_test\surprise\train_train_03225_aligned.jpg
surprise,all_test\surprise\train_train_03226_aligned.jpg
surprise,all_test\surprise\train_train_03237_aligned.jpg
surprise,all_test\surprise\train_train_03239_aligned.jpg
surprise,all_test\surprise\train_train_03248_aligned.jpg
surprise,all_test\surprise\train_train_03286_aligned.jpg
surprise,all_test\surprise\train_train_03289_aligned.jpg
surprise,all_test\surprise\train_train_03302_aligned.jpg
surprise,all_test\surprise\train_train_03305_aligned.jpg
surprise,all_test\surprise\train_train_03315_aligned.jpg
surprise,all_test\surprise\train_train_03368_aligned.jpg
surprise,all_test\surprise\train_train_03371_aligned.jpg
surprise,all_test\surprise\train_train_03435_aligned.jpg
surprise,all_test\surprise\train_train_03436_aligned.jpg
surprise,all_test\surprise\train_train_03440_aligned.jpg
surprise,all_test\surprise\train_train_03441_aligned.jpg
surprise,all_test\surprise\train_train_03445_aligned.jpg
surprise,all_test\surprise\train_train_03460_aligned.jpg
surprise,all_test\surprise\train_train_03494_aligned.jpg
surprise,all_test\surprise\train_train_03495_aligned.jpg
surprise,all_test\surprise\train_train_03503_aligned.jpg
surprise,all_test\surprise\train_train_03507_aligned.jpg
surprise,all_test\surprise\train_train_03523_aligned.jpg
surprise,all_test\surprise\train_train_03524_aligned.jpg
surprise,all_test\surprise\train_train_03535_aligned.jpg
surprise,all_test\surprise\train_train_03536_aligned.jpg
surprise,all_test\surprise\train_train_03544_aligned.jpg
surprise,all_test\surprise\train_train_03545_aligned.jpg
surprise,all_test\surprise\train_train_03557_aligned.jpg
surprise,all_test\surprise\train_train_03567_aligned.jpg
surprise,all_test\surprise\train_train_03586_aligned.jpg
surprise,all_test\surprise\train_train_03609_aligned.jpg
surprise,all_test\surprise\train_train_03638_aligned.jpg
surprise,all_test\surprise\train_train_03641_aligned.jpg
surprise,all_test\surprise\train_train_03642_aligned.jpg
surprise,all_test\surprise\train_train_03647_aligned.jpg
surprise,all_test\surprise\train_train_03649_aligned.jpg
surprise,all_test\surprise\train_train_03661_aligned.jpg
surprise,all_test\surprise\train_train_03662_aligned.jpg
surprise,all_test\surprise\train_train_03664_aligned.jpg
surprise,all_test\surprise\train_train_03699_aligned.jpg
surprise,all_test\surprise\train_train_03704_aligned.jpg
surprise,all_test\surprise\train_train_03710_aligned.jpg
surprise,all_test\surprise\train_train_03715_aligned.jpg
surprise,all_test\surprise\train_train_03725_aligned.jpg
surprise,all_test\surprise\train_train_03729_aligned.jpg
surprise,all_test\surprise\train_train_03730_aligned.jpg
surprise,all_test\surprise\train_train_03734_aligned.jpg
surprise,all_test\surprise\train_train_03736_aligned.jpg
surprise,all_test\surprise\train_train_03741_aligned.jpg
surprise,all_test\surprise\train_train_03748_aligned.jpg
surprise,all_test\surprise\train_train_03763_aligned.jpg
surprise,all_test\surprise\train_train_03766_aligned.jpg
surprise,all_test\surprise\train_train_03767_aligned.jpg
surprise,all_test\surprise\train_train_03768_aligned.jpg
surprise,all_test\surprise\train_train_03776_aligned.jpg
surprise,all_test\surprise\train_train_03778_aligned.jpg
surprise,all_test\surprise\train_train_03790_aligned.jpg
surprise,all_test\surprise\train_train_03796_aligned.jpg
surprise,all_test\surprise\train_train_03799_aligned.jpg
surprise,all_test\surprise\train_train_03808_aligned.jpg
surprise,all_test\surprise\train_train_03818_aligned.jpg
surprise,all_test\surprise\train_train_03819_aligned.jpg
surprise,all_test\surprise\train_train_03821_aligned.jpg
surprise,all_test\surprise\train_train_03822_aligned.jpg
surprise,all_test\surprise\train_train_03838_aligned.jpg
surprise,all_test\surprise\train_train_03843_aligned.jpg
surprise,all_test\surprise\train_train_03851_aligned.jpg
surprise,all_test\surprise\train_train_03853_aligned.jpg
surprise,all_test\surprise\train_train_03866_aligned.jpg
surprise,all_test\surprise\train_train_03875_aligned.jpg
surprise,all_test\surprise\train_train_03877_aligned.jpg
surprise,all_test\surprise\train_train_03888_aligned.jpg
surprise,all_test\surprise\train_train_03897_aligned.jpg
surprise,all_test\surprise\train_train_03902_aligned.jpg
surprise,all_test\surprise\train_train_03903_aligned.jpg
surprise,all_test\surprise\train_train_03914_aligned.jpg
surprise,all_test\surprise\train_train_03922_aligned.jpg
surprise,all_test\surprise\train_train_03923_aligned.jpg
surprise,all_test\surprise\train_train_03924_aligned.jpg
surprise,all_test\surprise\train_train_03925_aligned.jpg
surprise,all_test\surprise\train_train_03926_aligned.jpg
surprise,all_test\surprise\train_train_03927_aligned.jpg
surprise,all_test\surprise\train_train_03930_aligned.jpg
surprise,all_test\surprise\train_train_03935_aligned.jpg
surprise,all_test\surprise\train_train_03938_aligned.jpg
surprise,all_test\surprise\train_train_03960_aligned.jpg
surprise,all_test\surprise\train_train_03961_aligned.jpg
surprise,all_test\surprise\train_train_03966_aligned.jpg
surprise,all_test\surprise\train_train_03967_aligned.jpg
surprise,all_test\surprise\train_train_03968_aligned.jpg
surprise,all_test\surprise\train_train_03969_aligned.jpg
surprise,all_test\surprise\train_train_03975_aligned.jpg
surprise,all_test\surprise\train_train_03984_aligned.jpg
surprise,all_test\surprise\train_train_03988_aligned.jpg
surprise,all_test\surprise\train_train_03996_aligned.jpg
surprise,all_test\surprise\train_train_03999_aligned.jpg
surprise,all_test\surprise\train_train_04003_aligned.jpg
surprise,all_test\surprise\train_train_04008_aligned.jpg
surprise,all_test\surprise\train_train_04014_aligned.jpg
surprise,all_test\surprise\train_train_04017_aligned.jpg
surprise,all_test\surprise\train_train_04025_aligned.jpg
surprise,all_test\surprise\train_train_04033_aligned.jpg
surprise,all_test\surprise\train_train_04044_aligned.jpg
surprise,all_test\surprise\train_train_04047_aligned.jpg
surprise,all_test\surprise\train_train_04054_aligned.jpg
surprise,all_test\surprise\train_train_04055_aligned.jpg
surprise,all_test\surprise\train_train_04058_aligned.jpg
surprise,all_test\surprise\train_train_04061_aligned.jpg
surprise,all_test\surprise\train_train_04062_aligned.jpg
surprise,all_test\surprise\train_train_04067_aligned.jpg
surprise,all_test\surprise\train_train_04075_aligned.jpg
surprise,all_test\surprise\train_train_04080_aligned.jpg
surprise,all_test\surprise\train_train_04092_aligned.jpg
surprise,all_test\surprise\train_train_04096_aligned.jpg
surprise,all_test\surprise\train_train_04098_aligned.jpg
surprise,all_test\surprise\train_train_04099_aligned.jpg
surprise,all_test\surprise\train_train_04101_aligned.jpg
surprise,all_test\surprise\train_train_04107_aligned.jpg
surprise,all_test\surprise\train_train_04108_aligned.jpg
surprise,all_test\surprise\train_train_04112_aligned.jpg
surprise,all_test\surprise\train_train_04122_aligned.jpg
surprise,all_test\surprise\train_train_04128_aligned.jpg
surprise,all_test\surprise\train_train_04131_aligned.jpg
surprise,all_test\surprise\train_train_04134_aligned.jpg
surprise,all_test\surprise\train_train_04139_aligned.jpg
surprise,all_test\surprise\train_train_04146_aligned.jpg
surprise,all_test\surprise\train_train_04155_aligned.jpg
surprise,all_test\surprise\train_train_04168_aligned.jpg
surprise,all_test\surprise\train_train_04186_aligned.jpg
surprise,all_test\surprise\train_train_04198_aligned.jpg
surprise,all_test\surprise\train_train_04206_aligned.jpg
surprise,all_test\surprise\train_train_04213_aligned.jpg
surprise,all_test\surprise\train_train_04214_aligned.jpg
surprise,all_test\surprise\train_train_04217_aligned.jpg
surprise,all_test\surprise\train_train_04220_aligned.jpg
surprise,all_test\surprise\train_train_04225_aligned.jpg
surprise,all_test\surprise\train_train_04229_aligned.jpg
surprise,all_test\surprise\train_train_04236_aligned.jpg
surprise,all_test\surprise\train_train_04245_aligned.jpg
surprise,all_test\surprise\train_train_04248_aligned.jpg
surprise,all_test\surprise\train_train_04250_aligned.jpg
surprise,all_test\surprise\train_train_04251_aligned.jpg
surprise,all_test\surprise\train_train_04253_aligned.jpg
surprise,all_test\surprise\train_train_04262_aligned.jpg
surprise,all_test\surprise\train_train_04272_aligned.jpg
surprise,all_test\surprise\train_train_04273_aligned.jpg
surprise,all_test\surprise\train_train_04275_aligned.jpg
surprise,all_test\surprise\train_train_04284_aligned.jpg
surprise,all_test\surprise\train_train_04285_aligned.jpg
surprise,all_test\surprise\train_train_04289_aligned.jpg
surprise,all_test\surprise\train_train_04295_aligned.jpg
surprise,all_test\surprise\train_train_04302_aligned.jpg
surprise,all_test\surprise\train_train_04304_aligned.jpg
surprise,all_test\surprise\train_train_04314_aligned.jpg
surprise,all_test\surprise\train_train_04319_aligned.jpg
surprise,all_test\surprise\train_train_04322_aligned.jpg
surprise,all_test\surprise\train_train_04323_aligned.jpg
surprise,all_test\surprise\train_train_04325_aligned.jpg
surprise,all_test\surprise\train_train_04326_aligned.jpg
surprise,all_test\surprise\train_train_04331_aligned.jpg
surprise,all_test\surprise\train_train_04345_aligned.jpg
surprise,all_test\surprise\train_train_04346_aligned.jpg
surprise,all_test\surprise\train_train_04349_aligned.jpg
surprise,all_test\surprise\train_train_04356_aligned.jpg
surprise,all_test\surprise\train_train_04357_aligned.jpg
surprise,all_test\surprise\train_train_04358_aligned.jpg
surprise,all_test\surprise\train_train_04359_aligned.jpg
surprise,all_test\surprise\train_train_04374_aligned.jpg
surprise,all_test\surprise\train_train_04379_aligned.jpg
surprise,all_test\surprise\train_train_04388_aligned.jpg
surprise,all_test\surprise\train_train_04395_aligned.jpg
surprise,all_test\surprise\train_train_04396_aligned.jpg
surprise,all_test\surprise\train_train_04397_aligned.jpg
surprise,all_test\surprise\train_train_04399_aligned.jpg
surprise,all_test\surprise\train_train_04408_aligned.jpg
surprise,all_test\surprise\train_train_04409_aligned.jpg
surprise,all_test\surprise\train_train_04411_aligned.jpg
surprise,all_test\surprise\train_train_04414_aligned.jpg
surprise,all_test\surprise\train_train_04415_aligned.jpg
surprise,all_test\surprise\train_train_04419_aligned.jpg
surprise,all_test\surprise\train_train_04423_aligned.jpg
surprise,all_test\surprise\train_train_04426_aligned.jpg
surprise,all_test\surprise\train_train_04430_aligned.jpg
surprise,all_test\surprise\train_train_04439_aligned.jpg
surprise,all_test\surprise\train_train_04444_aligned.jpg
surprise,all_test\surprise\train_train_04447_aligned.jpg
surprise,all_test\surprise\train_train_04458_aligned.jpg
surprise,all_test\surprise\train_train_04463_aligned.jpg
surprise,all_test\surprise\train_train_04464_aligned.jpg
surprise,all_test\surprise\train_train_04500_aligned.jpg
surprise,all_test\surprise\train_train_04503_aligned.jpg
surprise,all_test\surprise\train_train_04507_aligned.jpg
surprise,all_test\surprise\train_train_04510_aligned.jpg
surprise,all_test\surprise\train_train_04512_aligned.jpg
surprise,all_test\surprise\train_train_04513_aligned.jpg
surprise,all_test\surprise\train_train_04517_aligned.jpg
surprise,all_test\surprise\train_train_04527_aligned.jpg
surprise,all_test\surprise\train_train_04528_aligned.jpg
surprise,all_test\surprise\train_train_04530_aligned.jpg
surprise,all_test\surprise\train_train_04537_aligned.jpg
surprise,all_test\surprise\train_train_04543_aligned.jpg
surprise,all_test\surprise\train_train_04550_aligned.jpg
surprise,all_test\surprise\train_train_04553_aligned.jpg
surprise,all_test\surprise\train_train_04554_aligned.jpg
surprise,all_test\surprise\train_train_04559_aligned.jpg
surprise,all_test\surprise\train_train_04563_aligned.jpg
surprise,all_test\surprise\train_train_04572_aligned.jpg
surprise,all_test\surprise\train_train_04592_aligned.jpg
surprise,all_test\surprise\train_train_04601_aligned.jpg
surprise,all_test\surprise\train_train_04604_aligned.jpg
surprise,all_test\surprise\train_train_04626_aligned.jpg
surprise,all_test\surprise\train_train_04637_aligned.jpg
surprise,all_test\surprise\train_train_04642_aligned.jpg
surprise,all_test\surprise\train_train_04651_aligned.jpg
surprise,all_test\surprise\train_train_04659_aligned.jpg
surprise,all_test\surprise\train_train_04667_aligned.jpg
surprise,all_test\surprise\train_train_04677_aligned.jpg
surprise,all_test\surprise\train_train_04678_aligned.jpg
surprise,all_test\surprise\train_train_04680_aligned.jpg
surprise,all_test\surprise\train_train_04684_aligned.jpg
surprise,all_test\surprise\train_train_04686_aligned.jpg
surprise,all_test\surprise\train_train_04689_aligned.jpg
surprise,all_test\surprise\train_train_04696_aligned.jpg
surprise,all_test\surprise\train_train_04698_aligned.jpg
surprise,all_test\surprise\train_train_04699_aligned.jpg
surprise,all_test\surprise\train_train_04722_aligned.jpg
surprise,all_test\surprise\train_train_04723_aligned.jpg
surprise,all_test\surprise\train_train_04737_aligned.jpg
surprise,all_test\surprise\train_train_04746_aligned.jpg
surprise,all_test\surprise\train_train_04755_aligned.jpg
surprise,all_test\surprise\train_train_04757_aligned.jpg
surprise,all_test\surprise\train_train_04768_aligned.jpg
surprise,all_test\surprise\train_train_04771_aligned.jpg
surprise,all_test\surprise\train_train_04775_aligned.jpg
surprise,all_test\surprise\train_train_04802_aligned.jpg
surprise,all_test\surprise\train_train_04805_aligned.jpg
surprise,all_test\surprise\train_train_04826_aligned.jpg
surprise,all_test\surprise\train_train_04834_aligned.jpg
surprise,all_test\surprise\train_train_04841_aligned.jpg
surprise,all_test\surprise\train_train_04842_aligned.jpg
surprise,all_test\surprise\train_train_04843_aligned.jpg
surprise,all_test\surprise\train_train_04850_aligned.jpg
surprise,all_test\surprise\train_train_04861_aligned.jpg
surprise,all_test\surprise\train_train_04882_aligned.jpg
surprise,all_test\surprise\train_train_04891_aligned.jpg
surprise,all_test\surprise\train_train_04894_aligned.jpg
surprise,all_test\surprise\train_train_04896_aligned.jpg
surprise,all_test\surprise\train_train_04905_aligned.jpg
surprise,all_test\surprise\train_train_04922_aligned.jpg
surprise,all_test\surprise\train_train_04927_aligned.jpg
surprise,all_test\surprise\train_train_04935_aligned.jpg
surprise,all_test\surprise\train_train_04939_aligned.jpg
surprise,all_test\surprise\train_train_04942_aligned.jpg
surprise,all_test\surprise\train_train_04946_aligned.jpg
surprise,all_test\surprise\train_train_04950_aligned.jpg
surprise,all_test\surprise\train_train_04951_aligned.jpg
surprise,all_test\surprise\train_train_04961_aligned.jpg
surprise,all_test\surprise\train_train_04962_aligned.jpg
surprise,all_test\surprise\train_train_04964_aligned.jpg
surprise,all_test\surprise\train_train_04972_aligned.jpg
surprise,all_test\surprise\train_train_04996_aligned.jpg
surprise,all_test\surprise\train_train_05002_aligned.jpg
surprise,all_test\surprise\train_train_05005_aligned.jpg
surprise,all_test\surprise\train_train_05007_aligned.jpg
surprise,all_test\surprise\train_train_05009_aligned.jpg
surprise,all_test\surprise\train_train_05010_aligned.jpg
surprise,all_test\surprise\train_train_05012_aligned.jpg
surprise,all_test\surprise\train_train_05013_aligned.jpg
surprise,all_test\surprise\train_train_05014_aligned.jpg
surprise,all_test\surprise\train_train_05017_aligned.jpg
surprise,all_test\surprise\train_train_05019_aligned.jpg
surprise,all_test\surprise\train_train_05020_aligned.jpg
surprise,all_test\surprise\train_train_05023_aligned.jpg
surprise,all_test\surprise\train_train_05032_aligned.jpg
surprise,all_test\surprise\train_train_05035_aligned.jpg
surprise,all_test\surprise\train_train_05037_aligned.jpg
surprise,all_test\surprise\train_train_05039_aligned.jpg
surprise,all_test\surprise\train_train_05047_aligned.jpg
surprise,all_test\surprise\train_train_05051_aligned.jpg
surprise,all_test\surprise\train_train_05055_aligned.jpg
surprise,all_test\surprise\train_train_05057_aligned.jpg
surprise,all_test\surprise\train_train_05062_aligned.jpg
surprise,all_test\surprise\train_train_05065_aligned.jpg
surprise,all_test\surprise\train_train_05074_aligned.jpg
surprise,all_test\surprise\train_train_05084_aligned.jpg
surprise,all_test\surprise\train_train_05089_aligned.jpg
surprise,all_test\surprise\train_train_05090_aligned.jpg
surprise,all_test\surprise\train_train_05092_aligned.jpg
surprise,all_test\surprise\train_train_05108_aligned.jpg
surprise,all_test\surprise\train_train_05109_aligned.jpg
surprise,all_test\surprise\train_train_05116_aligned.jpg
surprise,all_test\surprise\train_train_05118_aligned.jpg
surprise,all_test\surprise\train_train_05120_aligned.jpg
surprise,all_test\surprise\train_train_05129_aligned.jpg
surprise,all_test\surprise\train_train_05144_aligned.jpg
surprise,all_test\surprise\train_train_05145_aligned.jpg
surprise,all_test\surprise\train_train_05157_aligned.jpg
surprise,all_test\surprise\train_train_05160_aligned.jpg
surprise,all_test\surprise\train_train_05167_aligned.jpg
surprise,all_test\surprise\train_train_05169_aligned.jpg
surprise,all_test\surprise\train_train_05178_aligned.jpg
surprise,all_test\surprise\train_train_05179_aligned.jpg
surprise,all_test\surprise\train_train_05181_aligned.jpg
surprise,all_test\surprise\train_train_05182_aligned.jpg
surprise,all_test\surprise\train_train_05185_aligned.jpg
surprise,all_test\surprise\train_train_05193_aligned.jpg
surprise,all_test\surprise\train_train_05201_aligned.jpg
surprise,all_test\surprise\train_train_05202_aligned.jpg
surprise,all_test\surprise\train_train_05212_aligned.jpg
surprise,all_test\surprise\train_train_05213_aligned.jpg
surprise,all_test\surprise\train_train_05226_aligned.jpg
surprise,all_test\surprise\train_train_05228_aligned.jpg
surprise,all_test\surprise\train_train_05234_aligned.jpg
surprise,all_test\surprise\train_train_05237_aligned.jpg
surprise,all_test\surprise\train_train_05239_aligned.jpg
surprise,all_test\surprise\train_train_05269_aligned.jpg
surprise,all_test\surprise\train_train_05272_aligned.jpg
surprise,all_test\surprise\train_train_05277_aligned.jpg
surprise,all_test\surprise\train_train_05279_aligned.jpg
surprise,all_test\surprise\train_train_05283_aligned.jpg
surprise,all_test\surprise\train_train_05293_aligned.jpg
surprise,all_test\surprise\train_train_05294_aligned.jpg
surprise,all_test\surprise\train_train_05295_aligned.jpg
surprise,all_test\surprise\train_train_05297_aligned.jpg
surprise,all_test\surprise\train_train_05301_aligned.jpg
surprise,all_test\surprise\train_train_05303_aligned.jpg
surprise,all_test\surprise\train_train_05332_aligned.jpg
surprise,all_test\surprise\train_train_05335_aligned.jpg
surprise,all_test\surprise\train_train_05343_aligned.jpg
surprise,all_test\surprise\train_train_05344_aligned.jpg
surprise,all_test\surprise\train_train_05348_aligned.jpg
surprise,all_test\surprise\train_train_05349_aligned.jpg
surprise,all_test\surprise\train_train_05351_aligned.jpg
surprise,all_test\surprise\train_train_05354_aligned.jpg
surprise,all_test\surprise\train_train_05355_aligned.jpg
surprise,all_test\surprise\train_train_05364_aligned.jpg
surprise,all_test\surprise\train_train_05365_aligned.jpg
surprise,all_test\surprise\train_train_05372_aligned.jpg
surprise,all_test\surprise\train_train_05380_aligned.jpg
surprise,all_test\surprise\train_train_05383_aligned.jpg
surprise,all_test\surprise\train_train_05387_aligned.jpg
surprise,all_test\surprise\train_train_05390_aligned.jpg
surprise,all_test\surprise\train_train_05391_aligned.jpg
surprise,all_test\surprise\train_train_05417_aligned.jpg
surprise,all_test\surprise\train_train_05423_aligned.jpg
surprise,all_test\surprise\train_train_05432_aligned.jpg
surprise,all_test\surprise\train_train_05434_aligned.jpg
surprise,all_test\surprise\train_train_05439_aligned.jpg
surprise,all_test\surprise\train_train_05440_aligned.jpg
surprise,all_test\surprise\train_train_05441_aligned.jpg
surprise,all_test\surprise\train_train_05451_aligned.jpg
surprise,all_test\surprise\train_train_05452_aligned.jpg
surprise,all_test\surprise\train_train_05456_aligned.jpg
surprise,all_test\surprise\train_train_05458_aligned.jpg
surprise,all_test\surprise\train_train_05459_aligned.jpg
surprise,all_test\surprise\train_train_05462_aligned.jpg
surprise,all_test\surprise\train_train_05464_aligned.jpg
surprise,all_test\surprise\train_train_05473_aligned.jpg
surprise,all_test\surprise\train_train_05474_aligned.jpg
surprise,all_test\surprise\train_train_05475_aligned.jpg
surprise,all_test\surprise\train_train_05486_aligned.jpg
surprise,all_test\surprise\train_train_05492_aligned.jpg
surprise,all_test\surprise\train_train_05495_aligned.jpg
surprise,all_test\surprise\train_train_05499_aligned.jpg
surprise,all_test\surprise\train_train_05506_aligned.jpg
surprise,all_test\surprise\train_train_05523_aligned.jpg
surprise,all_test\surprise\train_train_05526_aligned.jpg
surprise,all_test\surprise\train_train_05539_aligned.jpg
surprise,all_test\surprise\train_train_05540_aligned.jpg
surprise,all_test\surprise\train_train_05547_aligned.jpg
surprise,all_test\surprise\train_train_05555_aligned.jpg
surprise,all_test\surprise\train_train_05569_aligned.jpg
surprise,all_test\surprise\train_train_05576_aligned.jpg
surprise,all_test\surprise\train_train_05585_aligned.jpg
surprise,all_test\surprise\train_train_05589_aligned.jpg
surprise,all_test\surprise\train_train_05592_aligned.jpg
surprise,all_test\surprise\train_train_05593_aligned.jpg
surprise,all_test\surprise\train_train_05608_aligned.jpg
surprise,all_test\surprise\train_train_05610_aligned.jpg
surprise,all_test\surprise\train_train_05615_aligned.jpg
surprise,all_test\surprise\train_train_05619_aligned.jpg
surprise,all_test\surprise\train_train_05620_aligned.jpg
surprise,all_test\surprise\train_train_05623_aligned.jpg
surprise,all_test\surprise\train_train_05632_aligned.jpg
surprise,all_test\surprise\train_train_05637_aligned.jpg
surprise,all_test\surprise\train_train_05653_aligned.jpg
surprise,all_test\surprise\train_train_05662_aligned.jpg
surprise,all_test\surprise\train_train_05663_aligned.jpg
surprise,all_test\surprise\train_train_05674_aligned.jpg
surprise,all_test\surprise\train_train_05677_aligned.jpg
surprise,all_test\surprise\train_train_05683_aligned.jpg
surprise,all_test\surprise\train_train_05690_aligned.jpg
surprise,all_test\surprise\train_train_05694_aligned.jpg
surprise,all_test\surprise\train_train_05697_aligned.jpg
surprise,all_test\surprise\train_train_05708_aligned.jpg
surprise,all_test\surprise\train_train_05709_aligned.jpg
surprise,all_test\surprise\train_train_05710_aligned.jpg
surprise,all_test\surprise\train_train_05735_aligned.jpg
surprise,all_test\surprise\train_train_05739_aligned.jpg
surprise,all_test\surprise\train_train_05747_aligned.jpg
surprise,all_test\surprise\train_train_05760_aligned.jpg
surprise,all_test\surprise\train_train_05768_aligned.jpg
surprise,all_test\surprise\train_train_05769_aligned.jpg
surprise,all_test\surprise\train_train_05770_aligned.jpg
surprise,all_test\surprise\train_train_05778_aligned.jpg
surprise,all_test\surprise\train_train_05782_aligned.jpg
surprise,all_test\surprise\train_train_05792_aligned.jpg
surprise,all_test\surprise\train_train_05797_aligned.jpg
surprise,all_test\surprise\train_train_05802_aligned.jpg
surprise,all_test\surprise\train_train_05804_aligned.jpg
surprise,all_test\surprise\train_train_05820_aligned.jpg
surprise,all_test\surprise\train_train_05821_aligned.jpg
surprise,all_test\surprise\train_train_05823_aligned.jpg
surprise,all_test\surprise\train_train_05824_aligned.jpg
surprise,all_test\surprise\train_train_05847_aligned.jpg
surprise,all_test\surprise\train_train_05848_aligned.jpg
surprise,all_test\surprise\train_train_05857_aligned.jpg
surprise,all_test\surprise\train_train_05867_aligned.jpg
surprise,all_test\surprise\train_train_05869_aligned.jpg
surprise,all_test\surprise\train_train_05880_aligned.jpg
surprise,all_test\surprise\train_train_05886_aligned.jpg
surprise,all_test\surprise\train_train_05905_aligned.jpg
surprise,all_test\surprise\train_train_05906_aligned.jpg
surprise,all_test\surprise\train_train_05917_aligned.jpg
surprise,all_test\surprise\train_train_05923_aligned.jpg
surprise,all_test\surprise\train_train_05943_aligned.jpg
surprise,all_test\surprise\train_train_05948_aligned.jpg
surprise,all_test\surprise\train_train_05955_aligned.jpg
surprise,all_test\surprise\train_train_05959_aligned.jpg
surprise,all_test\surprise\train_train_05965_aligned.jpg
surprise,all_test\surprise\train_train_05969_aligned.jpg
surprise,all_test\surprise\train_train_05977_aligned.jpg
surprise,all_test\surprise\train_train_05981_aligned.jpg
surprise,all_test\surprise\train_train_05983_aligned.jpg
surprise,all_test\surprise\train_train_05984_aligned.jpg
surprise,all_test\surprise\train_train_05987_aligned.jpg
surprise,all_test\surprise\train_train_06000_aligned.jpg
surprise,all_test\surprise\train_train_06004_aligned.jpg
surprise,all_test\surprise\train_train_06010_aligned.jpg
surprise,all_test\surprise\train_train_06011_aligned.jpg
surprise,all_test\surprise\train_train_06019_aligned.jpg
surprise,all_test\surprise\train_train_06021_aligned.jpg
surprise,all_test\surprise\train_train_06028_aligned.jpg
surprise,all_test\surprise\train_train_06030_aligned.jpg
surprise,all_test\surprise\train_train_06032_aligned.jpg
surprise,all_test\surprise\train_train_06033_aligned.jpg
surprise,all_test\surprise\train_train_06034_aligned.jpg
surprise,all_test\surprise\train_train_06036_aligned.jpg
surprise,all_test\surprise\train_train_06037_aligned.jpg
surprise,all_test\surprise\train_train_06038_aligned.jpg
surprise,all_test\surprise\train_train_06039_aligned.jpg
surprise,all_test\surprise\train_train_06050_aligned.jpg
surprise,all_test\surprise\train_train_06054_aligned.jpg
surprise,all_test\surprise\train_train_06060_aligned.jpg
surprise,all_test\surprise\train_train_06068_aligned.jpg
surprise,all_test\surprise\train_train_06076_aligned.jpg
surprise,all_test\surprise\train_train_06090_aligned.jpg
surprise,all_test\surprise\train_train_06096_aligned.jpg
surprise,all_test\surprise\train_train_06105_aligned.jpg
surprise,all_test\surprise\train_train_06107_aligned.jpg
surprise,all_test\surprise\train_train_06114_aligned.jpg
surprise,all_test\surprise\train_train_06122_aligned.jpg
surprise,all_test\surprise\train_train_06132_aligned.jpg
surprise,all_test\surprise\train_train_06133_aligned.jpg
surprise,all_test\surprise\train_train_06134_aligned.jpg
surprise,all_test\surprise\train_train_06135_aligned.jpg
surprise,all_test\surprise\train_train_06139_aligned.jpg
surprise,all_test\surprise\train_train_06143_aligned.jpg
surprise,all_test\surprise\train_train_06146_aligned.jpg
surprise,all_test\surprise\train_train_06147_aligned.jpg
surprise,all_test\surprise\train_train_06151_aligned.jpg
surprise,all_test\surprise\train_train_06158_aligned.jpg
surprise,all_test\surprise\train_train_06167_aligned.jpg
surprise,all_test\surprise\train_train_06189_aligned.jpg
surprise,all_test\surprise\train_train_06203_aligned.jpg
surprise,all_test\surprise\train_train_06209_aligned.jpg
surprise,all_test\surprise\train_train_06212_aligned.jpg
surprise,all_test\surprise\train_train_06228_aligned.jpg
surprise,all_test\surprise\train_train_06236_aligned.jpg
surprise,all_test\surprise\train_train_06242_aligned.jpg
surprise,all_test\surprise\train_train_06243_aligned.jpg
surprise,all_test\surprise\train_train_06244_aligned.jpg
surprise,all_test\surprise\train_train_06259_aligned.jpg
surprise,all_test\surprise\train_train_06261_aligned.jpg
surprise,all_test\surprise\train_train_06275_aligned.jpg
surprise,all_test\surprise\train_train_06281_aligned.jpg
surprise,all_test\surprise\train_train_06289_aligned.jpg
surprise,all_test\surprise\train_train_06293_aligned.jpg
surprise,all_test\surprise\train_train_06294_aligned.jpg
surprise,all_test\surprise\train_train_06295_aligned.jpg
surprise,all_test\surprise\train_train_06297_aligned.jpg
surprise,all_test\surprise\train_train_06305_aligned.jpg
surprise,all_test\surprise\train_train_06318_aligned.jpg
surprise,all_test\surprise\train_train_06319_aligned.jpg
surprise,all_test\surprise\train_train_06320_aligned.jpg
surprise,all_test\surprise\train_train_06323_aligned.jpg
surprise,all_test\surprise\train_train_06325_aligned.jpg
surprise,all_test\surprise\train_train_06335_aligned.jpg
surprise,all_test\surprise\train_train_06344_aligned.jpg
surprise,all_test\surprise\train_train_06350_aligned.jpg
surprise,all_test\surprise\train_train_06353_aligned.jpg
surprise,all_test\surprise\train_train_06354_aligned.jpg
surprise,all_test\surprise\train_train_06385_aligned.jpg
surprise,all_test\surprise\train_train_06418_aligned.jpg
surprise,all_test\surprise\train_train_06420_aligned.jpg
surprise,all_test\surprise\train_train_06421_aligned.jpg
surprise,all_test\surprise\train_train_06422_aligned.jpg
surprise,all_test\surprise\train_train_06435_aligned.jpg
surprise,all_test\surprise\train_train_06448_aligned.jpg
surprise,all_test\surprise\train_train_06465_aligned.jpg
surprise,all_test\surprise\train_train_06466_aligned.jpg
surprise,all_test\surprise\train_train_06467_aligned.jpg
surprise,all_test\surprise\train_train_06469_aligned.jpg
surprise,all_test\surprise\train_train_06481_aligned.jpg
surprise,all_test\surprise\train_train_06484_aligned.jpg
surprise,all_test\surprise\train_train_06486_aligned.jpg
surprise,all_test\surprise\train_train_06488_aligned.jpg
surprise,all_test\surprise\train_train_06489_aligned.jpg
surprise,all_test\surprise\train_train_06493_aligned.jpg
surprise,all_test\surprise\train_train_06497_aligned.jpg
surprise,all_test\surprise\train_train_06503_aligned.jpg
surprise,all_test\surprise\train_train_06506_aligned.jpg
surprise,all_test\surprise\train_train_06510_aligned.jpg
surprise,all_test\surprise\train_train_06516_aligned.jpg
surprise,all_test\surprise\train_train_06535_aligned.jpg
surprise,all_test\surprise\train_train_06549_aligned.jpg
surprise,all_test\surprise\train_train_06555_aligned.jpg
surprise,all_test\surprise\train_train_06558_aligned.jpg
surprise,all_test\surprise\train_train_06559_aligned.jpg
surprise,all_test\surprise\train_train_06561_aligned.jpg
surprise,all_test\surprise\train_train_06566_aligned.jpg
surprise,all_test\surprise\train_train_06569_aligned.jpg
surprise,all_test\surprise\train_train_06570_aligned.jpg
surprise,all_test\surprise\train_train_06571_aligned.jpg
surprise,all_test\surprise\train_train_06583_aligned.jpg
surprise,all_test\surprise\train_train_06594_aligned.jpg
surprise,all_test\surprise\train_train_06595_aligned.jpg
surprise,all_test\surprise\train_train_06603_aligned.jpg
surprise,all_test\surprise\train_train_06605_aligned.jpg
surprise,all_test\surprise\train_train_06618_aligned.jpg
surprise,all_test\surprise\train_train_06639_aligned.jpg
surprise,all_test\surprise\train_train_06640_aligned.jpg
surprise,all_test\surprise\train_train_06643_aligned.jpg
surprise,all_test\surprise\train_train_06646_aligned.jpg
surprise,all_test\surprise\train_train_06647_aligned.jpg
surprise,all_test\surprise\train_train_06648_aligned.jpg
surprise,all_test\surprise\train_train_06663_aligned.jpg
surprise,all_test\surprise\train_train_06669_aligned.jpg
surprise,all_test\surprise\train_train_06686_aligned.jpg
surprise,all_test\surprise\train_train_06702_aligned.jpg
surprise,all_test\surprise\train_train_06708_aligned.jpg
surprise,all_test\surprise\train_train_06709_aligned.jpg
surprise,all_test\surprise\train_train_06713_aligned.jpg
surprise,all_test\surprise\train_train_06715_aligned.jpg
surprise,all_test\surprise\train_train_06720_aligned.jpg
surprise,all_test\surprise\train_train_06721_aligned.jpg
surprise,all_test\surprise\train_train_06729_aligned.jpg
surprise,all_test\surprise\train_train_06738_aligned.jpg
surprise,all_test\surprise\train_train_06739_aligned.jpg
surprise,all_test\surprise\train_train_06741_aligned.jpg
surprise,all_test\surprise\train_train_06742_aligned.jpg
surprise,all_test\surprise\train_train_06752_aligned.jpg
surprise,all_test\surprise\train_train_06757_aligned.jpg
surprise,all_test\surprise\train_train_06763_aligned.jpg
surprise,all_test\surprise\train_train_06769_aligned.jpg
surprise,all_test\surprise\train_train_06771_aligned.jpg
surprise,all_test\surprise\train_train_06772_aligned.jpg
surprise,all_test\surprise\train_train_06786_aligned.jpg
surprise,all_test\surprise\train_train_06808_aligned.jpg
surprise,all_test\surprise\train_train_06811_aligned.jpg
surprise,all_test\surprise\train_train_06831_aligned.jpg
surprise,all_test\surprise\train_train_06842_aligned.jpg
surprise,all_test\surprise\train_train_06844_aligned.jpg
surprise,all_test\surprise\train_train_06871_aligned.jpg
surprise,all_test\surprise\train_train_06878_aligned.jpg
surprise,all_test\surprise\train_train_06881_aligned.jpg
surprise,all_test\surprise\train_train_06882_aligned.jpg
surprise,all_test\surprise\train_train_06884_aligned.jpg
surprise,all_test\surprise\train_train_06887_aligned.jpg
surprise,all_test\surprise\train_train_06893_aligned.jpg
surprise,all_test\surprise\train_train_06901_aligned.jpg
surprise,all_test\surprise\train_train_06904_aligned.jpg
surprise,all_test\surprise\train_train_06912_aligned.jpg
surprise,all_test\surprise\train_train_06913_aligned.jpg
surprise,all_test\surprise\train_train_06918_aligned.jpg
surprise,all_test\surprise\train_train_06927_aligned.jpg
surprise,all_test\surprise\train_train_06929_aligned.jpg
surprise,all_test\surprise\train_train_06932_aligned.jpg
surprise,all_test\surprise\train_train_06935_aligned.jpg
surprise,all_test\surprise\train_train_06936_aligned.jpg
surprise,all_test\surprise\train_train_06940_aligned.jpg
surprise,all_test\surprise\train_train_06943_aligned.jpg
surprise,all_test\surprise\train_train_06945_aligned.jpg
surprise,all_test\surprise\train_train_06949_aligned.jpg
surprise,all_test\surprise\train_train_06950_aligned.jpg
surprise,all_test\surprise\train_train_06954_aligned.jpg
surprise,all_test\surprise\train_train_06964_aligned.jpg
surprise,all_test\surprise\train_train_06968_aligned.jpg
surprise,all_test\surprise\train_train_06969_aligned.jpg
surprise,all_test\surprise\train_train_06970_aligned.jpg
surprise,all_test\surprise\train_train_06971_aligned.jpg
surprise,all_test\surprise\train_train_06973_aligned.jpg
surprise,all_test\surprise\train_train_06982_aligned.jpg
surprise,all_test\surprise\train_train_06983_aligned.jpg
surprise,all_test\surprise\train_train_06986_aligned.jpg
surprise,all_test\surprise\train_train_06996_aligned.jpg
surprise,all_test\surprise\train_train_07001_aligned.jpg
surprise,all_test\surprise\train_train_07004_aligned.jpg
surprise,all_test\surprise\train_train_07005_aligned.jpg
surprise,all_test\surprise\train_train_07010_aligned.jpg
surprise,all_test\surprise\train_train_07013_aligned.jpg
surprise,all_test\surprise\train_train_07024_aligned.jpg
surprise,all_test\surprise\train_train_07027_aligned.jpg
surprise,all_test\surprise\train_train_07029_aligned.jpg
surprise,all_test\surprise\train_train_07031_aligned.jpg
surprise,all_test\surprise\train_train_07042_aligned.jpg
surprise,all_test\surprise\train_train_07043_aligned.jpg
surprise,all_test\surprise\train_train_07046_aligned.jpg
surprise,all_test\surprise\train_train_07047_aligned.jpg
surprise,all_test\surprise\train_train_07048_aligned.jpg
surprise,all_test\surprise\train_train_07049_aligned.jpg
surprise,all_test\surprise\train_train_07050_aligned.jpg
surprise,all_test\surprise\train_train_07055_aligned.jpg
surprise,all_test\surprise\train_train_07062_aligned.jpg
surprise,all_test\surprise\train_train_07067_aligned.jpg
surprise,all_test\surprise\train_train_07070_aligned.jpg
surprise,all_test\surprise\train_train_07072_aligned.jpg
surprise,all_test\surprise\train_train_07073_aligned.jpg
surprise,all_test\surprise\train_train_07080_aligned.jpg
surprise,all_test\surprise\train_train_07081_aligned.jpg
surprise,all_test\surprise\train_train_07085_aligned.jpg
surprise,all_test\surprise\train_train_07086_aligned.jpg
surprise,all_test\surprise\train_train_07109_aligned.jpg
surprise,all_test\surprise\train_train_07111_aligned.jpg
surprise,all_test\surprise\train_train_07112_aligned.jpg
surprise,all_test\surprise\train_train_07113_aligned.jpg
surprise,all_test\surprise\train_train_07115_aligned.jpg
surprise,all_test\surprise\train_train_07116_aligned.jpg
surprise,all_test\surprise\train_train_07119_aligned.jpg
surprise,all_test\surprise\train_train_07120_aligned.jpg
surprise,all_test\surprise\train_train_07121_aligned.jpg
surprise,all_test\surprise\train_train_07122_aligned.jpg
surprise,all_test\surprise\train_train_07123_aligned.jpg
surprise,all_test\surprise\train_train_07141_aligned.jpg
surprise,all_test\surprise\train_train_07143_aligned.jpg
surprise,all_test\surprise\train_train_07148_aligned.jpg
surprise,all_test\surprise\train_train_07158_aligned.jpg
surprise,all_test\surprise\train_train_07159_aligned.jpg
surprise,all_test\surprise\train_train_07160_aligned.jpg
surprise,all_test\surprise\train_train_07169_aligned.jpg
surprise,all_test\surprise\train_train_07177_aligned.jpg
surprise,all_test\surprise\train_train_07180_aligned.jpg
surprise,all_test\surprise\train_train_07185_aligned.jpg
surprise,all_test\surprise\train_train_07223_aligned.jpg
surprise,all_test\surprise\train_train_07230_aligned.jpg
surprise,all_test\surprise\train_train_07231_aligned.jpg
surprise,all_test\surprise\train_train_07244_aligned.jpg
surprise,all_test\surprise\train_train_07251_aligned.jpg
surprise,all_test\surprise\train_train_07260_aligned.jpg
surprise,all_test\surprise\train_train_07261_aligned.jpg
surprise,all_test\surprise\train_train_07262_aligned.jpg
surprise,all_test\surprise\train_train_07263_aligned.jpg
surprise,all_test\surprise\train_train_07272_aligned.jpg
surprise,all_test\surprise\train_train_07278_aligned.jpg
surprise,all_test\surprise\train_train_07279_aligned.jpg
surprise,all_test\surprise\train_train_07290_aligned.jpg
surprise,all_test\surprise\train_train_07313_aligned.jpg
surprise,all_test\surprise\train_train_07316_aligned.jpg
surprise,all_test\surprise\train_train_07319_aligned.jpg
surprise,all_test\surprise\train_train_07320_aligned.jpg
surprise,all_test\surprise\train_train_07331_aligned.jpg
surprise,all_test\surprise\train_train_07335_aligned.jpg
surprise,all_test\surprise\train_train_07336_aligned.jpg
surprise,all_test\surprise\train_train_07345_aligned.jpg
surprise,all_test\surprise\train_train_07346_aligned.jpg
surprise,all_test\surprise\train_train_07347_aligned.jpg
surprise,all_test\surprise\train_train_07348_aligned.jpg
surprise,all_test\surprise\train_train_07349_aligned.jpg
surprise,all_test\surprise\train_train_07358_aligned.jpg
surprise,all_test\surprise\train_train_07380_aligned.jpg
surprise,all_test\surprise\train_train_07388_aligned.jpg
surprise,all_test\surprise\train_train_07391_aligned.jpg
surprise,all_test\surprise\train_train_07395_aligned.jpg
surprise,all_test\surprise\train_train_07396_aligned.jpg
surprise,all_test\surprise\train_train_07405_aligned.jpg
surprise,all_test\surprise\train_train_07406_aligned.jpg
surprise,all_test\surprise\train_train_07408_aligned.jpg
surprise,all_test\surprise\train_train_07409_aligned.jpg
surprise,all_test\surprise\train_train_07413_aligned.jpg
surprise,all_test\surprise\train_train_07414_aligned.jpg
surprise,all_test\surprise\train_train_07415_aligned.jpg
surprise,all_test\surprise\train_train_07420_aligned.jpg
surprise,all_test\surprise\train_train_07425_aligned.jpg
surprise,all_test\surprise\train_train_07433_aligned.jpg
surprise,all_test\surprise\train_train_07434_aligned.jpg
surprise,all_test\surprise\train_train_07435_aligned.jpg
surprise,all_test\surprise\train_train_07436_aligned.jpg
surprise,all_test\surprise\train_train_07437_aligned.jpg
surprise,all_test\surprise\train_train_07440_aligned.jpg
surprise,all_test\surprise\train_train_07448_aligned.jpg
surprise,all_test\surprise\train_train_07449_aligned.jpg
surprise,all_test\surprise\train_train_07457_aligned.jpg
surprise,all_test\surprise\train_train_07458_aligned.jpg
surprise,all_test\surprise\train_train_07459_aligned.jpg
surprise,all_test\surprise\train_train_07460_aligned.jpg
surprise,all_test\surprise\train_train_07462_aligned.jpg
surprise,all_test\surprise\train_train_07463_aligned.jpg
surprise,all_test\surprise\train_train_07472_aligned.jpg
surprise,all_test\surprise\train_train_07476_aligned.jpg
surprise,all_test\surprise\train_train_07496_aligned.jpg
surprise,all_test\surprise\train_train_07499_aligned.jpg
surprise,all_test\surprise\train_train_07505_aligned.jpg
surprise,all_test\surprise\train_train_07509_aligned.jpg
surprise,all_test\surprise\train_train_07510_aligned.jpg
surprise,all_test\surprise\train_train_07522_aligned.jpg
surprise,all_test\surprise\train_train_07543_aligned.jpg
surprise,all_test\surprise\train_train_07545_aligned.jpg
surprise,all_test\surprise\train_train_07547_aligned.jpg
surprise,all_test\surprise\train_train_07551_aligned.jpg
surprise,all_test\surprise\train_train_07556_aligned.jpg
surprise,all_test\surprise\train_train_07569_aligned.jpg
surprise,all_test\surprise\train_train_07585_aligned.jpg
surprise,all_test\surprise\train_train_07588_aligned.jpg
surprise,all_test\surprise\train_train_07591_aligned.jpg
surprise,all_test\surprise\train_train_07594_aligned.jpg
surprise,all_test\surprise\train_train_07603_aligned.jpg
surprise,all_test\surprise\train_train_07604_aligned.jpg
surprise,all_test\surprise\train_train_07614_aligned.jpg
surprise,all_test\surprise\train_train_07616_aligned.jpg
surprise,all_test\surprise\train_train_07626_aligned.jpg
surprise,all_test\surprise\train_train_07649_aligned.jpg
surprise,all_test\surprise\train_train_07678_aligned.jpg
surprise,all_test\surprise\train_train_07679_aligned.jpg
surprise,all_test\surprise\train_train_07680_aligned.jpg
surprise,all_test\surprise\train_train_07690_aligned.jpg
surprise,all_test\surprise\train_train_07691_aligned.jpg
surprise,all_test\surprise\train_train_07692_aligned.jpg
surprise,all_test\surprise\train_train_07695_aligned.jpg
surprise,all_test\surprise\train_train_07697_aligned.jpg
surprise,all_test\surprise\train_train_07715_aligned.jpg
surprise,all_test\surprise\train_train_07718_aligned.jpg
surprise,all_test\surprise\train_train_07727_aligned.jpg
surprise,all_test\surprise\train_train_07729_aligned.jpg
surprise,all_test\surprise\train_train_07731_aligned.jpg
surprise,all_test\surprise\train_train_07733_aligned.jpg
surprise,all_test\surprise\train_train_07734_aligned.jpg
surprise,all_test\surprise\train_train_07759_aligned.jpg
surprise,all_test\surprise\train_train_07760_aligned.jpg
surprise,all_test\surprise\train_train_07778_aligned.jpg
surprise,all_test\surprise\train_train_07779_aligned.jpg
surprise,all_test\surprise\train_train_07791_aligned.jpg
surprise,all_test\surprise\train_train_07792_aligned.jpg
surprise,all_test\surprise\train_train_07803_aligned.jpg
surprise,all_test\surprise\train_train_07804_aligned.jpg
surprise,all_test\surprise\train_train_07819_aligned.jpg
surprise,all_test\surprise\train_train_07821_aligned.jpg
surprise,all_test\surprise\train_train_07822_aligned.jpg
surprise,all_test\surprise\train_train_07823_aligned.jpg
surprise,all_test\surprise\train_train_07824_aligned.jpg
surprise,all_test\surprise\train_train_07849_aligned.jpg
surprise,all_test\surprise\train_train_07872_aligned.jpg
surprise,all_test\surprise\train_train_07873_aligned.jpg
surprise,all_test\surprise\train_train_07875_aligned.jpg
surprise,all_test\surprise\train_train_07877_aligned.jpg
surprise,all_test\surprise\train_train_07883_aligned.jpg
surprise,all_test\surprise\train_train_07903_aligned.jpg
surprise,all_test\surprise\train_train_07908_aligned.jpg
surprise,all_test\surprise\train_train_07914_aligned.jpg
surprise,all_test\surprise\train_train_07928_aligned.jpg
surprise,all_test\surprise\train_train_07930_aligned.jpg
surprise,all_test\surprise\train_train_07939_aligned.jpg
surprise,all_test\surprise\train_train_07943_aligned.jpg
surprise,all_test\surprise\train_train_07944_aligned.jpg
surprise,all_test\surprise\train_train_07949_aligned.jpg
surprise,all_test\surprise\train_train_07954_aligned.jpg
surprise,all_test\surprise\train_train_07956_aligned.jpg
surprise,all_test\surprise\train_train_07961_aligned.jpg
surprise,all_test\surprise\train_train_07962_aligned.jpg
surprise,all_test\surprise\train_train_07963_aligned.jpg
surprise,all_test\surprise\train_train_07976_aligned.jpg
surprise,all_test\surprise\train_train_07981_aligned.jpg
surprise,all_test\surprise\train_train_07986_aligned.jpg
surprise,all_test\surprise\train_train_07990_aligned.jpg
surprise,all_test\surprise\train_train_07991_aligned.jpg
surprise,all_test\surprise\train_train_07999_aligned.jpg
surprise,all_test\surprise\train_train_08002_aligned.jpg
surprise,all_test\surprise\train_train_08004_aligned.jpg
surprise,all_test\surprise\train_train_08006_aligned.jpg
surprise,all_test\surprise\train_train_08016_aligned.jpg
surprise,all_test\surprise\train_train_08022_aligned.jpg
surprise,all_test\surprise\train_train_08023_aligned.jpg
surprise,all_test\surprise\train_train_08029_aligned.jpg
surprise,all_test\surprise\train_train_08030_aligned.jpg
surprise,all_test\surprise\train_train_08031_aligned.jpg
surprise,all_test\surprise\train_train_08032_aligned.jpg
surprise,all_test\surprise\train_train_08033_aligned.jpg
surprise,all_test\surprise\train_train_08034_aligned.jpg
surprise,all_test\surprise\train_train_08041_aligned.jpg
surprise,all_test\surprise\train_train_08044_aligned.jpg
surprise,all_test\surprise\train_train_08045_aligned.jpg
surprise,all_test\surprise\train_train_08046_aligned.jpg
surprise,all_test\surprise\train_train_08055_aligned.jpg
surprise,all_test\surprise\train_train_08056_aligned.jpg
surprise,all_test\surprise\train_train_08066_aligned.jpg
surprise,all_test\surprise\train_train_08067_aligned.jpg
surprise,all_test\surprise\train_train_08068_aligned.jpg
surprise,all_test\surprise\train_train_08074_aligned.jpg
surprise,all_test\surprise\train_train_08084_aligned.jpg
surprise,all_test\surprise\train_train_08096_aligned.jpg
surprise,all_test\surprise\train_train_08101_aligned.jpg
surprise,all_test\surprise\train_train_08107_aligned.jpg
surprise,all_test\surprise\train_train_08109_aligned.jpg
surprise,all_test\surprise\train_train_08111_aligned.jpg
surprise,all_test\surprise\train_train_08113_aligned.jpg
surprise,all_test\surprise\train_train_08128_aligned.jpg
surprise,all_test\surprise\train_train_08148_aligned.jpg
surprise,all_test\surprise\train_train_08163_aligned.jpg
surprise,all_test\surprise\train_train_08164_aligned.jpg
surprise,all_test\surprise\train_train_08177_aligned.jpg
surprise,all_test\surprise\train_train_08181_aligned.jpg
surprise,all_test\surprise\train_train_08185_aligned.jpg
surprise,all_test\surprise\train_train_08186_aligned.jpg
surprise,all_test\surprise\train_train_08192_aligned.jpg
surprise,all_test\surprise\train_train_08196_aligned.jpg
surprise,all_test\surprise\train_train_08198_aligned.jpg
surprise,all_test\surprise\train_train_08199_aligned.jpg
surprise,all_test\surprise\train_train_08200_aligned.jpg
surprise,all_test\surprise\train_train_08203_aligned.jpg
surprise,all_test\surprise\train_train_08215_aligned.jpg
surprise,all_test\surprise\train_train_08225_aligned.jpg
surprise,all_test\surprise\train_train_08226_aligned.jpg
surprise,all_test\surprise\train_train_08233_aligned.jpg
surprise,all_test\surprise\train_train_08240_aligned.jpg
surprise,all_test\surprise\train_train_08247_aligned.jpg
surprise,all_test\surprise\train_train_08248_aligned.jpg
surprise,all_test\surprise\train_train_08255_aligned.jpg
surprise,all_test\surprise\train_train_08257_aligned.jpg
surprise,all_test\surprise\train_train_08258_aligned.jpg
surprise,all_test\surprise\train_train_08264_aligned.jpg
surprise,all_test\surprise\train_train_08270_aligned.jpg
surprise,all_test\surprise\train_train_08313_aligned.jpg
surprise,all_test\surprise\train_train_08329_aligned.jpg
surprise,all_test\surprise\train_train_08335_aligned.jpg
surprise,all_test\surprise\train_train_08350_aligned.jpg
surprise,all_test\surprise\train_train_08360_aligned.jpg
surprise,all_test\surprise\train_train_08399_aligned.jpg
surprise,all_test\surprise\train_train_08402_aligned.jpg
surprise,all_test\surprise\train_train_08403_aligned.jpg
surprise,all_test\surprise\train_train_08413_aligned.jpg
surprise,all_test\surprise\train_train_08425_aligned.jpg
surprise,all_test\surprise\train_train_08426_aligned.jpg
surprise,all_test\surprise\train_train_08437_aligned.jpg
surprise,all_test\surprise\train_train_08438_aligned.jpg
surprise,all_test\surprise\train_train_08440_aligned.jpg
surprise,all_test\surprise\train_train_08447_aligned.jpg
surprise,all_test\surprise\train_train_08466_aligned.jpg
surprise,all_test\surprise\train_train_08467_aligned.jpg
surprise,all_test\surprise\train_train_08468_aligned.jpg
surprise,all_test\surprise\train_train_08470_aligned.jpg
surprise,all_test\surprise\train_train_08481_aligned.jpg
surprise,all_test\surprise\train_train_08486_aligned.jpg
surprise,all_test\surprise\train_train_08492_aligned.jpg
surprise,all_test\surprise\train_train_08493_aligned.jpg
surprise,all_test\surprise\train_train_08496_aligned.jpg
surprise,all_test\surprise\train_train_08497_aligned.jpg
surprise,all_test\surprise\train_train_08506_aligned.jpg
surprise,all_test\surprise\train_train_08513_aligned.jpg
surprise,all_test\surprise\train_train_08519_aligned.jpg
surprise,all_test\surprise\train_train_08522_aligned.jpg
surprise,all_test\surprise\train_train_08528_aligned.jpg
surprise,all_test\surprise\train_train_08529_aligned.jpg
surprise,all_test\surprise\train_train_08549_aligned.jpg
surprise,all_test\surprise\train_train_08566_aligned.jpg
surprise,all_test\surprise\train_train_08577_aligned.jpg
surprise,all_test\surprise\train_train_08629_aligned.jpg
surprise,all_test\surprise\train_train_08631_aligned.jpg
surprise,all_test\surprise\train_train_08663_aligned.jpg
surprise,all_test\surprise\train_train_08671_aligned.jpg
surprise,all_test\surprise\train_train_08693_aligned.jpg
surprise,all_test\surprise\train_train_08729_aligned.jpg
surprise,all_test\surprise\train_train_08735_aligned.jpg
surprise,all_test\surprise\train_train_08749_aligned.jpg
surprise,all_test\surprise\train_train_08756_aligned.jpg
surprise,all_test\surprise\train_train_08765_aligned.jpg
surprise,all_test\surprise\train_train_08782_aligned.jpg
surprise,all_test\surprise\train_train_08787_aligned.jpg
surprise,all_test\surprise\train_train_08794_aligned.jpg
surprise,all_test\surprise\train_train_08805_aligned.jpg
surprise,all_test\surprise\train_train_08809_aligned.jpg
surprise,all_test\surprise\train_train_08822_aligned.jpg
surprise,all_test\surprise\train_train_08838_aligned.jpg
surprise,all_test\surprise\train_train_08849_aligned.jpg
surprise,all_test\surprise\train_train_08878_aligned.jpg
surprise,all_test\surprise\train_train_08893_aligned.jpg
surprise,all_test\surprise\train_train_08903_aligned.jpg
surprise,all_test\surprise\train_train_08924_aligned.jpg
surprise,all_test\surprise\train_train_08928_aligned.jpg
surprise,all_test\surprise\train_train_08941_aligned.jpg
surprise,all_test\surprise\train_train_08949_aligned.jpg
surprise,all_test\surprise\train_train_08950_aligned.jpg
surprise,all_test\surprise\train_train_08951_aligned.jpg
surprise,all_test\surprise\train_train_08952_aligned.jpg
surprise,all_test\surprise\train_train_08957_aligned.jpg
surprise,all_test\surprise\train_train_08958_aligned.jpg
surprise,all_test\surprise\train_train_08960_aligned.jpg
surprise,all_test\surprise\train_train_08962_aligned.jpg
surprise,all_test\surprise\train_train_08963_aligned.jpg
surprise,all_test\surprise\train_train_08975_aligned.jpg
surprise,all_test\surprise\train_train_08989_aligned.jpg
surprise,all_test\surprise\train_train_09000_aligned.jpg
surprise,all_test\surprise\train_train_09004_aligned.jpg
surprise,all_test\surprise\train_train_09008_aligned.jpg
surprise,all_test\surprise\train_train_09010_aligned.jpg
surprise,all_test\surprise\train_train_09014_aligned.jpg
surprise,all_test\surprise\train_train_09027_aligned.jpg
surprise,all_test\surprise\train_train_09041_aligned.jpg
surprise,all_test\surprise\train_train_09060_aligned.jpg
surprise,all_test\surprise\train_train_09100_aligned.jpg
surprise,all_test\surprise\train_train_09101_aligned.jpg
surprise,all_test\surprise\train_train_09103_aligned.jpg
surprise,all_test\surprise\train_train_09109_aligned.jpg
surprise,all_test\surprise\train_train_09123_aligned.jpg
surprise,all_test\surprise\train_train_09133_aligned.jpg
surprise,all_test\surprise\train_train_09135_aligned.jpg
surprise,all_test\surprise\train_train_09145_aligned.jpg
surprise,all_test\surprise\train_train_09147_aligned.jpg
surprise,all_test\surprise\train_train_09151_aligned.jpg
surprise,all_test\surprise\train_train_09158_aligned.jpg
